Date,Bar Name,Brand Name,Consumed (ml)
2024-01-01,Executive Lounge,Chartreuse Herbal Liqueur,53.5
2024-01-02,Executive Lounge,Chartreuse Herbal Liqueur,30.1
2024-01-03,Executive Lounge,Chartreuse Herbal Liqueur,0.0
2024-01-04,Executive Lounge,Chartreuse Herbal Liqueur,0.0
2024-01-05,Executive Lounge,Chartreuse Herbal Liqueur,9.3
2024-01-06,Executive Lounge,Chartreuse Herbal Liqueur,35.6
2024-01-07,Executive Lounge,Chartreuse Herbal Liqueur,29.0
2024-01-08,Executive Lounge,Chartreuse Herbal Liqueur,39.2
2024-01-09,Executive Lounge,Chartreuse Herbal Liqueur,69.3
2024-01-10,Executive Lounge,Chartreuse Herbal Liqueur,0.0
2024-01-11,Executive Lounge,Chartreuse Herbal Liqueur,0.0
2024-01-12,Executive Lounge,Chartreuse Herbal Liqueur,5.1
2024-01-13,Executive Lounge,Chartreuse Herbal Liqueur,23.4
2024-01-14,Executive Lounge,Chartreuse Herbal Liqueur,0.0
2024-01-15,Executive Lounge,Chartreuse Herbal Liqueur,10.2
2024-01-16,Executive Lounge,Chartreuse Herbal Liqueur,0.0
2024-01-17,Executive Lounge,Chartreuse Herbal Liqueur,18.9
2024-01-18,Executive Lounge,Chartreuse Herbal Liqueur,0.0
2024-01-19,Executive Lounge,Chartreuse Herbal Liqueur,36.9
2024-01-20,Executive Lounge,Chartreuse Herbal Liqueur,10.3
2024-01-21,Executive Lounge,Chartreuse Herbal Liqueur,23.4
2024-01-22,Executive Lounge,Chartreuse Herbal Liqueur,0.0
2024-01-23,Executive Lounge,Chartreuse Herbal Liqueur,0.0
2024-01-24,Executive Lounge,Chartreuse Herbal Liqueur,0.0
2024-01-25,Executive Lounge,Chartreuse Herbal Liqueur,0.0
2024-01-26,Executive Lounge,Chartreuse Herbal Liqueur,21.4
2024-01-27,Executive Lounge,Chartreuse Herbal Liqueur,0.2
2024-01-28,Executive Lounge,Chartreuse Herbal Liqueur,4.6
2024-01-29,Executive Lounge,Chartreuse Herbal Liqueur,37.3
2024-01-30,Executive Lounge,Chartreuse Herbal Liqueur,0.0
2024-01-31,Executive Lounge,Chartreuse Herbal Liqueur,44.3
2024-02-01,Executive Lounge,Chartreuse Herbal Liqueur,0.0
2024-02-02,Executive Lounge,Chartreuse Herbal Liqueur,38.5
2024-02-03,Executive Lounge,Chartreuse Herbal Liqueur,0.0
2024-02-04,Executive Lounge,Chartreuse Herbal Liqueur,0.0
2024-02-05,Executive Lounge,Chartreuse Herbal Liqueur,0.0
2024-02-06,Executive Lounge,Chartreuse Herbal Liqueur,9.8
2024-02-07,Executive Lounge,Chartreuse Herbal Liqueur,42.0
2024-02-08,Executive Lounge,Chartreuse Herbal Liqueur,46.8
2024-02-09,Executive Lounge,Chartreuse Herbal Liqueur,37.6
2024-02-10,Executive Lounge,Chartreuse Herbal Liqueur,27.4
2024-02-11,Executive Lounge,Chartreuse Herbal Liqueur,39.2
2024-02-12,Executive Lounge,Chartreuse Herbal Liqueur,14.1
2024-02-13,Executive Lounge,Chartreuse Herbal Liqueur,0.0
2024-02-14,Executive Lounge,Chartreuse Herbal Liqueur,0.0
2024-02-15,Executive Lounge,Chartreuse Herbal Liqueur,0.0
2024-02-16,Executive Lounge,Chartreuse Herbal Liqueur,56.6
2024-02-17,Executive Lounge,Chartreuse Herbal Liqueur,51.1
2024-02-18,Executive Lounge,Chartreuse Herbal Liqueur,0.0
2024-02-19,Executive Lounge,Chartreuse Herbal Liqueur,0.0
2024-02-20,Executive Lounge,Chartreuse Herbal Liqueur,32.6
2024-02-21,Executive Lounge,Chartreuse Herbal Liqueur,0.0
2024-02-22,Executive Lounge,Chartreuse Herbal Liqueur,38.4
2024-02-23,Executive Lounge,Chartreuse Herbal Liqueur,14.6
2024-02-24,Executive Lounge,Chartreuse Herbal Liqueur,42.2
2024-02-25,Executive Lounge,Chartreuse Herbal Liqueur,0.0
2024-02-26,Executive Lounge,Chartreuse Herbal Liqueur,0.0
2024-02-27,Executive Lounge,Chartreuse Herbal Liqueur,38.9
2024-02-28,Executive Lounge,Chartreuse Herbal Liqueur,0.0
2024-02-29,Executive Lounge,Chartreuse Herbal Liqueur,0.0
2024-03-01,Executive Lounge,Chartreuse Herbal Liqueur,33.8
2024-03-02,Executive Lounge,Chartreuse Herbal Liqueur,34.2
2024-03-03,Executive Lounge,Chartreuse Herbal Liqueur,0.0
2024-03-04,Executive Lounge,Chartreuse Herbal Liqueur,0.0
2024-03-05,Executive Lounge,Chartreuse Herbal Liqueur,27.0
2024-03-06,Executive Lounge,Chartreuse Herbal Liqueur,20.3
2024-03-07,Executive Lounge,Chartreuse Herbal Liqueur,32.1
2024-03-08,Executive Lounge,Chartreuse Herbal Liqueur,27.0
2024-03-09,Executive Lounge,Chartreuse Herbal Liqueur,37.2
2024-03-10,Executive Lounge,Chartreuse Herbal Liqueur,32.5
2024-03-11,Executive Lounge,Chartreuse Herbal Liqueur,0.0
2024-03-12,Executive Lounge,Chartreuse Herbal Liqueur,0.0
2024-03-13,Executive Lounge,Chartreuse Herbal Liqueur,19.7
2024-03-14,Executive Lounge,Chartreuse Herbal Liqueur,0.0
2024-03-15,Executive Lounge,Chartreuse Herbal Liqueur,20.8
2024-03-16,Executive Lounge,Chartreuse Herbal Liqueur,58.1
2024-03-17,Executive Lounge,Chartreuse Herbal Liqueur,8.4
2024-03-18,Executive Lounge,Chartreuse Herbal Liqueur,24.0
2024-03-19,Executive Lounge,Chartreuse Herbal Liqueur,36.6
2024-03-20,Executive Lounge,Chartreuse Herbal Liqueur,60.5
2024-03-21,Executive Lounge,Chartreuse Herbal Liqueur,0.0
2024-03-22,Executive Lounge,Chartreuse Herbal Liqueur,40.2
2024-03-23,Executive Lounge,Chartreuse Herbal Liqueur,35.3
2024-03-24,Executive Lounge,Chartreuse Herbal Liqueur,42.7
2024-03-25,Executive Lounge,Chartreuse Herbal Liqueur,0.0
2024-03-26,Executive Lounge,Chartreuse Herbal Liqueur,30.9
2024-03-27,Executive Lounge,Chartreuse Herbal Liqueur,35.9
2024-03-28,Executive Lounge,Chartreuse Herbal Liqueur,0.0
2024-03-29,Executive Lounge,Chartreuse Herbal Liqueur,28.6
2024-03-30,Executive Lounge,Chartreuse Herbal Liqueur,76.5
2024-03-31,Executive Lounge,Chartreuse Herbal Liqueur,62.6
2024-04-01,Executive Lounge,Chartreuse Herbal Liqueur,0.0
2024-04-02,Executive Lounge,Chartreuse Herbal Liqueur,17.5
2024-04-03,Executive Lounge,Chartreuse Herbal Liqueur,0.0
2024-04-04,Executive Lounge,Chartreuse Herbal Liqueur,38.8
2024-04-05,Executive Lounge,Chartreuse Herbal Liqueur,57.9
2024-04-06,Executive Lounge,Chartreuse Herbal Liqueur,23.4
2024-04-07,Executive Lounge,Chartreuse Herbal Liqueur,62.6
2024-04-08,Executive Lounge,Chartreuse Herbal Liqueur,45.2
2024-04-09,Executive Lounge,Chartreuse Herbal Liqueur,52.3
2024-04-10,Executive Lounge,Chartreuse Herbal Liqueur,37.1
2024-04-11,Executive Lounge,Chartreuse Herbal Liqueur,0.0
2024-04-12,Executive Lounge,Chartreuse Herbal Liqueur,0.0
2024-04-13,Executive Lounge,Chartreuse Herbal Liqueur,61.1
2024-04-14,Executive Lounge,Chartreuse Herbal Liqueur,0.0
2024-04-15,Executive Lounge,Chartreuse Herbal Liqueur,41.3
2024-04-16,Executive Lounge,Chartreuse Herbal Liqueur,17.9
2024-04-17,Executive Lounge,Chartreuse Herbal Liqueur,48.6
2024-04-18,Executive Lounge,Chartreuse Herbal Liqueur,0.0
2024-04-19,Executive Lounge,Chartreuse Herbal Liqueur,64.4
2024-04-20,Executive Lounge,Chartreuse Herbal Liqueur,41.6
2024-04-21,Executive Lounge,Chartreuse Herbal Liqueur,63.9
2024-04-22,Executive Lounge,Chartreuse Herbal Liqueur,13.7
2024-04-23,Executive Lounge,Chartreuse Herbal Liqueur,10.4
2024-04-24,Executive Lounge,Chartreuse Herbal Liqueur,0.0
2024-04-25,Executive Lounge,Chartreuse Herbal Liqueur,13.2
2024-04-26,Executive Lounge,Chartreuse Herbal Liqueur,34.4
2024-04-27,Executive Lounge,Chartreuse Herbal Liqueur,44.3
2024-04-28,Executive Lounge,Chartreuse Herbal Liqueur,32.3
2024-04-29,Executive Lounge,Chartreuse Herbal Liqueur,0.0
2024-04-30,Executive Lounge,Chartreuse Herbal Liqueur,0.0
2024-05-01,Executive Lounge,Chartreuse Herbal Liqueur,0.0
2024-05-02,Executive Lounge,Chartreuse Herbal Liqueur,0.0
2024-05-03,Executive Lounge,Chartreuse Herbal Liqueur,41.9
2024-05-04,Executive Lounge,Chartreuse Herbal Liqueur,4.6
2024-05-05,Executive Lounge,Chartreuse Herbal Liqueur,25.7
2024-05-06,Executive Lounge,Chartreuse Herbal Liqueur,0.0
2024-05-07,Executive Lounge,Chartreuse Herbal Liqueur,28.5
2024-05-08,Executive Lounge,Chartreuse Herbal Liqueur,32.4
2024-05-09,Executive Lounge,Chartreuse Herbal Liqueur,42.8
2024-05-10,Executive Lounge,Chartreuse Herbal Liqueur,15.1
2024-05-11,Executive Lounge,Chartreuse Herbal Liqueur,14.1
2024-05-12,Executive Lounge,Chartreuse Herbal Liqueur,0.0
2024-05-13,Executive Lounge,Chartreuse Herbal Liqueur,66.6
2024-05-14,Executive Lounge,Chartreuse Herbal Liqueur,46.6
2024-05-15,Executive Lounge,Chartreuse Herbal Liqueur,45.0
2024-05-16,Executive Lounge,Chartreuse Herbal Liqueur,15.0
2024-05-17,Executive Lounge,Chartreuse Herbal Liqueur,63.7
2024-05-18,Executive Lounge,Chartreuse Herbal Liqueur,37.1
2024-05-19,Executive Lounge,Chartreuse Herbal Liqueur,0.0
2024-05-20,Executive Lounge,Chartreuse Herbal Liqueur,54.4
2024-05-21,Executive Lounge,Chartreuse Herbal Liqueur,4.6
2024-05-22,Executive Lounge,Chartreuse Herbal Liqueur,0.0
2024-05-23,Executive Lounge,Chartreuse Herbal Liqueur,83.8
2024-05-24,Executive Lounge,Chartreuse Herbal Liqueur,19.4
2024-05-25,Executive Lounge,Chartreuse Herbal Liqueur,55.4
2024-05-26,Executive Lounge,Chartreuse Herbal Liqueur,0.0
2024-05-27,Executive Lounge,Chartreuse Herbal Liqueur,55.2
2024-05-28,Executive Lounge,Chartreuse Herbal Liqueur,0.0
2024-05-29,Executive Lounge,Chartreuse Herbal Liqueur,0.0
2024-05-30,Executive Lounge,Chartreuse Herbal Liqueur,46.5
2024-05-31,Executive Lounge,Chartreuse Herbal Liqueur,63.7
2024-06-01,Executive Lounge,Chartreuse Herbal Liqueur,44.9
2024-06-02,Executive Lounge,Chartreuse Herbal Liqueur,22.3
2024-06-03,Executive Lounge,Chartreuse Herbal Liqueur,0.0
2024-06-04,Executive Lounge,Chartreuse Herbal Liqueur,0.0
2024-06-05,Executive Lounge,Chartreuse Herbal Liqueur,0.0
2024-06-06,Executive Lounge,Chartreuse Herbal Liqueur,0.0
2024-06-07,Executive Lounge,Chartreuse Herbal Liqueur,19.7
2024-06-08,Executive Lounge,Chartreuse Herbal Liqueur,19.9
2024-06-09,Executive Lounge,Chartreuse Herbal Liqueur,42.7
2024-06-10,Executive Lounge,Chartreuse Herbal Liqueur,0.0
2024-06-11,Executive Lounge,Chartreuse Herbal Liqueur,68.6
2024-06-12,Executive Lounge,Chartreuse Herbal Liqueur,37.7
2024-06-13,Executive Lounge,Chartreuse Herbal Liqueur,14.3
2024-06-14,Executive Lounge,Chartreuse Herbal Liqueur,0.0
2024-06-15,Executive Lounge,Chartreuse Herbal Liqueur,29.4
2024-06-16,Executive Lounge,Chartreuse Herbal Liqueur,6.7
2024-06-17,Executive Lounge,Chartreuse Herbal Liqueur,52.4
2024-06-18,Executive Lounge,Chartreuse Herbal Liqueur,31.5
2024-06-19,Executive Lounge,Chartreuse Herbal Liqueur,45.5
2024-06-20,Executive Lounge,Chartreuse Herbal Liqueur,37.6
2024-06-21,Executive Lounge,Chartreuse Herbal Liqueur,69.0
2024-06-22,Executive Lounge,Chartreuse Herbal Liqueur,56.7
2024-06-23,Executive Lounge,Chartreuse Herbal Liqueur,48.9
2024-06-24,Executive Lounge,Chartreuse Herbal Liqueur,57.6
2024-06-25,Executive Lounge,Chartreuse Herbal Liqueur,37.5
2024-06-26,Executive Lounge,Chartreuse Herbal Liqueur,0.0
2024-06-27,Executive Lounge,Chartreuse Herbal Liqueur,21.5
2024-06-28,Executive Lounge,Chartreuse Herbal Liqueur,69.9
2024-01-01,Executive Lounge,Grey Goose Vodka,466.7
2024-01-02,Executive Lounge,Grey Goose Vodka,762.3
2024-01-03,Executive Lounge,Grey Goose Vodka,880.8
2024-01-04,Executive Lounge,Grey Goose Vodka,711.3
2024-01-05,Executive Lounge,Grey Goose Vodka,1182.4
2024-01-06,Executive Lounge,Grey Goose Vodka,1259.6
2024-01-07,Executive Lounge,Grey Goose Vodka,715.4
2024-01-08,Executive Lounge,Grey Goose Vodka,360.4
2024-01-09,Executive Lounge,Grey Goose Vodka,478.7
2024-01-10,Executive Lounge,Grey Goose Vodka,650.8
2024-01-11,Executive Lounge,Grey Goose Vodka,665.6
2024-01-12,Executive Lounge,Grey Goose Vodka,1337.2
2024-01-13,Executive Lounge,Grey Goose Vodka,1479.7
2024-01-14,Executive Lounge,Grey Goose Vodka,580.7
2024-01-15,Executive Lounge,Grey Goose Vodka,434.2
2024-01-16,Executive Lounge,Grey Goose Vodka,598.3
2024-01-17,Executive Lounge,Grey Goose Vodka,228.9
2024-01-18,Executive Lounge,Grey Goose Vodka,960.6
2024-01-19,Executive Lounge,Grey Goose Vodka,1558.5
2024-01-20,Executive Lounge,Grey Goose Vodka,1190.3
2024-01-21,Executive Lounge,Grey Goose Vodka,741.4
2024-01-22,Executive Lounge,Grey Goose Vodka,295.1
2024-01-23,Executive Lounge,Grey Goose Vodka,520.3
2024-01-24,Executive Lounge,Grey Goose Vodka,432.5
2024-01-25,Executive Lounge,Grey Goose Vodka,652.1
2024-01-26,Executive Lounge,Grey Goose Vodka,1273.1
2024-01-27,Executive Lounge,Grey Goose Vodka,1340.7
2024-01-28,Executive Lounge,Grey Goose Vodka,797.6
2024-01-29,Executive Lounge,Grey Goose Vodka,592.7
2024-01-30,Executive Lounge,Grey Goose Vodka,429.6
2024-01-31,Executive Lounge,Grey Goose Vodka,470.2
2024-02-01,Executive Lounge,Grey Goose Vodka,0.0
2024-02-02,Executive Lounge,Grey Goose Vodka,1305.8
2024-02-03,Executive Lounge,Grey Goose Vodka,1124.2
2024-02-04,Executive Lounge,Grey Goose Vodka,403.7
2024-02-05,Executive Lounge,Grey Goose Vodka,549.7
2024-02-06,Executive Lounge,Grey Goose Vodka,780.1
2024-02-07,Executive Lounge,Grey Goose Vodka,462.4
2024-02-08,Executive Lounge,Grey Goose Vodka,645.1
2024-02-09,Executive Lounge,Grey Goose Vodka,1281.4
2024-02-10,Executive Lounge,Grey Goose Vodka,1133.4
2024-02-11,Executive Lounge,Grey Goose Vodka,640.8
2024-02-12,Executive Lounge,Grey Goose Vodka,490.8
2024-02-13,Executive Lounge,Grey Goose Vodka,532.8
2024-02-14,Executive Lounge,Grey Goose Vodka,457.6
2024-02-15,Executive Lounge,Grey Goose Vodka,834.4
2024-02-16,Executive Lounge,Grey Goose Vodka,1316.3
2024-02-17,Executive Lounge,Grey Goose Vodka,1443.8
2024-02-18,Executive Lounge,Grey Goose Vodka,525.3
2024-02-19,Executive Lounge,Grey Goose Vodka,769.4
2024-02-20,Executive Lounge,Grey Goose Vodka,613.4
2024-02-21,Executive Lounge,Grey Goose Vodka,656.5
2024-02-22,Executive Lounge,Grey Goose Vodka,487.6
2024-02-23,Executive Lounge,Grey Goose Vodka,1149.9
2024-02-24,Executive Lounge,Grey Goose Vodka,1163.3
2024-02-25,Executive Lounge,Grey Goose Vodka,650.1
2024-02-26,Executive Lounge,Grey Goose Vodka,434.3
2024-02-27,Executive Lounge,Grey Goose Vodka,791.0
2024-02-28,Executive Lounge,Grey Goose Vodka,651.7
2024-02-29,Executive Lounge,Grey Goose Vodka,436.6
2024-03-01,Executive Lounge,Grey Goose Vodka,1140.7
2024-03-02,Executive Lounge,Grey Goose Vodka,1055.0
2024-03-03,Executive Lounge,Grey Goose Vodka,696.0
2024-03-04,Executive Lounge,Grey Goose Vodka,871.7
2024-03-05,Executive Lounge,Grey Goose Vodka,317.7
2024-03-06,Executive Lounge,Grey Goose Vodka,183.5
2024-03-07,Executive Lounge,Grey Goose Vodka,471.5
2024-03-08,Executive Lounge,Grey Goose Vodka,1389.3
2024-03-09,Executive Lounge,Grey Goose Vodka,1338.6
2024-03-10,Executive Lounge,Grey Goose Vodka,284.5
2024-03-11,Executive Lounge,Grey Goose Vodka,617.3
2024-03-12,Executive Lounge,Grey Goose Vodka,903.1
2024-03-13,Executive Lounge,Grey Goose Vodka,174.1
2024-03-14,Executive Lounge,Grey Goose Vodka,403.1
2024-03-15,Executive Lounge,Grey Goose Vodka,1378.4
2024-03-16,Executive Lounge,Grey Goose Vodka,1124.5
2024-03-17,Executive Lounge,Grey Goose Vodka,416.6
2024-03-18,Executive Lounge,Grey Goose Vodka,467.8
2024-03-19,Executive Lounge,Grey Goose Vodka,990.8
2024-03-20,Executive Lounge,Grey Goose Vodka,604.9
2024-03-21,Executive Lounge,Grey Goose Vodka,468.1
2024-03-22,Executive Lounge,Grey Goose Vodka,1189.1
2024-03-23,Executive Lounge,Grey Goose Vodka,1371.0
2024-03-24,Executive Lounge,Grey Goose Vodka,711.2
2024-03-25,Executive Lounge,Grey Goose Vodka,420.4
2024-03-26,Executive Lounge,Grey Goose Vodka,354.2
2024-03-27,Executive Lounge,Grey Goose Vodka,461.0
2024-03-28,Executive Lounge,Grey Goose Vodka,769.6
2024-03-29,Executive Lounge,Grey Goose Vodka,1505.1
2024-03-30,Executive Lounge,Grey Goose Vodka,1328.3
2024-03-31,Executive Lounge,Grey Goose Vodka,582.2
2024-04-01,Executive Lounge,Grey Goose Vodka,709.3
2024-04-02,Executive Lounge,Grey Goose Vodka,740.9
2024-04-03,Executive Lounge,Grey Goose Vodka,370.3
2024-04-04,Executive Lounge,Grey Goose Vodka,642.2
2024-04-05,Executive Lounge,Grey Goose Vodka,1458.4
2024-04-06,Executive Lounge,Grey Goose Vodka,1270.2
2024-04-07,Executive Lounge,Grey Goose Vodka,794.4
2024-04-08,Executive Lounge,Grey Goose Vodka,732.2
2024-04-09,Executive Lounge,Grey Goose Vodka,838.4
2024-04-10,Executive Lounge,Grey Goose Vodka,375.7
2024-04-11,Executive Lounge,Grey Goose Vodka,667.2
2024-04-12,Executive Lounge,Grey Goose Vodka,1260.6
2024-04-13,Executive Lounge,Grey Goose Vodka,1240.0
2024-04-14,Executive Lounge,Grey Goose Vodka,639.4
2024-04-15,Executive Lounge,Grey Goose Vodka,361.3
2024-04-16,Executive Lounge,Grey Goose Vodka,973.9
2024-04-17,Executive Lounge,Grey Goose Vodka,637.9
2024-04-18,Executive Lounge,Grey Goose Vodka,352.1
2024-04-19,Executive Lounge,Grey Goose Vodka,1028.2
2024-04-20,Executive Lounge,Grey Goose Vodka,1493.3
2024-04-21,Executive Lounge,Grey Goose Vodka,489.1
2024-04-22,Executive Lounge,Grey Goose Vodka,537.0
2024-04-23,Executive Lounge,Grey Goose Vodka,764.8
2024-04-24,Executive Lounge,Grey Goose Vodka,536.8
2024-04-25,Executive Lounge,Grey Goose Vodka,569.3
2024-04-26,Executive Lounge,Grey Goose Vodka,1338.0
2024-04-27,Executive Lounge,Grey Goose Vodka,1285.1
2024-04-28,Executive Lounge,Grey Goose Vodka,730.3
2024-04-29,Executive Lounge,Grey Goose Vodka,563.3
2024-04-30,Executive Lounge,Grey Goose Vodka,661.6
2024-05-01,Executive Lounge,Grey Goose Vodka,586.6
2024-05-02,Executive Lounge,Grey Goose Vodka,705.5
2024-05-03,Executive Lounge,Grey Goose Vodka,1236.7
2024-05-04,Executive Lounge,Grey Goose Vodka,1868.4
2024-05-05,Executive Lounge,Grey Goose Vodka,122.8
2024-05-06,Executive Lounge,Grey Goose Vodka,155.0
2024-05-07,Executive Lounge,Grey Goose Vodka,781.5
2024-05-08,Executive Lounge,Grey Goose Vodka,646.9
2024-05-09,Executive Lounge,Grey Goose Vodka,485.3
2024-05-10,Executive Lounge,Grey Goose Vodka,1354.1
2024-05-11,Executive Lounge,Grey Goose Vodka,1530.9
2024-05-12,Executive Lounge,Grey Goose Vodka,802.1
2024-05-13,Executive Lounge,Grey Goose Vodka,361.7
2024-05-14,Executive Lounge,Grey Goose Vodka,1026.6
2024-05-15,Executive Lounge,Grey Goose Vodka,84.3
2024-05-16,Executive Lounge,Grey Goose Vodka,880.8
2024-05-17,Executive Lounge,Grey Goose Vodka,1010.9
2024-05-18,Executive Lounge,Grey Goose Vodka,1358.3
2024-05-19,Executive Lounge,Grey Goose Vodka,424.4
2024-05-20,Executive Lounge,Grey Goose Vodka,330.1
2024-05-21,Executive Lounge,Grey Goose Vodka,439.5
2024-05-22,Executive Lounge,Grey Goose Vodka,747.5
2024-05-23,Executive Lounge,Grey Goose Vodka,269.0
2024-05-24,Executive Lounge,Grey Goose Vodka,1413.4
2024-05-25,Executive Lounge,Grey Goose Vodka,1375.1
2024-05-26,Executive Lounge,Grey Goose Vodka,709.2
2024-05-27,Executive Lounge,Grey Goose Vodka,695.4
2024-05-28,Executive Lounge,Grey Goose Vodka,290.9
2024-05-29,Executive Lounge,Grey Goose Vodka,385.3
2024-05-30,Executive Lounge,Grey Goose Vodka,670.5
2024-05-31,Executive Lounge,Grey Goose Vodka,1330.5
2024-06-01,Executive Lounge,Grey Goose Vodka,1289.8
2024-06-02,Executive Lounge,Grey Goose Vodka,550.6
2024-06-03,Executive Lounge,Grey Goose Vodka,309.2
2024-06-04,Executive Lounge,Grey Goose Vodka,428.6
2024-06-05,Executive Lounge,Grey Goose Vodka,454.0
2024-06-06,Executive Lounge,Grey Goose Vodka,482.8
2024-06-07,Executive Lounge,Grey Goose Vodka,1238.4
2024-06-08,Executive Lounge,Grey Goose Vodka,1870.5
2024-06-09,Executive Lounge,Grey Goose Vodka,870.2
2024-06-10,Executive Lounge,Grey Goose Vodka,756.5
2024-06-11,Executive Lounge,Grey Goose Vodka,658.5
2024-06-12,Executive Lounge,Grey Goose Vodka,685.6
2024-06-13,Executive Lounge,Grey Goose Vodka,769.6
2024-06-14,Executive Lounge,Grey Goose Vodka,1436.2
2024-06-15,Executive Lounge,Grey Goose Vodka,1373.5
2024-06-16,Executive Lounge,Grey Goose Vodka,775.6
2024-06-17,Executive Lounge,Grey Goose Vodka,696.0
2024-06-18,Executive Lounge,Grey Goose Vodka,550.9
2024-06-19,Executive Lounge,Grey Goose Vodka,492.2
2024-06-20,Executive Lounge,Grey Goose Vodka,598.0
2024-06-21,Executive Lounge,Grey Goose Vodka,1129.2
2024-06-22,Executive Lounge,Grey Goose Vodka,1083.8
2024-06-23,Executive Lounge,Grey Goose Vodka,703.2
2024-06-24,Executive Lounge,Grey Goose Vodka,491.2
2024-06-25,Executive Lounge,Grey Goose Vodka,969.7
2024-06-26,Executive Lounge,Grey Goose Vodka,610.5
2024-06-27,Executive Lounge,Grey Goose Vodka,769.5
2024-06-28,Executive Lounge,Grey Goose Vodka,937.5
2024-01-01,Executive Lounge,Hendrick's Gin,440.3
2024-01-02,Executive Lounge,Hendrick's Gin,514.5
2024-01-03,Executive Lounge,Hendrick's Gin,505.6
2024-01-04,Executive Lounge,Hendrick's Gin,502.5
2024-01-05,Executive Lounge,Hendrick's Gin,1053.8
2024-01-06,Executive Lounge,Hendrick's Gin,718.0
2024-01-07,Executive Lounge,Hendrick's Gin,304.0
2024-01-08,Executive Lounge,Hendrick's Gin,355.1
2024-01-09,Executive Lounge,Hendrick's Gin,237.4
2024-01-10,Executive Lounge,Hendrick's Gin,424.9
2024-01-11,Executive Lounge,Hendrick's Gin,457.5
2024-01-12,Executive Lounge,Hendrick's Gin,838.8
2024-01-13,Executive Lounge,Hendrick's Gin,928.2
2024-01-14,Executive Lounge,Hendrick's Gin,287.9
2024-01-15,Executive Lounge,Hendrick's Gin,391.2
2024-01-16,Executive Lounge,Hendrick's Gin,266.3
2024-01-17,Executive Lounge,Hendrick's Gin,371.7
2024-01-18,Executive Lounge,Hendrick's Gin,452.4
2024-01-19,Executive Lounge,Hendrick's Gin,460.8
2024-01-20,Executive Lounge,Hendrick's Gin,976.4
2024-01-21,Executive Lounge,Hendrick's Gin,315.7
2024-01-22,Executive Lounge,Hendrick's Gin,510.4
2024-01-23,Executive Lounge,Hendrick's Gin,615.9
2024-01-24,Executive Lounge,Hendrick's Gin,266.6
2024-01-25,Executive Lounge,Hendrick's Gin,384.9
2024-01-26,Executive Lounge,Hendrick's Gin,770.8
2024-01-27,Executive Lounge,Hendrick's Gin,813.8
2024-01-28,Executive Lounge,Hendrick's Gin,388.7
2024-01-29,Executive Lounge,Hendrick's Gin,601.1
2024-01-30,Executive Lounge,Hendrick's Gin,183.3
2024-01-31,Executive Lounge,Hendrick's Gin,133.8
2024-02-01,Executive Lounge,Hendrick's Gin,527.9
2024-02-02,Executive Lounge,Hendrick's Gin,813.2
2024-02-03,Executive Lounge,Hendrick's Gin,1037.0
2024-02-04,Executive Lounge,Hendrick's Gin,402.3
2024-02-05,Executive Lounge,Hendrick's Gin,450.2
2024-02-06,Executive Lounge,Hendrick's Gin,506.1
2024-02-07,Executive Lounge,Hendrick's Gin,292.6
2024-02-08,Executive Lounge,Hendrick's Gin,560.3
2024-02-09,Executive Lounge,Hendrick's Gin,787.3
2024-02-10,Executive Lounge,Hendrick's Gin,728.5
2024-02-11,Executive Lounge,Hendrick's Gin,360.6
2024-02-12,Executive Lounge,Hendrick's Gin,440.8
2024-02-13,Executive Lounge,Hendrick's Gin,426.9
2024-02-14,Executive Lounge,Hendrick's Gin,226.6
2024-02-15,Executive Lounge,Hendrick's Gin,263.6
2024-02-16,Executive Lounge,Hendrick's Gin,799.2
2024-02-17,Executive Lounge,Hendrick's Gin,750.7
2024-02-18,Executive Lounge,Hendrick's Gin,296.4
2024-02-19,Executive Lounge,Hendrick's Gin,537.5
2024-02-20,Executive Lounge,Hendrick's Gin,388.2
2024-02-21,Executive Lounge,Hendrick's Gin,281.8
2024-02-22,Executive Lounge,Hendrick's Gin,581.3
2024-02-23,Executive Lounge,Hendrick's Gin,945.2
2024-02-24,Executive Lounge,Hendrick's Gin,675.1
2024-02-25,Executive Lounge,Hendrick's Gin,514.8
2024-02-26,Executive Lounge,Hendrick's Gin,542.9
2024-02-27,Executive Lounge,Hendrick's Gin,522.7
2024-02-28,Executive Lounge,Hendrick's Gin,98.7
2024-02-29,Executive Lounge,Hendrick's Gin,264.0
2024-03-01,Executive Lounge,Hendrick's Gin,871.5
2024-03-02,Executive Lounge,Hendrick's Gin,758.7
2024-03-03,Executive Lounge,Hendrick's Gin,407.2
2024-03-04,Executive Lounge,Hendrick's Gin,355.4
2024-03-05,Executive Lounge,Hendrick's Gin,209.4
2024-03-06,Executive Lounge,Hendrick's Gin,437.4
2024-03-07,Executive Lounge,Hendrick's Gin,322.1
2024-03-08,Executive Lounge,Hendrick's Gin,798.6
2024-03-09,Executive Lounge,Hendrick's Gin,850.0
2024-03-10,Executive Lounge,Hendrick's Gin,531.9
2024-03-11,Executive Lounge,Hendrick's Gin,425.9
2024-03-12,Executive Lounge,Hendrick's Gin,186.2
2024-03-13,Executive Lounge,Hendrick's Gin,529.6
2024-03-14,Executive Lounge,Hendrick's Gin,369.7
2024-03-15,Executive Lounge,Hendrick's Gin,1162.5
2024-03-16,Executive Lounge,Hendrick's Gin,889.5
2024-03-17,Executive Lounge,Hendrick's Gin,346.5
2024-03-18,Executive Lounge,Hendrick's Gin,453.0
2024-03-19,Executive Lounge,Hendrick's Gin,329.6
2024-03-20,Executive Lounge,Hendrick's Gin,531.8
2024-03-21,Executive Lounge,Hendrick's Gin,370.2
2024-03-22,Executive Lounge,Hendrick's Gin,821.6
2024-03-23,Executive Lounge,Hendrick's Gin,718.6
2024-03-24,Executive Lounge,Hendrick's Gin,350.1
2024-03-25,Executive Lounge,Hendrick's Gin,513.4
2024-03-26,Executive Lounge,Hendrick's Gin,565.0
2024-03-27,Executive Lounge,Hendrick's Gin,553.7
2024-03-28,Executive Lounge,Hendrick's Gin,612.4
2024-03-29,Executive Lounge,Hendrick's Gin,752.7
2024-03-30,Executive Lounge,Hendrick's Gin,882.9
2024-03-31,Executive Lounge,Hendrick's Gin,319.1
2024-04-01,Executive Lounge,Hendrick's Gin,259.6
2024-04-02,Executive Lounge,Hendrick's Gin,500.4
2024-04-03,Executive Lounge,Hendrick's Gin,291.3
2024-04-04,Executive Lounge,Hendrick's Gin,549.8
2024-04-05,Executive Lounge,Hendrick's Gin,802.8
2024-04-06,Executive Lounge,Hendrick's Gin,961.5
2024-04-07,Executive Lounge,Hendrick's Gin,372.1
2024-04-08,Executive Lounge,Hendrick's Gin,349.4
2024-04-09,Executive Lounge,Hendrick's Gin,409.7
2024-04-10,Executive Lounge,Hendrick's Gin,593.0
2024-04-11,Executive Lounge,Hendrick's Gin,435.3
2024-04-12,Executive Lounge,Hendrick's Gin,666.5
2024-04-13,Executive Lounge,Hendrick's Gin,1106.5
2024-04-14,Executive Lounge,Hendrick's Gin,483.6
2024-04-15,Executive Lounge,Hendrick's Gin,271.9
2024-04-16,Executive Lounge,Hendrick's Gin,415.6
2024-04-17,Executive Lounge,Hendrick's Gin,329.1
2024-04-18,Executive Lounge,Hendrick's Gin,474.6
2024-04-19,Executive Lounge,Hendrick's Gin,968.7
2024-04-20,Executive Lounge,Hendrick's Gin,781.1
2024-04-21,Executive Lounge,Hendrick's Gin,281.2
2024-04-22,Executive Lounge,Hendrick's Gin,389.1
2024-04-23,Executive Lounge,Hendrick's Gin,402.0
2024-04-24,Executive Lounge,Hendrick's Gin,422.6
2024-04-25,Executive Lounge,Hendrick's Gin,500.8
2024-04-26,Executive Lounge,Hendrick's Gin,759.4
2024-04-27,Executive Lounge,Hendrick's Gin,889.4
2024-04-28,Executive Lounge,Hendrick's Gin,411.7
2024-04-29,Executive Lounge,Hendrick's Gin,671.6
2024-04-30,Executive Lounge,Hendrick's Gin,398.2
2024-05-01,Executive Lounge,Hendrick's Gin,502.2
2024-05-02,Executive Lounge,Hendrick's Gin,482.5
2024-05-03,Executive Lounge,Hendrick's Gin,931.6
2024-05-04,Executive Lounge,Hendrick's Gin,753.0
2024-05-05,Executive Lounge,Hendrick's Gin,506.5
2024-05-06,Executive Lounge,Hendrick's Gin,210.7
2024-05-07,Executive Lounge,Hendrick's Gin,481.9
2024-05-08,Executive Lounge,Hendrick's Gin,441.1
2024-05-09,Executive Lounge,Hendrick's Gin,534.4
2024-05-10,Executive Lounge,Hendrick's Gin,978.8
2024-05-11,Executive Lounge,Hendrick's Gin,668.6
2024-05-12,Executive Lounge,Hendrick's Gin,599.4
2024-05-13,Executive Lounge,Hendrick's Gin,421.3
2024-05-14,Executive Lounge,Hendrick's Gin,248.0
2024-05-15,Executive Lounge,Hendrick's Gin,293.6
2024-05-16,Executive Lounge,Hendrick's Gin,462.6
2024-05-17,Executive Lounge,Hendrick's Gin,934.9
2024-05-18,Executive Lounge,Hendrick's Gin,741.6
2024-05-19,Executive Lounge,Hendrick's Gin,404.6
2024-05-20,Executive Lounge,Hendrick's Gin,352.7
2024-05-21,Executive Lounge,Hendrick's Gin,150.4
2024-05-22,Executive Lounge,Hendrick's Gin,351.5
2024-05-23,Executive Lounge,Hendrick's Gin,299.4
2024-05-24,Executive Lounge,Hendrick's Gin,1034.8
2024-05-25,Executive Lounge,Hendrick's Gin,738.0
2024-05-26,Executive Lounge,Hendrick's Gin,665.2
2024-05-27,Executive Lounge,Hendrick's Gin,215.3
2024-05-28,Executive Lounge,Hendrick's Gin,420.7
2024-05-29,Executive Lounge,Hendrick's Gin,430.8
2024-05-30,Executive Lounge,Hendrick's Gin,404.6
2024-05-31,Executive Lounge,Hendrick's Gin,777.7
2024-06-01,Executive Lounge,Hendrick's Gin,889.9
2024-06-02,Executive Lounge,Hendrick's Gin,461.5
2024-06-03,Executive Lounge,Hendrick's Gin,495.4
2024-06-04,Executive Lounge,Hendrick's Gin,421.2
2024-06-05,Executive Lounge,Hendrick's Gin,460.2
2024-06-06,Executive Lounge,Hendrick's Gin,435.6
2024-06-07,Executive Lounge,Hendrick's Gin,801.7
2024-06-08,Executive Lounge,Hendrick's Gin,986.6
2024-06-09,Executive Lounge,Hendrick's Gin,334.5
2024-06-10,Executive Lounge,Hendrick's Gin,473.8
2024-06-11,Executive Lounge,Hendrick's Gin,542.2
2024-06-12,Executive Lounge,Hendrick's Gin,130.3
2024-06-13,Executive Lounge,Hendrick's Gin,460.2
2024-06-14,Executive Lounge,Hendrick's Gin,803.8
2024-06-15,Executive Lounge,Hendrick's Gin,745.8
2024-06-16,Executive Lounge,Hendrick's Gin,270.1
2024-06-17,Executive Lounge,Hendrick's Gin,485.2
2024-06-18,Executive Lounge,Hendrick's Gin,500.2
2024-06-19,Executive Lounge,Hendrick's Gin,213.1
2024-06-20,Executive Lounge,Hendrick's Gin,390.5
2024-06-21,Executive Lounge,Hendrick's Gin,850.0
2024-06-22,Executive Lounge,Hendrick's Gin,598.5
2024-06-23,Executive Lounge,Hendrick's Gin,358.8
2024-06-24,Executive Lounge,Hendrick's Gin,400.1
2024-06-25,Executive Lounge,Hendrick's Gin,437.9
2024-06-26,Executive Lounge,Hendrick's Gin,242.8
2024-06-27,Executive Lounge,Hendrick's Gin,422.8
2024-06-28,Executive Lounge,Hendrick's Gin,830.1
2024-01-01,Executive Lounge,Jack Daniel's Bourbon,649.4
2024-01-02,Executive Lounge,Jack Daniel's Bourbon,631.0
2024-01-03,Executive Lounge,Jack Daniel's Bourbon,632.4
2024-01-04,Executive Lounge,Jack Daniel's Bourbon,485.6
2024-01-05,Executive Lounge,Jack Daniel's Bourbon,702.3
2024-01-06,Executive Lounge,Jack Daniel's Bourbon,900.3
2024-01-07,Executive Lounge,Jack Daniel's Bourbon,443.6
2024-01-08,Executive Lounge,Jack Daniel's Bourbon,606.7
2024-01-09,Executive Lounge,Jack Daniel's Bourbon,449.9
2024-01-10,Executive Lounge,Jack Daniel's Bourbon,384.7
2024-01-11,Executive Lounge,Jack Daniel's Bourbon,596.6
2024-01-12,Executive Lounge,Jack Daniel's Bourbon,1025.0
2024-01-13,Executive Lounge,Jack Daniel's Bourbon,1057.6
2024-01-14,Executive Lounge,Jack Daniel's Bourbon,475.2
2024-01-15,Executive Lounge,Jack Daniel's Bourbon,203.7
2024-01-16,Executive Lounge,Jack Daniel's Bourbon,396.5
2024-01-17,Executive Lounge,Jack Daniel's Bourbon,400.7
2024-01-18,Executive Lounge,Jack Daniel's Bourbon,699.8
2024-01-19,Executive Lounge,Jack Daniel's Bourbon,1016.5
2024-01-20,Executive Lounge,Jack Daniel's Bourbon,1049.2
2024-01-21,Executive Lounge,Jack Daniel's Bourbon,583.6
2024-01-22,Executive Lounge,Jack Daniel's Bourbon,534.7
2024-01-23,Executive Lounge,Jack Daniel's Bourbon,337.7
2024-01-24,Executive Lounge,Jack Daniel's Bourbon,593.3
2024-01-25,Executive Lounge,Jack Daniel's Bourbon,517.0
2024-01-26,Executive Lounge,Jack Daniel's Bourbon,1008.8
2024-01-27,Executive Lounge,Jack Daniel's Bourbon,975.8
2024-01-28,Executive Lounge,Jack Daniel's Bourbon,458.3
2024-01-29,Executive Lounge,Jack Daniel's Bourbon,533.9
2024-01-30,Executive Lounge,Jack Daniel's Bourbon,601.0
2024-01-31,Executive Lounge,Jack Daniel's Bourbon,237.6
2024-02-01,Executive Lounge,Jack Daniel's Bourbon,505.7
2024-02-02,Executive Lounge,Jack Daniel's Bourbon,954.9
2024-02-03,Executive Lounge,Jack Daniel's Bourbon,915.4
2024-02-04,Executive Lounge,Jack Daniel's Bourbon,316.8
2024-02-05,Executive Lounge,Jack Daniel's Bourbon,374.3
2024-02-06,Executive Lounge,Jack Daniel's Bourbon,438.3
2024-02-07,Executive Lounge,Jack Daniel's Bourbon,561.6
2024-02-08,Executive Lounge,Jack Daniel's Bourbon,632.5
2024-02-09,Executive Lounge,Jack Daniel's Bourbon,1003.3
2024-02-10,Executive Lounge,Jack Daniel's Bourbon,1046.7
2024-02-11,Executive Lounge,Jack Daniel's Bourbon,442.3
2024-02-12,Executive Lounge,Jack Daniel's Bourbon,680.0
2024-02-13,Executive Lounge,Jack Daniel's Bourbon,619.1
2024-02-14,Executive Lounge,Jack Daniel's Bourbon,237.4
2024-02-15,Executive Lounge,Jack Daniel's Bourbon,565.9
2024-02-16,Executive Lounge,Jack Daniel's Bourbon,1031.1
2024-02-17,Executive Lounge,Jack Daniel's Bourbon,985.7
2024-02-18,Executive Lounge,Jack Daniel's Bourbon,345.7
2024-02-19,Executive Lounge,Jack Daniel's Bourbon,496.0
2024-02-20,Executive Lounge,Jack Daniel's Bourbon,680.2
2024-02-21,Executive Lounge,Jack Daniel's Bourbon,722.7
2024-02-22,Executive Lounge,Jack Daniel's Bourbon,192.7
2024-02-23,Executive Lounge,Jack Daniel's Bourbon,833.4
2024-02-24,Executive Lounge,Jack Daniel's Bourbon,962.5
2024-02-25,Executive Lounge,Jack Daniel's Bourbon,466.3
2024-02-26,Executive Lounge,Jack Daniel's Bourbon,216.3
2024-02-27,Executive Lounge,Jack Daniel's Bourbon,354.4
2024-02-28,Executive Lounge,Jack Daniel's Bourbon,488.6
2024-02-29,Executive Lounge,Jack Daniel's Bourbon,443.3
2024-03-01,Executive Lounge,Jack Daniel's Bourbon,1040.9
2024-03-02,Executive Lounge,Jack Daniel's Bourbon,906.4
2024-03-03,Executive Lounge,Jack Daniel's Bourbon,542.0
2024-03-04,Executive Lounge,Jack Daniel's Bourbon,441.5
2024-03-05,Executive Lounge,Jack Daniel's Bourbon,443.7
2024-03-06,Executive Lounge,Jack Daniel's Bourbon,716.1
2024-03-07,Executive Lounge,Jack Daniel's Bourbon,264.6
2024-03-08,Executive Lounge,Jack Daniel's Bourbon,1034.7
2024-03-09,Executive Lounge,Jack Daniel's Bourbon,910.8
2024-03-10,Executive Lounge,Jack Daniel's Bourbon,548.5
2024-03-11,Executive Lounge,Jack Daniel's Bourbon,140.6
2024-03-12,Executive Lounge,Jack Daniel's Bourbon,188.6
2024-03-13,Executive Lounge,Jack Daniel's Bourbon,619.0
2024-03-14,Executive Lounge,Jack Daniel's Bourbon,411.5
2024-03-15,Executive Lounge,Jack Daniel's Bourbon,1023.4
2024-03-16,Executive Lounge,Jack Daniel's Bourbon,734.1
2024-03-17,Executive Lounge,Jack Daniel's Bourbon,614.0
2024-03-18,Executive Lounge,Jack Daniel's Bourbon,611.1
2024-03-19,Executive Lounge,Jack Daniel's Bourbon,318.5
2024-03-20,Executive Lounge,Jack Daniel's Bourbon,419.3
2024-03-21,Executive Lounge,Jack Daniel's Bourbon,511.1
2024-03-22,Executive Lounge,Jack Daniel's Bourbon,1033.6
2024-03-23,Executive Lounge,Jack Daniel's Bourbon,944.8
2024-03-24,Executive Lounge,Jack Daniel's Bourbon,472.2
2024-03-25,Executive Lounge,Jack Daniel's Bourbon,269.3
2024-03-26,Executive Lounge,Jack Daniel's Bourbon,660.8
2024-03-27,Executive Lounge,Jack Daniel's Bourbon,99.7
2024-03-28,Executive Lounge,Jack Daniel's Bourbon,275.1
2024-03-29,Executive Lounge,Jack Daniel's Bourbon,1015.1
2024-03-30,Executive Lounge,Jack Daniel's Bourbon,868.6
2024-03-31,Executive Lounge,Jack Daniel's Bourbon,355.2
2024-04-01,Executive Lounge,Jack Daniel's Bourbon,510.0
2024-04-02,Executive Lounge,Jack Daniel's Bourbon,299.7
2024-04-03,Executive Lounge,Jack Daniel's Bourbon,244.8
2024-04-04,Executive Lounge,Jack Daniel's Bourbon,758.7
2024-04-05,Executive Lounge,Jack Daniel's Bourbon,942.7
2024-04-06,Executive Lounge,Jack Daniel's Bourbon,849.4
2024-04-07,Executive Lounge,Jack Daniel's Bourbon,511.6
2024-04-08,Executive Lounge,Jack Daniel's Bourbon,527.6
2024-04-09,Executive Lounge,Jack Daniel's Bourbon,416.8
2024-04-10,Executive Lounge,Jack Daniel's Bourbon,604.9
2024-04-11,Executive Lounge,Jack Daniel's Bourbon,441.7
2024-04-12,Executive Lounge,Jack Daniel's Bourbon,924.5
2024-04-13,Executive Lounge,Jack Daniel's Bourbon,1101.9
2024-04-14,Executive Lounge,Jack Daniel's Bourbon,442.5
2024-04-15,Executive Lounge,Jack Daniel's Bourbon,366.3
2024-04-16,Executive Lounge,Jack Daniel's Bourbon,871.7
2024-04-17,Executive Lounge,Jack Daniel's Bourbon,425.5
2024-04-18,Executive Lounge,Jack Daniel's Bourbon,445.3
2024-04-19,Executive Lounge,Jack Daniel's Bourbon,1125.1
2024-04-20,Executive Lounge,Jack Daniel's Bourbon,942.6
2024-04-21,Executive Lounge,Jack Daniel's Bourbon,586.6
2024-04-22,Executive Lounge,Jack Daniel's Bourbon,236.5
2024-04-23,Executive Lounge,Jack Daniel's Bourbon,493.1
2024-04-24,Executive Lounge,Jack Daniel's Bourbon,421.3
2024-04-25,Executive Lounge,Jack Daniel's Bourbon,304.5
2024-04-26,Executive Lounge,Jack Daniel's Bourbon,1005.5
2024-04-27,Executive Lounge,Jack Daniel's Bourbon,1168.0
2024-04-28,Executive Lounge,Jack Daniel's Bourbon,501.2
2024-04-29,Executive Lounge,Jack Daniel's Bourbon,789.7
2024-04-30,Executive Lounge,Jack Daniel's Bourbon,458.3
2024-05-01,Executive Lounge,Jack Daniel's Bourbon,578.3
2024-05-02,Executive Lounge,Jack Daniel's Bourbon,435.2
2024-05-03,Executive Lounge,Jack Daniel's Bourbon,860.3
2024-05-04,Executive Lounge,Jack Daniel's Bourbon,1102.7
2024-05-05,Executive Lounge,Jack Daniel's Bourbon,758.1
2024-05-06,Executive Lounge,Jack Daniel's Bourbon,576.0
2024-05-07,Executive Lounge,Jack Daniel's Bourbon,400.0
2024-05-08,Executive Lounge,Jack Daniel's Bourbon,541.5
2024-05-09,Executive Lounge,Jack Daniel's Bourbon,485.0
2024-05-10,Executive Lounge,Jack Daniel's Bourbon,1101.0
2024-05-11,Executive Lounge,Jack Daniel's Bourbon,884.0
2024-05-12,Executive Lounge,Jack Daniel's Bourbon,333.3
2024-05-13,Executive Lounge,Jack Daniel's Bourbon,548.1
2024-05-14,Executive Lounge,Jack Daniel's Bourbon,401.4
2024-05-15,Executive Lounge,Jack Daniel's Bourbon,513.5
2024-05-16,Executive Lounge,Jack Daniel's Bourbon,302.1
2024-05-17,Executive Lounge,Jack Daniel's Bourbon,720.8
2024-05-18,Executive Lounge,Jack Daniel's Bourbon,1303.3
2024-05-19,Executive Lounge,Jack Daniel's Bourbon,215.2
2024-05-20,Executive Lounge,Jack Daniel's Bourbon,543.1
2024-05-21,Executive Lounge,Jack Daniel's Bourbon,411.6
2024-05-22,Executive Lounge,Jack Daniel's Bourbon,657.8
2024-05-23,Executive Lounge,Jack Daniel's Bourbon,510.2
2024-05-24,Executive Lounge,Jack Daniel's Bourbon,1105.6
2024-05-25,Executive Lounge,Jack Daniel's Bourbon,1014.3
2024-05-26,Executive Lounge,Jack Daniel's Bourbon,749.4
2024-05-27,Executive Lounge,Jack Daniel's Bourbon,648.1
2024-05-28,Executive Lounge,Jack Daniel's Bourbon,294.5
2024-05-29,Executive Lounge,Jack Daniel's Bourbon,342.1
2024-05-30,Executive Lounge,Jack Daniel's Bourbon,492.2
2024-05-31,Executive Lounge,Jack Daniel's Bourbon,617.0
2024-06-01,Executive Lounge,Jack Daniel's Bourbon,1155.9
2024-06-02,Executive Lounge,Jack Daniel's Bourbon,483.3
2024-06-03,Executive Lounge,Jack Daniel's Bourbon,419.3
2024-06-04,Executive Lounge,Jack Daniel's Bourbon,392.5
2024-06-05,Executive Lounge,Jack Daniel's Bourbon,181.3
2024-06-06,Executive Lounge,Jack Daniel's Bourbon,686.3
2024-06-07,Executive Lounge,Jack Daniel's Bourbon,534.7
2024-06-08,Executive Lounge,Jack Daniel's Bourbon,962.4
2024-06-09,Executive Lounge,Jack Daniel's Bourbon,521.4
2024-06-10,Executive Lounge,Jack Daniel's Bourbon,354.2
2024-06-11,Executive Lounge,Jack Daniel's Bourbon,486.2
2024-06-12,Executive Lounge,Jack Daniel's Bourbon,499.7
2024-06-13,Executive Lounge,Jack Daniel's Bourbon,286.1
2024-06-14,Executive Lounge,Jack Daniel's Bourbon,859.2
2024-06-15,Executive Lounge,Jack Daniel's Bourbon,869.8
2024-06-16,Executive Lounge,Jack Daniel's Bourbon,593.0
2024-06-17,Executive Lounge,Jack Daniel's Bourbon,399.6
2024-06-18,Executive Lounge,Jack Daniel's Bourbon,545.5
2024-06-19,Executive Lounge,Jack Daniel's Bourbon,271.0
2024-06-20,Executive Lounge,Jack Daniel's Bourbon,183.8
2024-06-21,Executive Lounge,Jack Daniel's Bourbon,989.1
2024-06-22,Executive Lounge,Jack Daniel's Bourbon,1223.3
2024-06-23,Executive Lounge,Jack Daniel's Bourbon,485.9
2024-06-24,Executive Lounge,Jack Daniel's Bourbon,432.4
2024-06-25,Executive Lounge,Jack Daniel's Bourbon,658.0
2024-06-26,Executive Lounge,Jack Daniel's Bourbon,404.6
2024-06-27,Executive Lounge,Jack Daniel's Bourbon,333.1
2024-06-28,Executive Lounge,Jack Daniel's Bourbon,1046.5
2024-01-01,Executive Lounge,Macallan 12 Scotch,219.5
2024-01-02,Executive Lounge,Macallan 12 Scotch,201.1
2024-01-03,Executive Lounge,Macallan 12 Scotch,145.9
2024-01-04,Executive Lounge,Macallan 12 Scotch,228.2
2024-01-05,Executive Lounge,Macallan 12 Scotch,235.7
2024-01-06,Executive Lounge,Macallan 12 Scotch,344.4
2024-01-07,Executive Lounge,Macallan 12 Scotch,221.7
2024-01-08,Executive Lounge,Macallan 12 Scotch,48.7
2024-01-09,Executive Lounge,Macallan 12 Scotch,286.1
2024-01-10,Executive Lounge,Macallan 12 Scotch,180.8
2024-01-11,Executive Lounge,Macallan 12 Scotch,228.2
2024-01-12,Executive Lounge,Macallan 12 Scotch,234.2
2024-01-13,Executive Lounge,Macallan 12 Scotch,367.2
2024-01-14,Executive Lounge,Macallan 12 Scotch,221.7
2024-01-15,Executive Lounge,Macallan 12 Scotch,238.0
2024-01-16,Executive Lounge,Macallan 12 Scotch,361.1
2024-01-17,Executive Lounge,Macallan 12 Scotch,146.6
2024-01-18,Executive Lounge,Macallan 12 Scotch,162.0
2024-01-19,Executive Lounge,Macallan 12 Scotch,224.5
2024-01-20,Executive Lounge,Macallan 12 Scotch,351.7
2024-01-21,Executive Lounge,Macallan 12 Scotch,181.4
2024-01-22,Executive Lounge,Macallan 12 Scotch,185.7
2024-01-23,Executive Lounge,Macallan 12 Scotch,193.7
2024-01-24,Executive Lounge,Macallan 12 Scotch,197.2
2024-01-25,Executive Lounge,Macallan 12 Scotch,297.1
2024-01-26,Executive Lounge,Macallan 12 Scotch,189.8
2024-01-27,Executive Lounge,Macallan 12 Scotch,301.2
2024-01-28,Executive Lounge,Macallan 12 Scotch,157.7
2024-01-29,Executive Lounge,Macallan 12 Scotch,244.1
2024-01-30,Executive Lounge,Macallan 12 Scotch,188.7
2024-01-31,Executive Lounge,Macallan 12 Scotch,116.8
2024-02-01,Executive Lounge,Macallan 12 Scotch,118.4
2024-02-02,Executive Lounge,Macallan 12 Scotch,488.2
2024-02-03,Executive Lounge,Macallan 12 Scotch,228.8
2024-02-04,Executive Lounge,Macallan 12 Scotch,168.4
2024-02-05,Executive Lounge,Macallan 12 Scotch,136.9
2024-02-06,Executive Lounge,Macallan 12 Scotch,183.2
2024-02-07,Executive Lounge,Macallan 12 Scotch,145.2
2024-02-08,Executive Lounge,Macallan 12 Scotch,222.8
2024-02-09,Executive Lounge,Macallan 12 Scotch,417.3
2024-02-10,Executive Lounge,Macallan 12 Scotch,307.9
2024-02-11,Executive Lounge,Macallan 12 Scotch,174.2
2024-02-12,Executive Lounge,Macallan 12 Scotch,355.5
2024-02-13,Executive Lounge,Macallan 12 Scotch,202.1
2024-02-14,Executive Lounge,Macallan 12 Scotch,226.7
2024-02-15,Executive Lounge,Macallan 12 Scotch,227.2
2024-02-16,Executive Lounge,Macallan 12 Scotch,350.6
2024-02-17,Executive Lounge,Macallan 12 Scotch,308.0
2024-02-18,Executive Lounge,Macallan 12 Scotch,134.2
2024-02-19,Executive Lounge,Macallan 12 Scotch,204.0
2024-02-20,Executive Lounge,Macallan 12 Scotch,170.9
2024-02-21,Executive Lounge,Macallan 12 Scotch,123.2
2024-02-22,Executive Lounge,Macallan 12 Scotch,242.4
2024-02-23,Executive Lounge,Macallan 12 Scotch,225.7
2024-02-24,Executive Lounge,Macallan 12 Scotch,377.9
2024-02-25,Executive Lounge,Macallan 12 Scotch,179.7
2024-02-26,Executive Lounge,Macallan 12 Scotch,43.6
2024-02-27,Executive Lounge,Macallan 12 Scotch,203.4
2024-02-28,Executive Lounge,Macallan 12 Scotch,275.4
2024-02-29,Executive Lounge,Macallan 12 Scotch,96.0
2024-03-01,Executive Lounge,Macallan 12 Scotch,204.2
2024-03-02,Executive Lounge,Macallan 12 Scotch,375.7
2024-03-03,Executive Lounge,Macallan 12 Scotch,211.6
2024-03-04,Executive Lounge,Macallan 12 Scotch,364.8
2024-03-05,Executive Lounge,Macallan 12 Scotch,139.4
2024-03-06,Executive Lounge,Macallan 12 Scotch,223.0
2024-03-07,Executive Lounge,Macallan 12 Scotch,337.8
2024-03-08,Executive Lounge,Macallan 12 Scotch,300.7
2024-03-09,Executive Lounge,Macallan 12 Scotch,321.9
2024-03-10,Executive Lounge,Macallan 12 Scotch,249.7
2024-03-11,Executive Lounge,Macallan 12 Scotch,195.3
2024-03-12,Executive Lounge,Macallan 12 Scotch,225.8
2024-03-13,Executive Lounge,Macallan 12 Scotch,377.5
2024-03-14,Executive Lounge,Macallan 12 Scotch,279.8
2024-03-15,Executive Lounge,Macallan 12 Scotch,391.6
2024-03-16,Executive Lounge,Macallan 12 Scotch,444.9
2024-03-17,Executive Lounge,Macallan 12 Scotch,188.4
2024-03-18,Executive Lounge,Macallan 12 Scotch,164.8
2024-03-19,Executive Lounge,Macallan 12 Scotch,36.2
2024-03-20,Executive Lounge,Macallan 12 Scotch,125.7
2024-03-21,Executive Lounge,Macallan 12 Scotch,164.9
2024-03-22,Executive Lounge,Macallan 12 Scotch,316.4
2024-03-23,Executive Lounge,Macallan 12 Scotch,281.9
2024-03-24,Executive Lounge,Macallan 12 Scotch,233.0
2024-03-25,Executive Lounge,Macallan 12 Scotch,267.4
2024-03-26,Executive Lounge,Macallan 12 Scotch,231.3
2024-03-27,Executive Lounge,Macallan 12 Scotch,74.8
2024-03-28,Executive Lounge,Macallan 12 Scotch,265.9
2024-03-29,Executive Lounge,Macallan 12 Scotch,470.3
2024-03-30,Executive Lounge,Macallan 12 Scotch,302.3
2024-03-31,Executive Lounge,Macallan 12 Scotch,247.6
2024-04-01,Executive Lounge,Macallan 12 Scotch,129.3
2024-04-02,Executive Lounge,Macallan 12 Scotch,202.2
2024-04-03,Executive Lounge,Macallan 12 Scotch,144.6
2024-04-04,Executive Lounge,Macallan 12 Scotch,116.5
2024-04-05,Executive Lounge,Macallan 12 Scotch,332.7
2024-04-06,Executive Lounge,Macallan 12 Scotch,349.0
2024-04-07,Executive Lounge,Macallan 12 Scotch,198.8
2024-04-08,Executive Lounge,Macallan 12 Scotch,125.9
2024-04-09,Executive Lounge,Macallan 12 Scotch,170.7
2024-04-10,Executive Lounge,Macallan 12 Scotch,179.9
2024-04-11,Executive Lounge,Macallan 12 Scotch,222.2
2024-04-12,Executive Lounge,Macallan 12 Scotch,330.9
2024-04-13,Executive Lounge,Macallan 12 Scotch,263.6
2024-04-14,Executive Lounge,Macallan 12 Scotch,210.1
2024-04-15,Executive Lounge,Macallan 12 Scotch,214.2
2024-04-16,Executive Lounge,Macallan 12 Scotch,187.1
2024-04-17,Executive Lounge,Macallan 12 Scotch,99.3
2024-04-18,Executive Lounge,Macallan 12 Scotch,287.3
2024-04-19,Executive Lounge,Macallan 12 Scotch,243.7
2024-04-20,Executive Lounge,Macallan 12 Scotch,219.6
2024-04-21,Executive Lounge,Macallan 12 Scotch,187.1
2024-04-22,Executive Lounge,Macallan 12 Scotch,119.0
2024-04-23,Executive Lounge,Macallan 12 Scotch,254.2
2024-04-24,Executive Lounge,Macallan 12 Scotch,167.8
2024-04-25,Executive Lounge,Macallan 12 Scotch,202.9
2024-04-26,Executive Lounge,Macallan 12 Scotch,336.0
2024-04-27,Executive Lounge,Macallan 12 Scotch,230.0
2024-04-28,Executive Lounge,Macallan 12 Scotch,118.3
2024-04-29,Executive Lounge,Macallan 12 Scotch,60.8
2024-04-30,Executive Lounge,Macallan 12 Scotch,202.1
2024-05-01,Executive Lounge,Macallan 12 Scotch,212.0
2024-05-02,Executive Lounge,Macallan 12 Scotch,47.4
2024-05-03,Executive Lounge,Macallan 12 Scotch,270.8
2024-05-04,Executive Lounge,Macallan 12 Scotch,212.7
2024-05-05,Executive Lounge,Macallan 12 Scotch,121.6
2024-05-06,Executive Lounge,Macallan 12 Scotch,148.7
2024-05-07,Executive Lounge,Macallan 12 Scotch,105.3
2024-05-08,Executive Lounge,Macallan 12 Scotch,247.1
2024-05-09,Executive Lounge,Macallan 12 Scotch,265.8
2024-05-10,Executive Lounge,Macallan 12 Scotch,195.2
2024-05-11,Executive Lounge,Macallan 12 Scotch,343.4
2024-05-12,Executive Lounge,Macallan 12 Scotch,216.7
2024-05-13,Executive Lounge,Macallan 12 Scotch,197.8
2024-05-14,Executive Lounge,Macallan 12 Scotch,195.3
2024-05-15,Executive Lounge,Macallan 12 Scotch,194.7
2024-05-16,Executive Lounge,Macallan 12 Scotch,220.8
2024-05-17,Executive Lounge,Macallan 12 Scotch,266.5
2024-05-18,Executive Lounge,Macallan 12 Scotch,297.5
2024-05-19,Executive Lounge,Macallan 12 Scotch,170.0
2024-05-20,Executive Lounge,Macallan 12 Scotch,150.6
2024-05-21,Executive Lounge,Macallan 12 Scotch,151.1
2024-05-22,Executive Lounge,Macallan 12 Scotch,204.2
2024-05-23,Executive Lounge,Macallan 12 Scotch,306.1
2024-05-24,Executive Lounge,Macallan 12 Scotch,297.5
2024-05-25,Executive Lounge,Macallan 12 Scotch,193.7
2024-05-26,Executive Lounge,Macallan 12 Scotch,294.2
2024-05-27,Executive Lounge,Macallan 12 Scotch,173.8
2024-05-28,Executive Lounge,Macallan 12 Scotch,227.2
2024-05-29,Executive Lounge,Macallan 12 Scotch,227.1
2024-05-30,Executive Lounge,Macallan 12 Scotch,353.0
2024-05-31,Executive Lounge,Macallan 12 Scotch,213.0
2024-06-01,Executive Lounge,Macallan 12 Scotch,429.0
2024-06-02,Executive Lounge,Macallan 12 Scotch,268.2
2024-06-03,Executive Lounge,Macallan 12 Scotch,260.4
2024-06-04,Executive Lounge,Macallan 12 Scotch,96.3
2024-06-05,Executive Lounge,Macallan 12 Scotch,211.1
2024-06-06,Executive Lounge,Macallan 12 Scotch,312.3
2024-06-07,Executive Lounge,Macallan 12 Scotch,390.0
2024-06-08,Executive Lounge,Macallan 12 Scotch,348.3
2024-06-09,Executive Lounge,Macallan 12 Scotch,277.2
2024-06-10,Executive Lounge,Macallan 12 Scotch,293.6
2024-06-11,Executive Lounge,Macallan 12 Scotch,182.2
2024-06-12,Executive Lounge,Macallan 12 Scotch,98.5
2024-06-13,Executive Lounge,Macallan 12 Scotch,185.9
2024-06-14,Executive Lounge,Macallan 12 Scotch,314.4
2024-06-15,Executive Lounge,Macallan 12 Scotch,343.3
2024-06-16,Executive Lounge,Macallan 12 Scotch,261.1
2024-06-17,Executive Lounge,Macallan 12 Scotch,124.9
2024-06-18,Executive Lounge,Macallan 12 Scotch,294.1
2024-06-19,Executive Lounge,Macallan 12 Scotch,245.6
2024-06-20,Executive Lounge,Macallan 12 Scotch,172.0
2024-06-21,Executive Lounge,Macallan 12 Scotch,316.1
2024-06-22,Executive Lounge,Macallan 12 Scotch,329.6
2024-06-23,Executive Lounge,Macallan 12 Scotch,177.3
2024-06-24,Executive Lounge,Macallan 12 Scotch,235.2
2024-06-25,Executive Lounge,Macallan 12 Scotch,86.4
2024-06-26,Executive Lounge,Macallan 12 Scotch,178.3
2024-06-27,Executive Lounge,Macallan 12 Scotch,187.9
2024-06-28,Executive Lounge,Macallan 12 Scotch,365.3
2024-01-01,Executive Lounge,Patron Silver Tequila,321.9
2024-01-02,Executive Lounge,Patron Silver Tequila,298.4
2024-01-03,Executive Lounge,Patron Silver Tequila,295.2
2024-01-04,Executive Lounge,Patron Silver Tequila,201.6
2024-01-05,Executive Lounge,Patron Silver Tequila,587.7
2024-01-06,Executive Lounge,Patron Silver Tequila,567.6
2024-01-07,Executive Lounge,Patron Silver Tequila,380.3
2024-01-08,Executive Lounge,Patron Silver Tequila,209.5
2024-01-09,Executive Lounge,Patron Silver Tequila,284.0
2024-01-10,Executive Lounge,Patron Silver Tequila,267.4
2024-01-11,Executive Lounge,Patron Silver Tequila,288.0
2024-01-12,Executive Lounge,Patron Silver Tequila,644.8
2024-01-13,Executive Lounge,Patron Silver Tequila,408.0
2024-01-14,Executive Lounge,Patron Silver Tequila,427.4
2024-01-15,Executive Lounge,Patron Silver Tequila,238.7
2024-01-16,Executive Lounge,Patron Silver Tequila,166.9
2024-01-17,Executive Lounge,Patron Silver Tequila,378.7
2024-01-18,Executive Lounge,Patron Silver Tequila,183.7
2024-01-19,Executive Lounge,Patron Silver Tequila,627.6
2024-01-20,Executive Lounge,Patron Silver Tequila,637.2
2024-01-21,Executive Lounge,Patron Silver Tequila,313.7
2024-01-22,Executive Lounge,Patron Silver Tequila,236.6
2024-01-23,Executive Lounge,Patron Silver Tequila,257.4
2024-01-24,Executive Lounge,Patron Silver Tequila,155.0
2024-01-25,Executive Lounge,Patron Silver Tequila,335.6
2024-01-26,Executive Lounge,Patron Silver Tequila,550.6
2024-01-27,Executive Lounge,Patron Silver Tequila,565.0
2024-01-28,Executive Lounge,Patron Silver Tequila,162.8
2024-01-29,Executive Lounge,Patron Silver Tequila,295.9
2024-01-30,Executive Lounge,Patron Silver Tequila,315.1
2024-01-31,Executive Lounge,Patron Silver Tequila,196.7
2024-02-01,Executive Lounge,Patron Silver Tequila,293.1
2024-02-02,Executive Lounge,Patron Silver Tequila,658.9
2024-02-03,Executive Lounge,Patron Silver Tequila,595.5
2024-02-04,Executive Lounge,Patron Silver Tequila,334.2
2024-02-05,Executive Lounge,Patron Silver Tequila,370.8
2024-02-06,Executive Lounge,Patron Silver Tequila,168.4
2024-02-07,Executive Lounge,Patron Silver Tequila,183.8
2024-02-08,Executive Lounge,Patron Silver Tequila,299.9
2024-02-09,Executive Lounge,Patron Silver Tequila,651.3
2024-02-10,Executive Lounge,Patron Silver Tequila,439.2
2024-02-11,Executive Lounge,Patron Silver Tequila,284.4
2024-02-12,Executive Lounge,Patron Silver Tequila,315.2
2024-02-13,Executive Lounge,Patron Silver Tequila,363.7
2024-02-14,Executive Lounge,Patron Silver Tequila,406.7
2024-02-15,Executive Lounge,Patron Silver Tequila,381.5
2024-02-16,Executive Lounge,Patron Silver Tequila,694.0
2024-02-17,Executive Lounge,Patron Silver Tequila,717.0
2024-02-18,Executive Lounge,Patron Silver Tequila,118.0
2024-02-19,Executive Lounge,Patron Silver Tequila,162.0
2024-02-20,Executive Lounge,Patron Silver Tequila,165.5
2024-02-21,Executive Lounge,Patron Silver Tequila,157.5
2024-02-22,Executive Lounge,Patron Silver Tequila,312.3
2024-02-23,Executive Lounge,Patron Silver Tequila,586.0
2024-02-24,Executive Lounge,Patron Silver Tequila,731.1
2024-02-25,Executive Lounge,Patron Silver Tequila,279.5
2024-02-26,Executive Lounge,Patron Silver Tequila,194.7
2024-02-27,Executive Lounge,Patron Silver Tequila,259.7
2024-02-28,Executive Lounge,Patron Silver Tequila,405.4
2024-02-29,Executive Lounge,Patron Silver Tequila,178.6
2024-03-01,Executive Lounge,Patron Silver Tequila,575.6
2024-03-02,Executive Lounge,Patron Silver Tequila,659.3
2024-03-03,Executive Lounge,Patron Silver Tequila,257.7
2024-03-04,Executive Lounge,Patron Silver Tequila,125.5
2024-03-05,Executive Lounge,Patron Silver Tequila,168.6
2024-03-06,Executive Lounge,Patron Silver Tequila,313.0
2024-03-07,Executive Lounge,Patron Silver Tequila,306.2
2024-03-08,Executive Lounge,Patron Silver Tequila,545.9
2024-03-09,Executive Lounge,Patron Silver Tequila,709.5
2024-03-10,Executive Lounge,Patron Silver Tequila,298.1
2024-03-11,Executive Lounge,Patron Silver Tequila,290.5
2024-03-12,Executive Lounge,Patron Silver Tequila,348.1
2024-03-13,Executive Lounge,Patron Silver Tequila,284.9
2024-03-14,Executive Lounge,Patron Silver Tequila,361.1
2024-03-15,Executive Lounge,Patron Silver Tequila,711.8
2024-03-16,Executive Lounge,Patron Silver Tequila,636.3
2024-03-17,Executive Lounge,Patron Silver Tequila,245.6
2024-03-18,Executive Lounge,Patron Silver Tequila,276.8
2024-03-19,Executive Lounge,Patron Silver Tequila,330.4
2024-03-20,Executive Lounge,Patron Silver Tequila,236.0
2024-03-21,Executive Lounge,Patron Silver Tequila,371.5
2024-03-22,Executive Lounge,Patron Silver Tequila,785.1
2024-03-23,Executive Lounge,Patron Silver Tequila,524.2
2024-03-24,Executive Lounge,Patron Silver Tequila,227.3
2024-03-25,Executive Lounge,Patron Silver Tequila,416.0
2024-03-26,Executive Lounge,Patron Silver Tequila,538.3
2024-03-27,Executive Lounge,Patron Silver Tequila,110.2
2024-03-28,Executive Lounge,Patron Silver Tequila,377.5
2024-03-29,Executive Lounge,Patron Silver Tequila,637.0
2024-03-30,Executive Lounge,Patron Silver Tequila,553.5
2024-03-31,Executive Lounge,Patron Silver Tequila,171.9
2024-04-01,Executive Lounge,Patron Silver Tequila,317.3
2024-04-02,Executive Lounge,Patron Silver Tequila,271.4
2024-04-03,Executive Lounge,Patron Silver Tequila,134.5
2024-04-04,Executive Lounge,Patron Silver Tequila,63.2
2024-04-05,Executive Lounge,Patron Silver Tequila,527.1
2024-04-06,Executive Lounge,Patron Silver Tequila,659.9
2024-04-07,Executive Lounge,Patron Silver Tequila,483.0
2024-04-08,Executive Lounge,Patron Silver Tequila,283.0
2024-04-09,Executive Lounge,Patron Silver Tequila,353.0
2024-04-10,Executive Lounge,Patron Silver Tequila,182.5
2024-04-11,Executive Lounge,Patron Silver Tequila,476.2
2024-04-12,Executive Lounge,Patron Silver Tequila,516.2
2024-04-13,Executive Lounge,Patron Silver Tequila,699.9
2024-04-14,Executive Lounge,Patron Silver Tequila,280.2
2024-04-15,Executive Lounge,Patron Silver Tequila,275.0
2024-04-16,Executive Lounge,Patron Silver Tequila,200.7
2024-04-17,Executive Lounge,Patron Silver Tequila,380.9
2024-04-18,Executive Lounge,Patron Silver Tequila,247.1
2024-04-19,Executive Lounge,Patron Silver Tequila,741.4
2024-04-20,Executive Lounge,Patron Silver Tequila,707.6
2024-04-21,Executive Lounge,Patron Silver Tequila,324.9
2024-04-22,Executive Lounge,Patron Silver Tequila,191.5
2024-04-23,Executive Lounge,Patron Silver Tequila,189.1
2024-04-24,Executive Lounge,Patron Silver Tequila,350.1
2024-04-25,Executive Lounge,Patron Silver Tequila,199.1
2024-04-26,Executive Lounge,Patron Silver Tequila,460.3
2024-04-27,Executive Lounge,Patron Silver Tequila,445.0
2024-04-28,Executive Lounge,Patron Silver Tequila,166.3
2024-04-29,Executive Lounge,Patron Silver Tequila,241.1
2024-04-30,Executive Lounge,Patron Silver Tequila,166.9
2024-05-01,Executive Lounge,Patron Silver Tequila,239.6
2024-05-02,Executive Lounge,Patron Silver Tequila,209.5
2024-05-03,Executive Lounge,Patron Silver Tequila,489.2
2024-05-04,Executive Lounge,Patron Silver Tequila,592.5
2024-05-05,Executive Lounge,Patron Silver Tequila,469.2
2024-05-06,Executive Lounge,Patron Silver Tequila,182.4
2024-05-07,Executive Lounge,Patron Silver Tequila,325.8
2024-05-08,Executive Lounge,Patron Silver Tequila,318.4
2024-05-09,Executive Lounge,Patron Silver Tequila,208.5
2024-05-10,Executive Lounge,Patron Silver Tequila,663.1
2024-05-11,Executive Lounge,Patron Silver Tequila,658.7
2024-05-12,Executive Lounge,Patron Silver Tequila,388.0
2024-05-13,Executive Lounge,Patron Silver Tequila,131.4
2024-05-14,Executive Lounge,Patron Silver Tequila,232.7
2024-05-15,Executive Lounge,Patron Silver Tequila,273.7
2024-05-16,Executive Lounge,Patron Silver Tequila,210.4
2024-05-17,Executive Lounge,Patron Silver Tequila,618.0
2024-05-18,Executive Lounge,Patron Silver Tequila,672.1
2024-05-19,Executive Lounge,Patron Silver Tequila,281.3
2024-05-20,Executive Lounge,Patron Silver Tequila,434.4
2024-05-21,Executive Lounge,Patron Silver Tequila,230.3
2024-05-22,Executive Lounge,Patron Silver Tequila,221.1
2024-05-23,Executive Lounge,Patron Silver Tequila,457.5
2024-05-24,Executive Lounge,Patron Silver Tequila,637.1
2024-05-25,Executive Lounge,Patron Silver Tequila,609.4
2024-05-26,Executive Lounge,Patron Silver Tequila,298.9
2024-05-27,Executive Lounge,Patron Silver Tequila,327.6
2024-05-28,Executive Lounge,Patron Silver Tequila,379.9
2024-05-29,Executive Lounge,Patron Silver Tequila,175.8
2024-05-30,Executive Lounge,Patron Silver Tequila,372.3
2024-05-31,Executive Lounge,Patron Silver Tequila,686.6
2024-06-01,Executive Lounge,Patron Silver Tequila,514.6
2024-06-02,Executive Lounge,Patron Silver Tequila,126.2
2024-06-03,Executive Lounge,Patron Silver Tequila,289.4
2024-06-04,Executive Lounge,Patron Silver Tequila,243.0
2024-06-05,Executive Lounge,Patron Silver Tequila,262.5
2024-06-06,Executive Lounge,Patron Silver Tequila,380.0
2024-06-07,Executive Lounge,Patron Silver Tequila,471.2
2024-06-08,Executive Lounge,Patron Silver Tequila,662.4
2024-06-09,Executive Lounge,Patron Silver Tequila,175.1
2024-06-10,Executive Lounge,Patron Silver Tequila,303.5
2024-06-11,Executive Lounge,Patron Silver Tequila,242.4
2024-06-12,Executive Lounge,Patron Silver Tequila,496.2
2024-06-13,Executive Lounge,Patron Silver Tequila,231.7
2024-06-14,Executive Lounge,Patron Silver Tequila,626.9
2024-06-15,Executive Lounge,Patron Silver Tequila,606.8
2024-06-16,Executive Lounge,Patron Silver Tequila,157.4
2024-06-17,Executive Lounge,Patron Silver Tequila,337.3
2024-06-18,Executive Lounge,Patron Silver Tequila,113.6
2024-06-19,Executive Lounge,Patron Silver Tequila,349.5
2024-06-20,Executive Lounge,Patron Silver Tequila,261.1
2024-06-21,Executive Lounge,Patron Silver Tequila,627.8
2024-06-22,Executive Lounge,Patron Silver Tequila,600.4
2024-06-23,Executive Lounge,Patron Silver Tequila,328.4
2024-06-24,Executive Lounge,Patron Silver Tequila,363.0
2024-06-25,Executive Lounge,Patron Silver Tequila,450.6
2024-06-26,Executive Lounge,Patron Silver Tequila,238.3
2024-06-27,Executive Lounge,Patron Silver Tequila,339.9
2024-06-28,Executive Lounge,Patron Silver Tequila,678.1
2024-01-01,Executive Lounge,Remy Martin XO Cognac,14.8
2024-01-02,Executive Lounge,Remy Martin XO Cognac,0.0
2024-01-03,Executive Lounge,Remy Martin XO Cognac,54.9
2024-01-04,Executive Lounge,Remy Martin XO Cognac,69.3
2024-01-05,Executive Lounge,Remy Martin XO Cognac,125.1
2024-01-06,Executive Lounge,Remy Martin XO Cognac,99.6
2024-01-07,Executive Lounge,Remy Martin XO Cognac,145.9
2024-01-08,Executive Lounge,Remy Martin XO Cognac,96.3
2024-01-09,Executive Lounge,Remy Martin XO Cognac,103.7
2024-01-10,Executive Lounge,Remy Martin XO Cognac,66.0
2024-01-11,Executive Lounge,Remy Martin XO Cognac,38.6
2024-01-12,Executive Lounge,Remy Martin XO Cognac,104.0
2024-01-13,Executive Lounge,Remy Martin XO Cognac,94.3
2024-01-14,Executive Lounge,Remy Martin XO Cognac,34.8
2024-01-15,Executive Lounge,Remy Martin XO Cognac,97.3
2024-01-16,Executive Lounge,Remy Martin XO Cognac,0.0
2024-01-17,Executive Lounge,Remy Martin XO Cognac,0.0
2024-01-18,Executive Lounge,Remy Martin XO Cognac,0.0
2024-01-19,Executive Lounge,Remy Martin XO Cognac,55.0
2024-01-20,Executive Lounge,Remy Martin XO Cognac,47.1
2024-01-21,Executive Lounge,Remy Martin XO Cognac,79.6
2024-01-22,Executive Lounge,Remy Martin XO Cognac,129.8
2024-01-23,Executive Lounge,Remy Martin XO Cognac,0.0
2024-01-24,Executive Lounge,Remy Martin XO Cognac,0.0
2024-01-25,Executive Lounge,Remy Martin XO Cognac,65.4
2024-01-26,Executive Lounge,Remy Martin XO Cognac,89.0
2024-01-27,Executive Lounge,Remy Martin XO Cognac,86.3
2024-01-28,Executive Lounge,Remy Martin XO Cognac,0.0
2024-01-29,Executive Lounge,Remy Martin XO Cognac,102.3
2024-01-30,Executive Lounge,Remy Martin XO Cognac,0.0
2024-01-31,Executive Lounge,Remy Martin XO Cognac,0.0
2024-02-01,Executive Lounge,Remy Martin XO Cognac,0.0
2024-02-02,Executive Lounge,Remy Martin XO Cognac,14.6
2024-02-03,Executive Lounge,Remy Martin XO Cognac,96.9
2024-02-04,Executive Lounge,Remy Martin XO Cognac,0.0
2024-02-05,Executive Lounge,Remy Martin XO Cognac,0.0
2024-02-06,Executive Lounge,Remy Martin XO Cognac,0.0
2024-02-07,Executive Lounge,Remy Martin XO Cognac,0.0
2024-02-08,Executive Lounge,Remy Martin XO Cognac,0.0
2024-02-09,Executive Lounge,Remy Martin XO Cognac,67.6
2024-02-10,Executive Lounge,Remy Martin XO Cognac,143.3
2024-02-11,Executive Lounge,Remy Martin XO Cognac,44.6
2024-02-12,Executive Lounge,Remy Martin XO Cognac,0.0
2024-02-13,Executive Lounge,Remy Martin XO Cognac,58.1
2024-02-14,Executive Lounge,Remy Martin XO Cognac,0.0
2024-02-15,Executive Lounge,Remy Martin XO Cognac,68.5
2024-02-16,Executive Lounge,Remy Martin XO Cognac,159.7
2024-02-17,Executive Lounge,Remy Martin XO Cognac,92.1
2024-02-18,Executive Lounge,Remy Martin XO Cognac,79.8
2024-02-19,Executive Lounge,Remy Martin XO Cognac,113.0
2024-02-20,Executive Lounge,Remy Martin XO Cognac,0.0
2024-02-21,Executive Lounge,Remy Martin XO Cognac,0.0
2024-02-22,Executive Lounge,Remy Martin XO Cognac,53.3
2024-02-23,Executive Lounge,Remy Martin XO Cognac,57.0
2024-02-24,Executive Lounge,Remy Martin XO Cognac,70.3
2024-02-25,Executive Lounge,Remy Martin XO Cognac,0.0
2024-02-26,Executive Lounge,Remy Martin XO Cognac,0.0
2024-02-27,Executive Lounge,Remy Martin XO Cognac,0.3
2024-02-28,Executive Lounge,Remy Martin XO Cognac,68.5
2024-02-29,Executive Lounge,Remy Martin XO Cognac,66.4
2024-03-01,Executive Lounge,Remy Martin XO Cognac,55.7
2024-03-02,Executive Lounge,Remy Martin XO Cognac,60.3
2024-03-03,Executive Lounge,Remy Martin XO Cognac,8.9
2024-03-04,Executive Lounge,Remy Martin XO Cognac,11.4
2024-03-05,Executive Lounge,Remy Martin XO Cognac,80.7
2024-03-06,Executive Lounge,Remy Martin XO Cognac,107.0
2024-03-07,Executive Lounge,Remy Martin XO Cognac,67.2
2024-03-08,Executive Lounge,Remy Martin XO Cognac,141.7
2024-03-09,Executive Lounge,Remy Martin XO Cognac,77.8
2024-03-10,Executive Lounge,Remy Martin XO Cognac,0.0
2024-03-11,Executive Lounge,Remy Martin XO Cognac,0.0
2024-03-12,Executive Lounge,Remy Martin XO Cognac,0.0
2024-03-13,Executive Lounge,Remy Martin XO Cognac,30.9
2024-03-14,Executive Lounge,Remy Martin XO Cognac,13.9
2024-03-15,Executive Lounge,Remy Martin XO Cognac,39.0
2024-03-16,Executive Lounge,Remy Martin XO Cognac,119.1
2024-03-17,Executive Lounge,Remy Martin XO Cognac,0.0
2024-03-18,Executive Lounge,Remy Martin XO Cognac,76.5
2024-03-19,Executive Lounge,Remy Martin XO Cognac,0.0
2024-03-20,Executive Lounge,Remy Martin XO Cognac,0.0
2024-03-21,Executive Lounge,Remy Martin XO Cognac,62.8
2024-03-22,Executive Lounge,Remy Martin XO Cognac,70.2
2024-03-23,Executive Lounge,Remy Martin XO Cognac,47.4
2024-03-24,Executive Lounge,Remy Martin XO Cognac,54.3
2024-03-25,Executive Lounge,Remy Martin XO Cognac,115.4
2024-03-26,Executive Lounge,Remy Martin XO Cognac,20.2
2024-03-27,Executive Lounge,Remy Martin XO Cognac,15.7
2024-03-28,Executive Lounge,Remy Martin XO Cognac,0.0
2024-03-29,Executive Lounge,Remy Martin XO Cognac,118.9
2024-03-30,Executive Lounge,Remy Martin XO Cognac,100.0
2024-03-31,Executive Lounge,Remy Martin XO Cognac,0.0
2024-04-01,Executive Lounge,Remy Martin XO Cognac,72.6
2024-04-02,Executive Lounge,Remy Martin XO Cognac,0.0
2024-04-03,Executive Lounge,Remy Martin XO Cognac,0.0
2024-04-04,Executive Lounge,Remy Martin XO Cognac,124.8
2024-04-05,Executive Lounge,Remy Martin XO Cognac,14.5
2024-04-06,Executive Lounge,Remy Martin XO Cognac,28.6
2024-04-07,Executive Lounge,Remy Martin XO Cognac,0.0
2024-04-08,Executive Lounge,Remy Martin XO Cognac,0.0
2024-04-09,Executive Lounge,Remy Martin XO Cognac,0.0
2024-04-10,Executive Lounge,Remy Martin XO Cognac,130.6
2024-04-11,Executive Lounge,Remy Martin XO Cognac,0.0
2024-04-12,Executive Lounge,Remy Martin XO Cognac,91.4
2024-04-13,Executive Lounge,Remy Martin XO Cognac,109.3
2024-04-14,Executive Lounge,Remy Martin XO Cognac,100.9
2024-04-15,Executive Lounge,Remy Martin XO Cognac,0.9
2024-04-16,Executive Lounge,Remy Martin XO Cognac,38.7
2024-04-17,Executive Lounge,Remy Martin XO Cognac,45.3
2024-04-18,Executive Lounge,Remy Martin XO Cognac,35.1
2024-04-19,Executive Lounge,Remy Martin XO Cognac,0.0
2024-04-20,Executive Lounge,Remy Martin XO Cognac,74.6
2024-04-21,Executive Lounge,Remy Martin XO Cognac,0.0
2024-04-22,Executive Lounge,Remy Martin XO Cognac,0.0
2024-04-23,Executive Lounge,Remy Martin XO Cognac,19.3
2024-04-24,Executive Lounge,Remy Martin XO Cognac,0.0
2024-04-25,Executive Lounge,Remy Martin XO Cognac,17.2
2024-04-26,Executive Lounge,Remy Martin XO Cognac,103.7
2024-04-27,Executive Lounge,Remy Martin XO Cognac,74.5
2024-04-28,Executive Lounge,Remy Martin XO Cognac,0.0
2024-04-29,Executive Lounge,Remy Martin XO Cognac,0.0
2024-04-30,Executive Lounge,Remy Martin XO Cognac,0.0
2024-05-01,Executive Lounge,Remy Martin XO Cognac,0.0
2024-05-02,Executive Lounge,Remy Martin XO Cognac,0.0
2024-05-03,Executive Lounge,Remy Martin XO Cognac,67.7
2024-05-04,Executive Lounge,Remy Martin XO Cognac,67.0
2024-05-05,Executive Lounge,Remy Martin XO Cognac,0.0
2024-05-06,Executive Lounge,Remy Martin XO Cognac,76.8
2024-05-07,Executive Lounge,Remy Martin XO Cognac,101.1
2024-05-08,Executive Lounge,Remy Martin XO Cognac,0.0
2024-05-09,Executive Lounge,Remy Martin XO Cognac,0.0
2024-05-10,Executive Lounge,Remy Martin XO Cognac,51.2
2024-05-11,Executive Lounge,Remy Martin XO Cognac,76.4
2024-05-12,Executive Lounge,Remy Martin XO Cognac,0.0
2024-05-13,Executive Lounge,Remy Martin XO Cognac,118.5
2024-05-14,Executive Lounge,Remy Martin XO Cognac,0.0
2024-05-15,Executive Lounge,Remy Martin XO Cognac,77.4
2024-05-16,Executive Lounge,Remy Martin XO Cognac,72.1
2024-05-17,Executive Lounge,Remy Martin XO Cognac,42.7
2024-05-18,Executive Lounge,Remy Martin XO Cognac,89.0
2024-05-19,Executive Lounge,Remy Martin XO Cognac,95.0
2024-05-20,Executive Lounge,Remy Martin XO Cognac,67.1
2024-05-21,Executive Lounge,Remy Martin XO Cognac,0.0
2024-05-22,Executive Lounge,Remy Martin XO Cognac,22.2
2024-05-23,Executive Lounge,Remy Martin XO Cognac,0.0
2024-05-24,Executive Lounge,Remy Martin XO Cognac,10.5
2024-05-25,Executive Lounge,Remy Martin XO Cognac,90.8
2024-05-26,Executive Lounge,Remy Martin XO Cognac,72.7
2024-05-27,Executive Lounge,Remy Martin XO Cognac,17.2
2024-05-28,Executive Lounge,Remy Martin XO Cognac,47.4
2024-05-29,Executive Lounge,Remy Martin XO Cognac,0.0
2024-05-30,Executive Lounge,Remy Martin XO Cognac,53.4
2024-05-31,Executive Lounge,Remy Martin XO Cognac,59.7
2024-06-01,Executive Lounge,Remy Martin XO Cognac,59.2
2024-06-02,Executive Lounge,Remy Martin XO Cognac,0.0
2024-06-03,Executive Lounge,Remy Martin XO Cognac,0.0
2024-06-04,Executive Lounge,Remy Martin XO Cognac,8.1
2024-06-05,Executive Lounge,Remy Martin XO Cognac,39.2
2024-06-06,Executive Lounge,Remy Martin XO Cognac,85.2
2024-06-07,Executive Lounge,Remy Martin XO Cognac,66.6
2024-06-08,Executive Lounge,Remy Martin XO Cognac,45.9
2024-06-09,Executive Lounge,Remy Martin XO Cognac,0.0
2024-06-10,Executive Lounge,Remy Martin XO Cognac,0.0
2024-06-11,Executive Lounge,Remy Martin XO Cognac,66.1
2024-06-12,Executive Lounge,Remy Martin XO Cognac,77.9
2024-06-13,Executive Lounge,Remy Martin XO Cognac,47.6
2024-06-14,Executive Lounge,Remy Martin XO Cognac,81.0
2024-06-15,Executive Lounge,Remy Martin XO Cognac,29.6
2024-06-16,Executive Lounge,Remy Martin XO Cognac,0.0
2024-06-17,Executive Lounge,Remy Martin XO Cognac,0.0
2024-06-18,Executive Lounge,Remy Martin XO Cognac,58.6
2024-06-19,Executive Lounge,Remy Martin XO Cognac,0.0
2024-06-20,Executive Lounge,Remy Martin XO Cognac,0.0
2024-06-21,Executive Lounge,Remy Martin XO Cognac,156.5
2024-06-22,Executive Lounge,Remy Martin XO Cognac,74.3
2024-06-23,Executive Lounge,Remy Martin XO Cognac,63.5
2024-06-24,Executive Lounge,Remy Martin XO Cognac,0.0
2024-06-25,Executive Lounge,Remy Martin XO Cognac,0.0
2024-06-26,Executive Lounge,Remy Martin XO Cognac,0.0
2024-06-27,Executive Lounge,Remy Martin XO Cognac,64.1
2024-06-28,Executive Lounge,Remy Martin XO Cognac,93.2
2024-01-01,Main Lounge,Chartreuse Herbal Liqueur,41.1
2024-01-02,Main Lounge,Chartreuse Herbal Liqueur,0.0
2024-01-03,Main Lounge,Chartreuse Herbal Liqueur,27.1
2024-01-04,Main Lounge,Chartreuse Herbal Liqueur,0.0
2024-01-05,Main Lounge,Chartreuse Herbal Liqueur,55.0
2024-01-06,Main Lounge,Chartreuse Herbal Liqueur,138.3
2024-01-07,Main Lounge,Chartreuse Herbal Liqueur,5.4
2024-01-08,Main Lounge,Chartreuse Herbal Liqueur,138.4
2024-01-09,Main Lounge,Chartreuse Herbal Liqueur,156.7
2024-01-10,Main Lounge,Chartreuse Herbal Liqueur,0.0
2024-01-11,Main Lounge,Chartreuse Herbal Liqueur,0.0
2024-01-12,Main Lounge,Chartreuse Herbal Liqueur,61.1
2024-01-13,Main Lounge,Chartreuse Herbal Liqueur,105.6
2024-01-14,Main Lounge,Chartreuse Herbal Liqueur,0.0
2024-01-15,Main Lounge,Chartreuse Herbal Liqueur,0.0
2024-01-16,Main Lounge,Chartreuse Herbal Liqueur,96.8
2024-01-17,Main Lounge,Chartreuse Herbal Liqueur,0.0
2024-01-18,Main Lounge,Chartreuse Herbal Liqueur,194.4
2024-01-19,Main Lounge,Chartreuse Herbal Liqueur,114.1
2024-01-20,Main Lounge,Chartreuse Herbal Liqueur,102.5
2024-01-21,Main Lounge,Chartreuse Herbal Liqueur,0.0
2024-01-22,Main Lounge,Chartreuse Herbal Liqueur,0.0
2024-01-23,Main Lounge,Chartreuse Herbal Liqueur,151.4
2024-01-24,Main Lounge,Chartreuse Herbal Liqueur,0.0
2024-01-25,Main Lounge,Chartreuse Herbal Liqueur,0.0
2024-01-26,Main Lounge,Chartreuse Herbal Liqueur,154.5
2024-01-27,Main Lounge,Chartreuse Herbal Liqueur,127.7
2024-01-28,Main Lounge,Chartreuse Herbal Liqueur,82.3
2024-01-29,Main Lounge,Chartreuse Herbal Liqueur,0.0
2024-01-30,Main Lounge,Chartreuse Herbal Liqueur,58.3
2024-01-31,Main Lounge,Chartreuse Herbal Liqueur,51.4
2024-02-01,Main Lounge,Chartreuse Herbal Liqueur,97.9
2024-02-02,Main Lounge,Chartreuse Herbal Liqueur,154.9
2024-02-03,Main Lounge,Chartreuse Herbal Liqueur,190.4
2024-02-04,Main Lounge,Chartreuse Herbal Liqueur,56.1
2024-02-05,Main Lounge,Chartreuse Herbal Liqueur,48.3
2024-02-06,Main Lounge,Chartreuse Herbal Liqueur,57.0
2024-02-07,Main Lounge,Chartreuse Herbal Liqueur,73.2
2024-02-08,Main Lounge,Chartreuse Herbal Liqueur,0.0
2024-02-09,Main Lounge,Chartreuse Herbal Liqueur,97.0
2024-02-10,Main Lounge,Chartreuse Herbal Liqueur,51.7
2024-02-11,Main Lounge,Chartreuse Herbal Liqueur,43.4
2024-02-12,Main Lounge,Chartreuse Herbal Liqueur,116.3
2024-02-13,Main Lounge,Chartreuse Herbal Liqueur,0.0
2024-02-14,Main Lounge,Chartreuse Herbal Liqueur,0.0
2024-02-15,Main Lounge,Chartreuse Herbal Liqueur,0.0
2024-02-16,Main Lounge,Chartreuse Herbal Liqueur,54.1
2024-02-17,Main Lounge,Chartreuse Herbal Liqueur,129.2
2024-02-18,Main Lounge,Chartreuse Herbal Liqueur,0.0
2024-02-19,Main Lounge,Chartreuse Herbal Liqueur,119.8
2024-02-20,Main Lounge,Chartreuse Herbal Liqueur,0.0
2024-02-21,Main Lounge,Chartreuse Herbal Liqueur,108.6
2024-02-22,Main Lounge,Chartreuse Herbal Liqueur,0.0
2024-02-23,Main Lounge,Chartreuse Herbal Liqueur,74.6
2024-02-24,Main Lounge,Chartreuse Herbal Liqueur,150.8
2024-02-25,Main Lounge,Chartreuse Herbal Liqueur,108.5
2024-02-26,Main Lounge,Chartreuse Herbal Liqueur,0.0
2024-02-27,Main Lounge,Chartreuse Herbal Liqueur,0.0
2024-02-28,Main Lounge,Chartreuse Herbal Liqueur,130.2
2024-02-29,Main Lounge,Chartreuse Herbal Liqueur,185.0
2024-03-01,Main Lounge,Chartreuse Herbal Liqueur,0.0
2024-03-02,Main Lounge,Chartreuse Herbal Liqueur,47.7
2024-03-03,Main Lounge,Chartreuse Herbal Liqueur,164.0
2024-03-04,Main Lounge,Chartreuse Herbal Liqueur,0.0
2024-03-05,Main Lounge,Chartreuse Herbal Liqueur,0.0
2024-03-06,Main Lounge,Chartreuse Herbal Liqueur,0.0
2024-03-07,Main Lounge,Chartreuse Herbal Liqueur,0.0
2024-03-08,Main Lounge,Chartreuse Herbal Liqueur,110.9
2024-03-09,Main Lounge,Chartreuse Herbal Liqueur,146.3
2024-03-10,Main Lounge,Chartreuse Herbal Liqueur,0.0
2024-03-11,Main Lounge,Chartreuse Herbal Liqueur,0.0
2024-03-12,Main Lounge,Chartreuse Herbal Liqueur,0.0
2024-03-13,Main Lounge,Chartreuse Herbal Liqueur,0.0
2024-03-14,Main Lounge,Chartreuse Herbal Liqueur,0.0
2024-03-15,Main Lounge,Chartreuse Herbal Liqueur,192.4
2024-03-16,Main Lounge,Chartreuse Herbal Liqueur,81.4
2024-03-17,Main Lounge,Chartreuse Herbal Liqueur,0.0
2024-03-18,Main Lounge,Chartreuse Herbal Liqueur,109.2
2024-03-19,Main Lounge,Chartreuse Herbal Liqueur,0.0
2024-03-20,Main Lounge,Chartreuse Herbal Liqueur,0.0
2024-03-21,Main Lounge,Chartreuse Herbal Liqueur,0.0
2024-03-22,Main Lounge,Chartreuse Herbal Liqueur,164.8
2024-03-23,Main Lounge,Chartreuse Herbal Liqueur,103.4
2024-03-24,Main Lounge,Chartreuse Herbal Liqueur,0.0
2024-03-25,Main Lounge,Chartreuse Herbal Liqueur,129.1
2024-03-26,Main Lounge,Chartreuse Herbal Liqueur,0.0
2024-03-27,Main Lounge,Chartreuse Herbal Liqueur,0.0
2024-03-28,Main Lounge,Chartreuse Herbal Liqueur,73.1
2024-03-29,Main Lounge,Chartreuse Herbal Liqueur,0.0
2024-03-30,Main Lounge,Chartreuse Herbal Liqueur,40.0
2024-03-31,Main Lounge,Chartreuse Herbal Liqueur,157.3
2024-04-01,Main Lounge,Chartreuse Herbal Liqueur,27.6
2024-04-02,Main Lounge,Chartreuse Herbal Liqueur,79.8
2024-04-03,Main Lounge,Chartreuse Herbal Liqueur,0.0
2024-04-04,Main Lounge,Chartreuse Herbal Liqueur,161.0
2024-04-05,Main Lounge,Chartreuse Herbal Liqueur,0.0
2024-04-06,Main Lounge,Chartreuse Herbal Liqueur,45.8
2024-04-07,Main Lounge,Chartreuse Herbal Liqueur,0.0
2024-04-08,Main Lounge,Chartreuse Herbal Liqueur,0.0
2024-04-09,Main Lounge,Chartreuse Herbal Liqueur,0.0
2024-04-10,Main Lounge,Chartreuse Herbal Liqueur,121.6
2024-04-11,Main Lounge,Chartreuse Herbal Liqueur,0.0
2024-04-12,Main Lounge,Chartreuse Herbal Liqueur,177.8
2024-04-13,Main Lounge,Chartreuse Herbal Liqueur,90.4
2024-04-14,Main Lounge,Chartreuse Herbal Liqueur,0.0
2024-04-15,Main Lounge,Chartreuse Herbal Liqueur,20.5
2024-04-16,Main Lounge,Chartreuse Herbal Liqueur,0.0
2024-04-17,Main Lounge,Chartreuse Herbal Liqueur,0.0
2024-04-18,Main Lounge,Chartreuse Herbal Liqueur,13.4
2024-04-19,Main Lounge,Chartreuse Herbal Liqueur,101.5
2024-04-20,Main Lounge,Chartreuse Herbal Liqueur,123.0
2024-04-21,Main Lounge,Chartreuse Herbal Liqueur,0.0
2024-04-22,Main Lounge,Chartreuse Herbal Liqueur,183.1
2024-04-23,Main Lounge,Chartreuse Herbal Liqueur,161.4
2024-04-24,Main Lounge,Chartreuse Herbal Liqueur,44.1
2024-04-25,Main Lounge,Chartreuse Herbal Liqueur,140.4
2024-04-26,Main Lounge,Chartreuse Herbal Liqueur,63.1
2024-04-27,Main Lounge,Chartreuse Herbal Liqueur,36.4
2024-04-28,Main Lounge,Chartreuse Herbal Liqueur,77.9
2024-04-29,Main Lounge,Chartreuse Herbal Liqueur,0.0
2024-04-30,Main Lounge,Chartreuse Herbal Liqueur,21.2
2024-05-01,Main Lounge,Chartreuse Herbal Liqueur,0.0
2024-05-02,Main Lounge,Chartreuse Herbal Liqueur,0.0
2024-05-03,Main Lounge,Chartreuse Herbal Liqueur,180.8
2024-05-04,Main Lounge,Chartreuse Herbal Liqueur,44.4
2024-05-05,Main Lounge,Chartreuse Herbal Liqueur,117.6
2024-05-06,Main Lounge,Chartreuse Herbal Liqueur,0.0
2024-05-07,Main Lounge,Chartreuse Herbal Liqueur,0.0
2024-05-08,Main Lounge,Chartreuse Herbal Liqueur,0.0
2024-05-09,Main Lounge,Chartreuse Herbal Liqueur,158.4
2024-05-10,Main Lounge,Chartreuse Herbal Liqueur,3.3
2024-05-11,Main Lounge,Chartreuse Herbal Liqueur,57.1
2024-05-12,Main Lounge,Chartreuse Herbal Liqueur,0.0
2024-05-13,Main Lounge,Chartreuse Herbal Liqueur,0.0
2024-05-14,Main Lounge,Chartreuse Herbal Liqueur,0.0
2024-05-15,Main Lounge,Chartreuse Herbal Liqueur,19.0
2024-05-16,Main Lounge,Chartreuse Herbal Liqueur,158.7
2024-05-17,Main Lounge,Chartreuse Herbal Liqueur,88.7
2024-05-18,Main Lounge,Chartreuse Herbal Liqueur,59.1
2024-05-19,Main Lounge,Chartreuse Herbal Liqueur,0.0
2024-05-20,Main Lounge,Chartreuse Herbal Liqueur,0.0
2024-05-21,Main Lounge,Chartreuse Herbal Liqueur,127.4
2024-05-22,Main Lounge,Chartreuse Herbal Liqueur,0.0
2024-05-23,Main Lounge,Chartreuse Herbal Liqueur,140.2
2024-05-24,Main Lounge,Chartreuse Herbal Liqueur,4.6
2024-05-25,Main Lounge,Chartreuse Herbal Liqueur,195.8
2024-05-26,Main Lounge,Chartreuse Herbal Liqueur,2.6
2024-05-27,Main Lounge,Chartreuse Herbal Liqueur,0.0
2024-05-28,Main Lounge,Chartreuse Herbal Liqueur,0.0
2024-05-29,Main Lounge,Chartreuse Herbal Liqueur,0.0
2024-05-30,Main Lounge,Chartreuse Herbal Liqueur,95.1
2024-05-31,Main Lounge,Chartreuse Herbal Liqueur,45.1
2024-06-01,Main Lounge,Chartreuse Herbal Liqueur,57.2
2024-06-02,Main Lounge,Chartreuse Herbal Liqueur,110.0
2024-06-03,Main Lounge,Chartreuse Herbal Liqueur,0.0
2024-06-04,Main Lounge,Chartreuse Herbal Liqueur,0.0
2024-06-05,Main Lounge,Chartreuse Herbal Liqueur,0.0
2024-06-06,Main Lounge,Chartreuse Herbal Liqueur,0.0
2024-06-07,Main Lounge,Chartreuse Herbal Liqueur,97.6
2024-06-08,Main Lounge,Chartreuse Herbal Liqueur,112.3
2024-06-09,Main Lounge,Chartreuse Herbal Liqueur,85.7
2024-06-10,Main Lounge,Chartreuse Herbal Liqueur,12.9
2024-06-11,Main Lounge,Chartreuse Herbal Liqueur,0.0
2024-06-12,Main Lounge,Chartreuse Herbal Liqueur,181.6
2024-06-13,Main Lounge,Chartreuse Herbal Liqueur,0.0
2024-06-14,Main Lounge,Chartreuse Herbal Liqueur,129.9
2024-06-15,Main Lounge,Chartreuse Herbal Liqueur,154.5
2024-06-16,Main Lounge,Chartreuse Herbal Liqueur,135.9
2024-06-17,Main Lounge,Chartreuse Herbal Liqueur,102.8
2024-06-18,Main Lounge,Chartreuse Herbal Liqueur,43.1
2024-06-19,Main Lounge,Chartreuse Herbal Liqueur,141.1
2024-06-20,Main Lounge,Chartreuse Herbal Liqueur,87.3
2024-06-21,Main Lounge,Chartreuse Herbal Liqueur,72.2
2024-06-22,Main Lounge,Chartreuse Herbal Liqueur,102.8
2024-06-23,Main Lounge,Chartreuse Herbal Liqueur,78.4
2024-06-24,Main Lounge,Chartreuse Herbal Liqueur,63.7
2024-06-25,Main Lounge,Chartreuse Herbal Liqueur,19.4
2024-06-26,Main Lounge,Chartreuse Herbal Liqueur,9.0
2024-06-27,Main Lounge,Chartreuse Herbal Liqueur,0.0
2024-06-28,Main Lounge,Chartreuse Herbal Liqueur,109.0
2024-01-01,Main Lounge,Grey Goose Vodka,1309.6
2024-01-02,Main Lounge,Grey Goose Vodka,1794.5
2024-01-03,Main Lounge,Grey Goose Vodka,1687.0
2024-01-04,Main Lounge,Grey Goose Vodka,2019.8
2024-01-05,Main Lounge,Grey Goose Vodka,3167.7
2024-01-06,Main Lounge,Grey Goose Vodka,3193.0
2024-01-07,Main Lounge,Grey Goose Vodka,1099.2
2024-01-08,Main Lounge,Grey Goose Vodka,1703.0
2024-01-09,Main Lounge,Grey Goose Vodka,2724.6
2024-01-10,Main Lounge,Grey Goose Vodka,1739.4
2024-01-11,Main Lounge,Grey Goose Vodka,1603.3
2024-01-12,Main Lounge,Grey Goose Vodka,3734.4
2024-01-13,Main Lounge,Grey Goose Vodka,3946.3
2024-01-14,Main Lounge,Grey Goose Vodka,1729.8
2024-01-15,Main Lounge,Grey Goose Vodka,933.0
2024-01-16,Main Lounge,Grey Goose Vodka,1399.3
2024-01-17,Main Lounge,Grey Goose Vodka,1877.8
2024-01-18,Main Lounge,Grey Goose Vodka,1481.9
2024-01-19,Main Lounge,Grey Goose Vodka,3647.3
2024-01-20,Main Lounge,Grey Goose Vodka,3731.9
2024-01-21,Main Lounge,Grey Goose Vodka,1707.5
2024-01-22,Main Lounge,Grey Goose Vodka,1384.8
2024-01-23,Main Lounge,Grey Goose Vodka,2029.1
2024-01-24,Main Lounge,Grey Goose Vodka,1983.7
2024-01-25,Main Lounge,Grey Goose Vodka,1710.7
2024-01-26,Main Lounge,Grey Goose Vodka,3875.9
2024-01-27,Main Lounge,Grey Goose Vodka,3640.3
2024-01-28,Main Lounge,Grey Goose Vodka,793.6
2024-01-29,Main Lounge,Grey Goose Vodka,1543.7
2024-01-30,Main Lounge,Grey Goose Vodka,2271.9
2024-01-31,Main Lounge,Grey Goose Vodka,2376.4
2024-02-01,Main Lounge,Grey Goose Vodka,1824.2
2024-02-02,Main Lounge,Grey Goose Vodka,3335.5
2024-02-03,Main Lounge,Grey Goose Vodka,3237.8
2024-02-04,Main Lounge,Grey Goose Vodka,885.5
2024-02-05,Main Lounge,Grey Goose Vodka,1455.9
2024-02-06,Main Lounge,Grey Goose Vodka,1240.6
2024-02-07,Main Lounge,Grey Goose Vodka,1410.9
2024-02-08,Main Lounge,Grey Goose Vodka,1562.3
2024-02-09,Main Lounge,Grey Goose Vodka,3325.3
2024-02-10,Main Lounge,Grey Goose Vodka,2881.6
2024-02-11,Main Lounge,Grey Goose Vodka,896.4
2024-02-12,Main Lounge,Grey Goose Vodka,687.0
2024-02-13,Main Lounge,Grey Goose Vodka,1547.9
2024-02-14,Main Lounge,Grey Goose Vodka,1472.5
2024-02-15,Main Lounge,Grey Goose Vodka,1697.2
2024-02-16,Main Lounge,Grey Goose Vodka,3079.2
2024-02-17,Main Lounge,Grey Goose Vodka,2619.8
2024-02-18,Main Lounge,Grey Goose Vodka,1793.2
2024-02-19,Main Lounge,Grey Goose Vodka,1807.3
2024-02-20,Main Lounge,Grey Goose Vodka,854.4
2024-02-21,Main Lounge,Grey Goose Vodka,1591.2
2024-02-22,Main Lounge,Grey Goose Vodka,1383.3
2024-02-23,Main Lounge,Grey Goose Vodka,3029.1
2024-02-24,Main Lounge,Grey Goose Vodka,3535.5
2024-02-25,Main Lounge,Grey Goose Vodka,2154.7
2024-02-26,Main Lounge,Grey Goose Vodka,997.2
2024-02-27,Main Lounge,Grey Goose Vodka,959.2
2024-02-28,Main Lounge,Grey Goose Vodka,1948.6
2024-02-29,Main Lounge,Grey Goose Vodka,2373.8
2024-03-01,Main Lounge,Grey Goose Vodka,3366.9
2024-03-02,Main Lounge,Grey Goose Vodka,2551.8
2024-03-03,Main Lounge,Grey Goose Vodka,954.8
2024-03-04,Main Lounge,Grey Goose Vodka,1548.5
2024-03-05,Main Lounge,Grey Goose Vodka,936.7
2024-03-06,Main Lounge,Grey Goose Vodka,1208.8
2024-03-07,Main Lounge,Grey Goose Vodka,2110.3
2024-03-08,Main Lounge,Grey Goose Vodka,3676.8
2024-03-09,Main Lounge,Grey Goose Vodka,2944.7
2024-03-10,Main Lounge,Grey Goose Vodka,1779.5
2024-03-11,Main Lounge,Grey Goose Vodka,1501.9
2024-03-12,Main Lounge,Grey Goose Vodka,1715.4
2024-03-13,Main Lounge,Grey Goose Vodka,1282.7
2024-03-14,Main Lounge,Grey Goose Vodka,1189.8
2024-03-15,Main Lounge,Grey Goose Vodka,3029.8
2024-03-16,Main Lounge,Grey Goose Vodka,3501.9
2024-03-17,Main Lounge,Grey Goose Vodka,1722.8
2024-03-18,Main Lounge,Grey Goose Vodka,1815.2
2024-03-19,Main Lounge,Grey Goose Vodka,1794.3
2024-03-20,Main Lounge,Grey Goose Vodka,1793.8
2024-03-21,Main Lounge,Grey Goose Vodka,1819.8
2024-03-22,Main Lounge,Grey Goose Vodka,3948.7
2024-03-23,Main Lounge,Grey Goose Vodka,3507.1
2024-03-24,Main Lounge,Grey Goose Vodka,1170.6
2024-03-25,Main Lounge,Grey Goose Vodka,1371.4
2024-03-26,Main Lounge,Grey Goose Vodka,1596.5
2024-03-27,Main Lounge,Grey Goose Vodka,2270.0
2024-03-28,Main Lounge,Grey Goose Vodka,1618.5
2024-03-29,Main Lounge,Grey Goose Vodka,3843.5
2024-03-30,Main Lounge,Grey Goose Vodka,4270.8
2024-03-31,Main Lounge,Grey Goose Vodka,1511.2
2024-04-01,Main Lounge,Grey Goose Vodka,1338.8
2024-04-02,Main Lounge,Grey Goose Vodka,2370.5
2024-04-03,Main Lounge,Grey Goose Vodka,1251.8
2024-04-04,Main Lounge,Grey Goose Vodka,1990.1
2024-04-05,Main Lounge,Grey Goose Vodka,4008.2
2024-04-06,Main Lounge,Grey Goose Vodka,2893.5
2024-04-07,Main Lounge,Grey Goose Vodka,1664.2
2024-04-08,Main Lounge,Grey Goose Vodka,1761.9
2024-04-09,Main Lounge,Grey Goose Vodka,1912.5
2024-04-10,Main Lounge,Grey Goose Vodka,652.3
2024-04-11,Main Lounge,Grey Goose Vodka,968.4
2024-04-12,Main Lounge,Grey Goose Vodka,3405.8
2024-04-13,Main Lounge,Grey Goose Vodka,3776.0
2024-04-14,Main Lounge,Grey Goose Vodka,2093.5
2024-04-15,Main Lounge,Grey Goose Vodka,1801.8
2024-04-16,Main Lounge,Grey Goose Vodka,1763.1
2024-04-17,Main Lounge,Grey Goose Vodka,2077.0
2024-04-18,Main Lounge,Grey Goose Vodka,1687.9
2024-04-19,Main Lounge,Grey Goose Vodka,3148.7
2024-04-20,Main Lounge,Grey Goose Vodka,3419.1
2024-04-21,Main Lounge,Grey Goose Vodka,779.0
2024-04-22,Main Lounge,Grey Goose Vodka,1273.5
2024-04-23,Main Lounge,Grey Goose Vodka,1958.9
2024-04-24,Main Lounge,Grey Goose Vodka,746.6
2024-04-25,Main Lounge,Grey Goose Vodka,1004.6
2024-04-26,Main Lounge,Grey Goose Vodka,3807.6
2024-04-27,Main Lounge,Grey Goose Vodka,3802.1
2024-04-28,Main Lounge,Grey Goose Vodka,1291.7
2024-04-29,Main Lounge,Grey Goose Vodka,1424.3
2024-04-30,Main Lounge,Grey Goose Vodka,1607.1
2024-05-01,Main Lounge,Grey Goose Vodka,1681.8
2024-05-02,Main Lounge,Grey Goose Vodka,2071.2
2024-05-03,Main Lounge,Grey Goose Vodka,4407.2
2024-05-04,Main Lounge,Grey Goose Vodka,2377.3
2024-05-05,Main Lounge,Grey Goose Vodka,1744.1
2024-05-06,Main Lounge,Grey Goose Vodka,1671.5
2024-05-07,Main Lounge,Grey Goose Vodka,1329.3
2024-05-08,Main Lounge,Grey Goose Vodka,901.1
2024-05-09,Main Lounge,Grey Goose Vodka,919.6
2024-05-10,Main Lounge,Grey Goose Vodka,2505.1
2024-05-11,Main Lounge,Grey Goose Vodka,2929.3
2024-05-12,Main Lounge,Grey Goose Vodka,2283.5
2024-05-13,Main Lounge,Grey Goose Vodka,1774.6
2024-05-14,Main Lounge,Grey Goose Vodka,902.2
2024-05-15,Main Lounge,Grey Goose Vodka,1175.9
2024-05-16,Main Lounge,Grey Goose Vodka,1438.3
2024-05-17,Main Lounge,Grey Goose Vodka,3384.8
2024-05-18,Main Lounge,Grey Goose Vodka,3112.7
2024-05-19,Main Lounge,Grey Goose Vodka,1120.0
2024-05-20,Main Lounge,Grey Goose Vodka,1509.5
2024-05-21,Main Lounge,Grey Goose Vodka,2004.2
2024-05-22,Main Lounge,Grey Goose Vodka,1196.8
2024-05-23,Main Lounge,Grey Goose Vodka,951.3
2024-05-24,Main Lounge,Grey Goose Vodka,4218.1
2024-05-25,Main Lounge,Grey Goose Vodka,2752.9
2024-05-26,Main Lounge,Grey Goose Vodka,2175.2
2024-05-27,Main Lounge,Grey Goose Vodka,772.7
2024-05-28,Main Lounge,Grey Goose Vodka,1526.5
2024-05-29,Main Lounge,Grey Goose Vodka,1431.6
2024-05-30,Main Lounge,Grey Goose Vodka,1677.7
2024-05-31,Main Lounge,Grey Goose Vodka,3992.8
2024-06-01,Main Lounge,Grey Goose Vodka,2598.7
2024-06-02,Main Lounge,Grey Goose Vodka,1339.6
2024-06-03,Main Lounge,Grey Goose Vodka,1417.6
2024-06-04,Main Lounge,Grey Goose Vodka,832.4
2024-06-05,Main Lounge,Grey Goose Vodka,2042.5
2024-06-06,Main Lounge,Grey Goose Vodka,2261.3
2024-06-07,Main Lounge,Grey Goose Vodka,3968.6
2024-06-08,Main Lounge,Grey Goose Vodka,3462.7
2024-06-09,Main Lounge,Grey Goose Vodka,1853.6
2024-06-10,Main Lounge,Grey Goose Vodka,2182.7
2024-06-11,Main Lounge,Grey Goose Vodka,2292.8
2024-06-12,Main Lounge,Grey Goose Vodka,2139.7
2024-06-13,Main Lounge,Grey Goose Vodka,1954.1
2024-06-14,Main Lounge,Grey Goose Vodka,3384.9
2024-06-15,Main Lounge,Grey Goose Vodka,3983.5
2024-06-16,Main Lounge,Grey Goose Vodka,1494.5
2024-06-17,Main Lounge,Grey Goose Vodka,1730.9
2024-06-18,Main Lounge,Grey Goose Vodka,935.9
2024-06-19,Main Lounge,Grey Goose Vodka,1146.8
2024-06-20,Main Lounge,Grey Goose Vodka,1815.3
2024-06-21,Main Lounge,Grey Goose Vodka,3466.6
2024-06-22,Main Lounge,Grey Goose Vodka,3592.6
2024-06-23,Main Lounge,Grey Goose Vodka,1583.1
2024-06-24,Main Lounge,Grey Goose Vodka,1337.7
2024-06-25,Main Lounge,Grey Goose Vodka,1005.6
2024-06-26,Main Lounge,Grey Goose Vodka,1032.1
2024-06-27,Main Lounge,Grey Goose Vodka,1947.4
2024-06-28,Main Lounge,Grey Goose Vodka,3149.7
2024-01-01,Main Lounge,Hendrick's Gin,556.8
2024-01-02,Main Lounge,Hendrick's Gin,1142.8
2024-01-03,Main Lounge,Hendrick's Gin,1136.3
2024-01-04,Main Lounge,Hendrick's Gin,1026.7
2024-01-05,Main Lounge,Hendrick's Gin,2137.4
2024-01-06,Main Lounge,Hendrick's Gin,2425.2
2024-01-07,Main Lounge,Hendrick's Gin,1092.9
2024-01-08,Main Lounge,Hendrick's Gin,743.7
2024-01-09,Main Lounge,Hendrick's Gin,1060.3
2024-01-10,Main Lounge,Hendrick's Gin,786.3
2024-01-11,Main Lounge,Hendrick's Gin,1245.4
2024-01-12,Main Lounge,Hendrick's Gin,1865.9
2024-01-13,Main Lounge,Hendrick's Gin,2772.9
2024-01-14,Main Lounge,Hendrick's Gin,1156.3
2024-01-15,Main Lounge,Hendrick's Gin,1077.2
2024-01-16,Main Lounge,Hendrick's Gin,1348.8
2024-01-17,Main Lounge,Hendrick's Gin,828.3
2024-01-18,Main Lounge,Hendrick's Gin,882.7
2024-01-19,Main Lounge,Hendrick's Gin,2353.9
2024-01-20,Main Lounge,Hendrick's Gin,1997.5
2024-01-21,Main Lounge,Hendrick's Gin,1052.4
2024-01-22,Main Lounge,Hendrick's Gin,1079.0
2024-01-23,Main Lounge,Hendrick's Gin,1394.6
2024-01-24,Main Lounge,Hendrick's Gin,1004.0
2024-01-25,Main Lounge,Hendrick's Gin,532.4
2024-01-26,Main Lounge,Hendrick's Gin,2834.6
2024-01-27,Main Lounge,Hendrick's Gin,1895.3
2024-01-28,Main Lounge,Hendrick's Gin,597.0
2024-01-29,Main Lounge,Hendrick's Gin,1200.6
2024-01-30,Main Lounge,Hendrick's Gin,1124.7
2024-01-31,Main Lounge,Hendrick's Gin,1005.1
2024-02-01,Main Lounge,Hendrick's Gin,800.8
2024-02-02,Main Lounge,Hendrick's Gin,1808.4
2024-02-03,Main Lounge,Hendrick's Gin,2287.7
2024-02-04,Main Lounge,Hendrick's Gin,1400.0
2024-02-05,Main Lounge,Hendrick's Gin,809.9
2024-02-06,Main Lounge,Hendrick's Gin,359.1
2024-02-07,Main Lounge,Hendrick's Gin,1122.6
2024-02-08,Main Lounge,Hendrick's Gin,767.5
2024-02-09,Main Lounge,Hendrick's Gin,2353.2
2024-02-10,Main Lounge,Hendrick's Gin,2301.9
2024-02-11,Main Lounge,Hendrick's Gin,1462.1
2024-02-12,Main Lounge,Hendrick's Gin,935.5
2024-02-13,Main Lounge,Hendrick's Gin,893.4
2024-02-14,Main Lounge,Hendrick's Gin,1597.6
2024-02-15,Main Lounge,Hendrick's Gin,1290.9
2024-02-16,Main Lounge,Hendrick's Gin,2206.0
2024-02-17,Main Lounge,Hendrick's Gin,2314.0
2024-02-18,Main Lounge,Hendrick's Gin,735.0
2024-02-19,Main Lounge,Hendrick's Gin,1249.4
2024-02-20,Main Lounge,Hendrick's Gin,1301.7
2024-02-21,Main Lounge,Hendrick's Gin,643.8
2024-02-22,Main Lounge,Hendrick's Gin,1099.7
2024-02-23,Main Lounge,Hendrick's Gin,2238.2
2024-02-24,Main Lounge,Hendrick's Gin,2384.9
2024-02-25,Main Lounge,Hendrick's Gin,1085.8
2024-02-26,Main Lounge,Hendrick's Gin,1019.2
2024-02-27,Main Lounge,Hendrick's Gin,1146.8
2024-02-28,Main Lounge,Hendrick's Gin,492.4
2024-02-29,Main Lounge,Hendrick's Gin,736.5
2024-03-01,Main Lounge,Hendrick's Gin,2299.0
2024-03-02,Main Lounge,Hendrick's Gin,2099.0
2024-03-03,Main Lounge,Hendrick's Gin,1420.8
2024-03-04,Main Lounge,Hendrick's Gin,1699.2
2024-03-05,Main Lounge,Hendrick's Gin,1573.7
2024-03-06,Main Lounge,Hendrick's Gin,1368.2
2024-03-07,Main Lounge,Hendrick's Gin,227.7
2024-03-08,Main Lounge,Hendrick's Gin,2928.6
2024-03-09,Main Lounge,Hendrick's Gin,2182.8
2024-03-10,Main Lounge,Hendrick's Gin,1275.7
2024-03-11,Main Lounge,Hendrick's Gin,952.1
2024-03-12,Main Lounge,Hendrick's Gin,1450.1
2024-03-13,Main Lounge,Hendrick's Gin,644.4
2024-03-14,Main Lounge,Hendrick's Gin,883.3
2024-03-15,Main Lounge,Hendrick's Gin,2850.0
2024-03-16,Main Lounge,Hendrick's Gin,2274.4
2024-03-17,Main Lounge,Hendrick's Gin,843.9
2024-03-18,Main Lounge,Hendrick's Gin,524.3
2024-03-19,Main Lounge,Hendrick's Gin,1640.2
2024-03-20,Main Lounge,Hendrick's Gin,1112.2
2024-03-21,Main Lounge,Hendrick's Gin,1494.2
2024-03-22,Main Lounge,Hendrick's Gin,2055.2
2024-03-23,Main Lounge,Hendrick's Gin,2264.4
2024-03-24,Main Lounge,Hendrick's Gin,1771.4
2024-03-25,Main Lounge,Hendrick's Gin,950.5
2024-03-26,Main Lounge,Hendrick's Gin,1284.2
2024-03-27,Main Lounge,Hendrick's Gin,1374.4
2024-03-28,Main Lounge,Hendrick's Gin,1225.2
2024-03-29,Main Lounge,Hendrick's Gin,2347.4
2024-03-30,Main Lounge,Hendrick's Gin,2066.8
2024-03-31,Main Lounge,Hendrick's Gin,812.4
2024-04-01,Main Lounge,Hendrick's Gin,831.0
2024-04-02,Main Lounge,Hendrick's Gin,778.8
2024-04-03,Main Lounge,Hendrick's Gin,1572.7
2024-04-04,Main Lounge,Hendrick's Gin,1138.4
2024-04-05,Main Lounge,Hendrick's Gin,2010.4
2024-04-06,Main Lounge,Hendrick's Gin,1653.8
2024-04-07,Main Lounge,Hendrick's Gin,1553.8
2024-04-08,Main Lounge,Hendrick's Gin,1200.3
2024-04-09,Main Lounge,Hendrick's Gin,1353.8
2024-04-10,Main Lounge,Hendrick's Gin,392.0
2024-04-11,Main Lounge,Hendrick's Gin,1161.6
2024-04-12,Main Lounge,Hendrick's Gin,2180.0
2024-04-13,Main Lounge,Hendrick's Gin,2220.9
2024-04-14,Main Lounge,Hendrick's Gin,1466.1
2024-04-15,Main Lounge,Hendrick's Gin,1265.7
2024-04-16,Main Lounge,Hendrick's Gin,280.9
2024-04-17,Main Lounge,Hendrick's Gin,877.7
2024-04-18,Main Lounge,Hendrick's Gin,795.2
2024-04-19,Main Lounge,Hendrick's Gin,2440.5
2024-04-20,Main Lounge,Hendrick's Gin,2347.7
2024-04-21,Main Lounge,Hendrick's Gin,1229.3
2024-04-22,Main Lounge,Hendrick's Gin,540.7
2024-04-23,Main Lounge,Hendrick's Gin,653.0
2024-04-24,Main Lounge,Hendrick's Gin,1185.9
2024-04-25,Main Lounge,Hendrick's Gin,867.6
2024-04-26,Main Lounge,Hendrick's Gin,2472.1
2024-04-27,Main Lounge,Hendrick's Gin,1438.5
2024-04-28,Main Lounge,Hendrick's Gin,822.9
2024-04-29,Main Lounge,Hendrick's Gin,1362.4
2024-04-30,Main Lounge,Hendrick's Gin,1049.2
2024-05-01,Main Lounge,Hendrick's Gin,1037.0
2024-05-02,Main Lounge,Hendrick's Gin,1031.9
2024-05-03,Main Lounge,Hendrick's Gin,2449.8
2024-05-04,Main Lounge,Hendrick's Gin,1837.8
2024-05-05,Main Lounge,Hendrick's Gin,940.8
2024-05-06,Main Lounge,Hendrick's Gin,1205.0
2024-05-07,Main Lounge,Hendrick's Gin,1057.5
2024-05-08,Main Lounge,Hendrick's Gin,1055.9
2024-05-09,Main Lounge,Hendrick's Gin,965.0
2024-05-10,Main Lounge,Hendrick's Gin,2232.3
2024-05-11,Main Lounge,Hendrick's Gin,2074.4
2024-05-12,Main Lounge,Hendrick's Gin,840.6
2024-05-13,Main Lounge,Hendrick's Gin,941.7
2024-05-14,Main Lounge,Hendrick's Gin,541.4
2024-05-15,Main Lounge,Hendrick's Gin,1336.5
2024-05-16,Main Lounge,Hendrick's Gin,659.7
2024-05-17,Main Lounge,Hendrick's Gin,1598.4
2024-05-18,Main Lounge,Hendrick's Gin,1996.6
2024-05-19,Main Lounge,Hendrick's Gin,197.9
2024-05-20,Main Lounge,Hendrick's Gin,1344.0
2024-05-21,Main Lounge,Hendrick's Gin,879.5
2024-05-22,Main Lounge,Hendrick's Gin,1078.9
2024-05-23,Main Lounge,Hendrick's Gin,723.8
2024-05-24,Main Lounge,Hendrick's Gin,2057.4
2024-05-25,Main Lounge,Hendrick's Gin,2364.0
2024-05-26,Main Lounge,Hendrick's Gin,1200.7
2024-05-27,Main Lounge,Hendrick's Gin,1002.1
2024-05-28,Main Lounge,Hendrick's Gin,520.3
2024-05-29,Main Lounge,Hendrick's Gin,907.8
2024-05-30,Main Lounge,Hendrick's Gin,1498.4
2024-05-31,Main Lounge,Hendrick's Gin,2578.7
2024-06-01,Main Lounge,Hendrick's Gin,1987.6
2024-06-02,Main Lounge,Hendrick's Gin,1015.4
2024-06-03,Main Lounge,Hendrick's Gin,1043.3
2024-06-04,Main Lounge,Hendrick's Gin,863.7
2024-06-05,Main Lounge,Hendrick's Gin,841.5
2024-06-06,Main Lounge,Hendrick's Gin,1428.2
2024-06-07,Main Lounge,Hendrick's Gin,2193.7
2024-06-08,Main Lounge,Hendrick's Gin,1908.4
2024-06-09,Main Lounge,Hendrick's Gin,1131.4
2024-06-10,Main Lounge,Hendrick's Gin,739.2
2024-06-11,Main Lounge,Hendrick's Gin,1513.1
2024-06-12,Main Lounge,Hendrick's Gin,1624.8
2024-06-13,Main Lounge,Hendrick's Gin,770.6
2024-06-14,Main Lounge,Hendrick's Gin,2249.6
2024-06-15,Main Lounge,Hendrick's Gin,2286.4
2024-06-16,Main Lounge,Hendrick's Gin,985.9
2024-06-17,Main Lounge,Hendrick's Gin,646.0
2024-06-18,Main Lounge,Hendrick's Gin,1409.0
2024-06-19,Main Lounge,Hendrick's Gin,1161.1
2024-06-20,Main Lounge,Hendrick's Gin,1559.7
2024-06-21,Main Lounge,Hendrick's Gin,2153.3
2024-06-22,Main Lounge,Hendrick's Gin,2156.1
2024-06-23,Main Lounge,Hendrick's Gin,1520.4
2024-06-24,Main Lounge,Hendrick's Gin,878.9
2024-06-25,Main Lounge,Hendrick's Gin,1146.8
2024-06-26,Main Lounge,Hendrick's Gin,1332.6
2024-06-27,Main Lounge,Hendrick's Gin,924.5
2024-06-28,Main Lounge,Hendrick's Gin,2382.3
2024-01-01,Main Lounge,Jack Daniel's Bourbon,1304.9
2024-01-02,Main Lounge,Jack Daniel's Bourbon,1816.3
2024-01-03,Main Lounge,Jack Daniel's Bourbon,1550.5
2024-01-04,Main Lounge,Jack Daniel's Bourbon,1406.5
2024-01-05,Main Lounge,Jack Daniel's Bourbon,2175.0
2024-01-06,Main Lounge,Jack Daniel's Bourbon,2140.7
2024-01-07,Main Lounge,Jack Daniel's Bourbon,667.0
2024-01-08,Main Lounge,Jack Daniel's Bourbon,1310.2
2024-01-09,Main Lounge,Jack Daniel's Bourbon,2171.7
2024-01-10,Main Lounge,Jack Daniel's Bourbon,1007.9
2024-01-11,Main Lounge,Jack Daniel's Bourbon,1743.0
2024-01-12,Main Lounge,Jack Daniel's Bourbon,1993.3
2024-01-13,Main Lounge,Jack Daniel's Bourbon,2233.2
2024-01-14,Main Lounge,Jack Daniel's Bourbon,1057.7
2024-01-15,Main Lounge,Jack Daniel's Bourbon,1298.3
2024-01-16,Main Lounge,Jack Daniel's Bourbon,1565.5
2024-01-17,Main Lounge,Jack Daniel's Bourbon,1441.1
2024-01-18,Main Lounge,Jack Daniel's Bourbon,1537.8
2024-01-19,Main Lounge,Jack Daniel's Bourbon,2703.2
2024-01-20,Main Lounge,Jack Daniel's Bourbon,2173.4
2024-01-21,Main Lounge,Jack Daniel's Bourbon,1162.9
2024-01-22,Main Lounge,Jack Daniel's Bourbon,1408.6
2024-01-23,Main Lounge,Jack Daniel's Bourbon,725.3
2024-01-24,Main Lounge,Jack Daniel's Bourbon,1318.6
2024-01-25,Main Lounge,Jack Daniel's Bourbon,1208.9
2024-01-26,Main Lounge,Jack Daniel's Bourbon,2097.3
2024-01-27,Main Lounge,Jack Daniel's Bourbon,2266.3
2024-01-28,Main Lounge,Jack Daniel's Bourbon,1782.8
2024-01-29,Main Lounge,Jack Daniel's Bourbon,1301.8
2024-01-30,Main Lounge,Jack Daniel's Bourbon,1363.5
2024-01-31,Main Lounge,Jack Daniel's Bourbon,1119.1
2024-02-01,Main Lounge,Jack Daniel's Bourbon,1118.9
2024-02-02,Main Lounge,Jack Daniel's Bourbon,2371.6
2024-02-03,Main Lounge,Jack Daniel's Bourbon,2814.9
2024-02-04,Main Lounge,Jack Daniel's Bourbon,1241.7
2024-02-05,Main Lounge,Jack Daniel's Bourbon,1845.2
2024-02-06,Main Lounge,Jack Daniel's Bourbon,1320.8
2024-02-07,Main Lounge,Jack Daniel's Bourbon,1515.6
2024-02-08,Main Lounge,Jack Daniel's Bourbon,1855.9
2024-02-09,Main Lounge,Jack Daniel's Bourbon,2458.2
2024-02-10,Main Lounge,Jack Daniel's Bourbon,2289.1
2024-02-11,Main Lounge,Jack Daniel's Bourbon,1376.2
2024-02-12,Main Lounge,Jack Daniel's Bourbon,417.9
2024-02-13,Main Lounge,Jack Daniel's Bourbon,1481.0
2024-02-14,Main Lounge,Jack Daniel's Bourbon,1510.5
2024-02-15,Main Lounge,Jack Daniel's Bourbon,899.3
2024-02-16,Main Lounge,Jack Daniel's Bourbon,2900.2
2024-02-17,Main Lounge,Jack Daniel's Bourbon,2600.4
2024-02-18,Main Lounge,Jack Daniel's Bourbon,1336.9
2024-02-19,Main Lounge,Jack Daniel's Bourbon,825.3
2024-02-20,Main Lounge,Jack Daniel's Bourbon,1274.8
2024-02-21,Main Lounge,Jack Daniel's Bourbon,1499.2
2024-02-22,Main Lounge,Jack Daniel's Bourbon,1005.7
2024-02-23,Main Lounge,Jack Daniel's Bourbon,2403.2
2024-02-24,Main Lounge,Jack Daniel's Bourbon,2350.1
2024-02-25,Main Lounge,Jack Daniel's Bourbon,1063.8
2024-02-26,Main Lounge,Jack Daniel's Bourbon,851.1
2024-02-27,Main Lounge,Jack Daniel's Bourbon,969.5
2024-02-28,Main Lounge,Jack Daniel's Bourbon,1545.2
2024-02-29,Main Lounge,Jack Daniel's Bourbon,390.3
2024-03-01,Main Lounge,Jack Daniel's Bourbon,2308.6
2024-03-02,Main Lounge,Jack Daniel's Bourbon,2500.1
2024-03-03,Main Lounge,Jack Daniel's Bourbon,973.5
2024-03-04,Main Lounge,Jack Daniel's Bourbon,1564.7
2024-03-05,Main Lounge,Jack Daniel's Bourbon,2063.7
2024-03-06,Main Lounge,Jack Daniel's Bourbon,641.9
2024-03-07,Main Lounge,Jack Daniel's Bourbon,1240.1
2024-03-08,Main Lounge,Jack Daniel's Bourbon,2122.6
2024-03-09,Main Lounge,Jack Daniel's Bourbon,2458.1
2024-03-10,Main Lounge,Jack Daniel's Bourbon,1037.2
2024-03-11,Main Lounge,Jack Daniel's Bourbon,478.5
2024-03-12,Main Lounge,Jack Daniel's Bourbon,783.4
2024-03-13,Main Lounge,Jack Daniel's Bourbon,1422.0
2024-03-14,Main Lounge,Jack Daniel's Bourbon,1127.9
2024-03-15,Main Lounge,Jack Daniel's Bourbon,2437.5
2024-03-16,Main Lounge,Jack Daniel's Bourbon,2480.9
2024-03-17,Main Lounge,Jack Daniel's Bourbon,1044.1
2024-03-18,Main Lounge,Jack Daniel's Bourbon,1413.1
2024-03-19,Main Lounge,Jack Daniel's Bourbon,1320.4
2024-03-20,Main Lounge,Jack Daniel's Bourbon,1327.0
2024-03-21,Main Lounge,Jack Daniel's Bourbon,1731.2
2024-03-22,Main Lounge,Jack Daniel's Bourbon,2750.3
2024-03-23,Main Lounge,Jack Daniel's Bourbon,2018.1
2024-03-24,Main Lounge,Jack Daniel's Bourbon,937.9
2024-03-25,Main Lounge,Jack Daniel's Bourbon,596.7
2024-03-26,Main Lounge,Jack Daniel's Bourbon,1036.6
2024-03-27,Main Lounge,Jack Daniel's Bourbon,1588.7
2024-03-28,Main Lounge,Jack Daniel's Bourbon,1223.7
2024-03-29,Main Lounge,Jack Daniel's Bourbon,3254.5
2024-03-30,Main Lounge,Jack Daniel's Bourbon,2714.7
2024-03-31,Main Lounge,Jack Daniel's Bourbon,1343.2
2024-04-01,Main Lounge,Jack Daniel's Bourbon,1461.7
2024-04-02,Main Lounge,Jack Daniel's Bourbon,958.5
2024-04-03,Main Lounge,Jack Daniel's Bourbon,1233.8
2024-04-04,Main Lounge,Jack Daniel's Bourbon,1080.6
2024-04-05,Main Lounge,Jack Daniel's Bourbon,2234.8
2024-04-06,Main Lounge,Jack Daniel's Bourbon,3474.9
2024-04-07,Main Lounge,Jack Daniel's Bourbon,1156.5
2024-04-08,Main Lounge,Jack Daniel's Bourbon,1288.6
2024-04-09,Main Lounge,Jack Daniel's Bourbon,1154.0
2024-04-10,Main Lounge,Jack Daniel's Bourbon,1507.3
2024-04-11,Main Lounge,Jack Daniel's Bourbon,1781.4
2024-04-12,Main Lounge,Jack Daniel's Bourbon,2260.5
2024-04-13,Main Lounge,Jack Daniel's Bourbon,2514.4
2024-04-14,Main Lounge,Jack Daniel's Bourbon,1222.3
2024-04-15,Main Lounge,Jack Daniel's Bourbon,1879.6
2024-04-16,Main Lounge,Jack Daniel's Bourbon,1593.8
2024-04-17,Main Lounge,Jack Daniel's Bourbon,1018.6
2024-04-18,Main Lounge,Jack Daniel's Bourbon,1486.7
2024-04-19,Main Lounge,Jack Daniel's Bourbon,2938.2
2024-04-20,Main Lounge,Jack Daniel's Bourbon,1914.3
2024-04-21,Main Lounge,Jack Daniel's Bourbon,1213.9
2024-04-22,Main Lounge,Jack Daniel's Bourbon,1532.9
2024-04-23,Main Lounge,Jack Daniel's Bourbon,1283.7
2024-04-24,Main Lounge,Jack Daniel's Bourbon,1220.6
2024-04-25,Main Lounge,Jack Daniel's Bourbon,1483.1
2024-04-26,Main Lounge,Jack Daniel's Bourbon,1958.5
2024-04-27,Main Lounge,Jack Daniel's Bourbon,2652.4
2024-04-28,Main Lounge,Jack Daniel's Bourbon,1385.2
2024-04-29,Main Lounge,Jack Daniel's Bourbon,532.6
2024-04-30,Main Lounge,Jack Daniel's Bourbon,1155.6
2024-05-01,Main Lounge,Jack Daniel's Bourbon,1597.5
2024-05-02,Main Lounge,Jack Daniel's Bourbon,1046.7
2024-05-03,Main Lounge,Jack Daniel's Bourbon,2251.1
2024-05-04,Main Lounge,Jack Daniel's Bourbon,2373.1
2024-05-05,Main Lounge,Jack Daniel's Bourbon,993.1
2024-05-06,Main Lounge,Jack Daniel's Bourbon,869.5
2024-05-07,Main Lounge,Jack Daniel's Bourbon,955.5
2024-05-08,Main Lounge,Jack Daniel's Bourbon,845.3
2024-05-09,Main Lounge,Jack Daniel's Bourbon,1483.5
2024-05-10,Main Lounge,Jack Daniel's Bourbon,3310.7
2024-05-11,Main Lounge,Jack Daniel's Bourbon,2228.3
2024-05-12,Main Lounge,Jack Daniel's Bourbon,1659.8
2024-05-13,Main Lounge,Jack Daniel's Bourbon,1825.1
2024-05-14,Main Lounge,Jack Daniel's Bourbon,1437.2
2024-05-15,Main Lounge,Jack Daniel's Bourbon,1008.3
2024-05-16,Main Lounge,Jack Daniel's Bourbon,1464.8
2024-05-17,Main Lounge,Jack Daniel's Bourbon,3363.2
2024-05-18,Main Lounge,Jack Daniel's Bourbon,2438.3
2024-05-19,Main Lounge,Jack Daniel's Bourbon,1579.1
2024-05-20,Main Lounge,Jack Daniel's Bourbon,1186.6
2024-05-21,Main Lounge,Jack Daniel's Bourbon,1644.7
2024-05-22,Main Lounge,Jack Daniel's Bourbon,1339.1
2024-05-23,Main Lounge,Jack Daniel's Bourbon,1356.7
2024-05-24,Main Lounge,Jack Daniel's Bourbon,2486.6
2024-05-25,Main Lounge,Jack Daniel's Bourbon,2240.3
2024-05-26,Main Lounge,Jack Daniel's Bourbon,1250.8
2024-05-27,Main Lounge,Jack Daniel's Bourbon,1610.1
2024-05-28,Main Lounge,Jack Daniel's Bourbon,1447.5
2024-05-29,Main Lounge,Jack Daniel's Bourbon,1104.2
2024-05-30,Main Lounge,Jack Daniel's Bourbon,1417.9
2024-05-31,Main Lounge,Jack Daniel's Bourbon,2782.1
2024-06-01,Main Lounge,Jack Daniel's Bourbon,2454.8
2024-06-02,Main Lounge,Jack Daniel's Bourbon,1437.4
2024-06-03,Main Lounge,Jack Daniel's Bourbon,1805.5
2024-06-04,Main Lounge,Jack Daniel's Bourbon,1359.9
2024-06-05,Main Lounge,Jack Daniel's Bourbon,874.2
2024-06-06,Main Lounge,Jack Daniel's Bourbon,1291.2
2024-06-07,Main Lounge,Jack Daniel's Bourbon,2453.1
2024-06-08,Main Lounge,Jack Daniel's Bourbon,2349.9
2024-06-09,Main Lounge,Jack Daniel's Bourbon,1298.9
2024-06-10,Main Lounge,Jack Daniel's Bourbon,1383.7
2024-06-11,Main Lounge,Jack Daniel's Bourbon,576.2
2024-06-12,Main Lounge,Jack Daniel's Bourbon,1586.3
2024-06-13,Main Lounge,Jack Daniel's Bourbon,1031.6
2024-06-14,Main Lounge,Jack Daniel's Bourbon,2607.3
2024-06-15,Main Lounge,Jack Daniel's Bourbon,2267.9
2024-06-16,Main Lounge,Jack Daniel's Bourbon,1919.7
2024-06-17,Main Lounge,Jack Daniel's Bourbon,1395.2
2024-06-18,Main Lounge,Jack Daniel's Bourbon,1052.3
2024-06-19,Main Lounge,Jack Daniel's Bourbon,769.0
2024-06-20,Main Lounge,Jack Daniel's Bourbon,1552.6
2024-06-21,Main Lounge,Jack Daniel's Bourbon,1797.8
2024-06-22,Main Lounge,Jack Daniel's Bourbon,2263.7
2024-06-23,Main Lounge,Jack Daniel's Bourbon,1381.6
2024-06-24,Main Lounge,Jack Daniel's Bourbon,1486.1
2024-06-25,Main Lounge,Jack Daniel's Bourbon,1827.1
2024-06-26,Main Lounge,Jack Daniel's Bourbon,331.8
2024-06-27,Main Lounge,Jack Daniel's Bourbon,1689.7
2024-06-28,Main Lounge,Jack Daniel's Bourbon,2648.9
2024-01-01,Main Lounge,Macallan 12 Scotch,302.3
2024-01-02,Main Lounge,Macallan 12 Scotch,600.9
2024-01-03,Main Lounge,Macallan 12 Scotch,377.1
2024-01-04,Main Lounge,Macallan 12 Scotch,638.0
2024-01-05,Main Lounge,Macallan 12 Scotch,963.5
2024-01-06,Main Lounge,Macallan 12 Scotch,764.1
2024-01-07,Main Lounge,Macallan 12 Scotch,560.9
2024-01-08,Main Lounge,Macallan 12 Scotch,689.7
2024-01-09,Main Lounge,Macallan 12 Scotch,242.3
2024-01-10,Main Lounge,Macallan 12 Scotch,749.8
2024-01-11,Main Lounge,Macallan 12 Scotch,417.3
2024-01-12,Main Lounge,Macallan 12 Scotch,865.6
2024-01-13,Main Lounge,Macallan 12 Scotch,776.2
2024-01-14,Main Lounge,Macallan 12 Scotch,531.9
2024-01-15,Main Lounge,Macallan 12 Scotch,646.7
2024-01-16,Main Lounge,Macallan 12 Scotch,693.9
2024-01-17,Main Lounge,Macallan 12 Scotch,360.3
2024-01-18,Main Lounge,Macallan 12 Scotch,662.4
2024-01-19,Main Lounge,Macallan 12 Scotch,866.6
2024-01-20,Main Lounge,Macallan 12 Scotch,937.0
2024-01-21,Main Lounge,Macallan 12 Scotch,728.8
2024-01-22,Main Lounge,Macallan 12 Scotch,464.6
2024-01-23,Main Lounge,Macallan 12 Scotch,263.2
2024-01-24,Main Lounge,Macallan 12 Scotch,306.2
2024-01-25,Main Lounge,Macallan 12 Scotch,174.9
2024-01-26,Main Lounge,Macallan 12 Scotch,863.0
2024-01-27,Main Lounge,Macallan 12 Scotch,764.9
2024-01-28,Main Lounge,Macallan 12 Scotch,593.1
2024-01-29,Main Lounge,Macallan 12 Scotch,515.0
2024-01-30,Main Lounge,Macallan 12 Scotch,842.5
2024-01-31,Main Lounge,Macallan 12 Scotch,338.3
2024-02-01,Main Lounge,Macallan 12 Scotch,574.9
2024-02-02,Main Lounge,Macallan 12 Scotch,654.3
2024-02-03,Main Lounge,Macallan 12 Scotch,669.6
2024-02-04,Main Lounge,Macallan 12 Scotch,791.7
2024-02-05,Main Lounge,Macallan 12 Scotch,470.7
2024-02-06,Main Lounge,Macallan 12 Scotch,78.8
2024-02-07,Main Lounge,Macallan 12 Scotch,680.9
2024-02-08,Main Lounge,Macallan 12 Scotch,647.8
2024-02-09,Main Lounge,Macallan 12 Scotch,849.6
2024-02-10,Main Lounge,Macallan 12 Scotch,629.9
2024-02-11,Main Lounge,Macallan 12 Scotch,623.2
2024-02-12,Main Lounge,Macallan 12 Scotch,409.5
2024-02-13,Main Lounge,Macallan 12 Scotch,816.5
2024-02-14,Main Lounge,Macallan 12 Scotch,598.0
2024-02-15,Main Lounge,Macallan 12 Scotch,646.1
2024-02-16,Main Lounge,Macallan 12 Scotch,636.9
2024-02-17,Main Lounge,Macallan 12 Scotch,300.3
2024-02-18,Main Lounge,Macallan 12 Scotch,89.9
2024-02-19,Main Lounge,Macallan 12 Scotch,336.2
2024-02-20,Main Lounge,Macallan 12 Scotch,533.2
2024-02-21,Main Lounge,Macallan 12 Scotch,516.0
2024-02-22,Main Lounge,Macallan 12 Scotch,808.1
2024-02-23,Main Lounge,Macallan 12 Scotch,882.0
2024-02-24,Main Lounge,Macallan 12 Scotch,778.9
2024-02-25,Main Lounge,Macallan 12 Scotch,235.5
2024-02-26,Main Lounge,Macallan 12 Scotch,680.7
2024-02-27,Main Lounge,Macallan 12 Scotch,505.8
2024-02-28,Main Lounge,Macallan 12 Scotch,758.3
2024-02-29,Main Lounge,Macallan 12 Scotch,416.6
2024-03-01,Main Lounge,Macallan 12 Scotch,684.4
2024-03-02,Main Lounge,Macallan 12 Scotch,1002.0
2024-03-03,Main Lounge,Macallan 12 Scotch,17.8
2024-03-04,Main Lounge,Macallan 12 Scotch,713.5
2024-03-05,Main Lounge,Macallan 12 Scotch,982.9
2024-03-06,Main Lounge,Macallan 12 Scotch,553.3
2024-03-07,Main Lounge,Macallan 12 Scotch,895.4
2024-03-08,Main Lounge,Macallan 12 Scotch,637.7
2024-03-09,Main Lounge,Macallan 12 Scotch,639.5
2024-03-10,Main Lounge,Macallan 12 Scotch,512.5
2024-03-11,Main Lounge,Macallan 12 Scotch,363.1
2024-03-12,Main Lounge,Macallan 12 Scotch,586.2
2024-03-13,Main Lounge,Macallan 12 Scotch,573.4
2024-03-14,Main Lounge,Macallan 12 Scotch,506.4
2024-03-15,Main Lounge,Macallan 12 Scotch,882.4
2024-03-16,Main Lounge,Macallan 12 Scotch,965.2
2024-03-17,Main Lounge,Macallan 12 Scotch,619.3
2024-03-18,Main Lounge,Macallan 12 Scotch,367.1
2024-03-19,Main Lounge,Macallan 12 Scotch,399.4
2024-03-20,Main Lounge,Macallan 12 Scotch,150.6
2024-03-21,Main Lounge,Macallan 12 Scotch,526.9
2024-03-22,Main Lounge,Macallan 12 Scotch,856.7
2024-03-23,Main Lounge,Macallan 12 Scotch,883.6
2024-03-24,Main Lounge,Macallan 12 Scotch,472.9
2024-03-25,Main Lounge,Macallan 12 Scotch,707.2
2024-03-26,Main Lounge,Macallan 12 Scotch,280.4
2024-03-27,Main Lounge,Macallan 12 Scotch,299.4
2024-03-28,Main Lounge,Macallan 12 Scotch,671.8
2024-03-29,Main Lounge,Macallan 12 Scotch,521.7
2024-03-30,Main Lounge,Macallan 12 Scotch,417.6
2024-03-31,Main Lounge,Macallan 12 Scotch,422.6
2024-04-01,Main Lounge,Macallan 12 Scotch,503.5
2024-04-02,Main Lounge,Macallan 12 Scotch,673.5
2024-04-03,Main Lounge,Macallan 12 Scotch,610.1
2024-04-04,Main Lounge,Macallan 12 Scotch,920.3
2024-04-05,Main Lounge,Macallan 12 Scotch,928.8
2024-04-06,Main Lounge,Macallan 12 Scotch,847.6
2024-04-07,Main Lounge,Macallan 12 Scotch,414.4
2024-04-08,Main Lounge,Macallan 12 Scotch,639.3
2024-04-09,Main Lounge,Macallan 12 Scotch,798.0
2024-04-10,Main Lounge,Macallan 12 Scotch,621.8
2024-04-11,Main Lounge,Macallan 12 Scotch,930.0
2024-04-12,Main Lounge,Macallan 12 Scotch,1170.6
2024-04-13,Main Lounge,Macallan 12 Scotch,988.4
2024-04-14,Main Lounge,Macallan 12 Scotch,426.6
2024-04-15,Main Lounge,Macallan 12 Scotch,525.0
2024-04-16,Main Lounge,Macallan 12 Scotch,190.6
2024-04-17,Main Lounge,Macallan 12 Scotch,394.8
2024-04-18,Main Lounge,Macallan 12 Scotch,813.4
2024-04-19,Main Lounge,Macallan 12 Scotch,1071.3
2024-04-20,Main Lounge,Macallan 12 Scotch,964.4
2024-04-21,Main Lounge,Macallan 12 Scotch,397.3
2024-04-22,Main Lounge,Macallan 12 Scotch,685.0
2024-04-23,Main Lounge,Macallan 12 Scotch,480.8
2024-04-24,Main Lounge,Macallan 12 Scotch,64.7
2024-04-25,Main Lounge,Macallan 12 Scotch,240.9
2024-04-26,Main Lounge,Macallan 12 Scotch,847.0
2024-04-27,Main Lounge,Macallan 12 Scotch,566.7
2024-04-28,Main Lounge,Macallan 12 Scotch,463.6
2024-04-29,Main Lounge,Macallan 12 Scotch,193.4
2024-04-30,Main Lounge,Macallan 12 Scotch,378.2
2024-05-01,Main Lounge,Macallan 12 Scotch,484.6
2024-05-02,Main Lounge,Macallan 12 Scotch,866.0
2024-05-03,Main Lounge,Macallan 12 Scotch,821.0
2024-05-04,Main Lounge,Macallan 12 Scotch,503.8
2024-05-05,Main Lounge,Macallan 12 Scotch,231.7
2024-05-06,Main Lounge,Macallan 12 Scotch,546.4
2024-05-07,Main Lounge,Macallan 12 Scotch,408.1
2024-05-08,Main Lounge,Macallan 12 Scotch,555.2
2024-05-09,Main Lounge,Macallan 12 Scotch,371.0
2024-05-10,Main Lounge,Macallan 12 Scotch,736.2
2024-05-11,Main Lounge,Macallan 12 Scotch,1106.1
2024-05-12,Main Lounge,Macallan 12 Scotch,312.4
2024-05-13,Main Lounge,Macallan 12 Scotch,521.2
2024-05-14,Main Lounge,Macallan 12 Scotch,311.8
2024-05-15,Main Lounge,Macallan 12 Scotch,539.8
2024-05-16,Main Lounge,Macallan 12 Scotch,163.4
2024-05-17,Main Lounge,Macallan 12 Scotch,965.3
2024-05-18,Main Lounge,Macallan 12 Scotch,1166.9
2024-05-19,Main Lounge,Macallan 12 Scotch,384.3
2024-05-20,Main Lounge,Macallan 12 Scotch,350.9
2024-05-21,Main Lounge,Macallan 12 Scotch,127.6
2024-05-22,Main Lounge,Macallan 12 Scotch,505.8
2024-05-23,Main Lounge,Macallan 12 Scotch,457.1
2024-05-24,Main Lounge,Macallan 12 Scotch,775.9
2024-05-25,Main Lounge,Macallan 12 Scotch,973.9
2024-05-26,Main Lounge,Macallan 12 Scotch,417.7
2024-05-27,Main Lounge,Macallan 12 Scotch,481.9
2024-05-28,Main Lounge,Macallan 12 Scotch,295.3
2024-05-29,Main Lounge,Macallan 12 Scotch,412.2
2024-05-30,Main Lounge,Macallan 12 Scotch,433.8
2024-05-31,Main Lounge,Macallan 12 Scotch,829.4
2024-06-01,Main Lounge,Macallan 12 Scotch,815.9
2024-06-02,Main Lounge,Macallan 12 Scotch,452.7
2024-06-03,Main Lounge,Macallan 12 Scotch,528.4
2024-06-04,Main Lounge,Macallan 12 Scotch,510.7
2024-06-05,Main Lounge,Macallan 12 Scotch,522.6
2024-06-06,Main Lounge,Macallan 12 Scotch,548.4
2024-06-07,Main Lounge,Macallan 12 Scotch,928.3
2024-06-08,Main Lounge,Macallan 12 Scotch,460.9
2024-06-09,Main Lounge,Macallan 12 Scotch,480.1
2024-06-10,Main Lounge,Macallan 12 Scotch,743.4
2024-06-11,Main Lounge,Macallan 12 Scotch,317.1
2024-06-12,Main Lounge,Macallan 12 Scotch,655.8
2024-06-13,Main Lounge,Macallan 12 Scotch,579.0
2024-06-14,Main Lounge,Macallan 12 Scotch,766.9
2024-06-15,Main Lounge,Macallan 12 Scotch,1025.9
2024-06-16,Main Lounge,Macallan 12 Scotch,404.5
2024-06-17,Main Lounge,Macallan 12 Scotch,242.5
2024-06-18,Main Lounge,Macallan 12 Scotch,563.8
2024-06-19,Main Lounge,Macallan 12 Scotch,454.2
2024-06-20,Main Lounge,Macallan 12 Scotch,571.0
2024-06-21,Main Lounge,Macallan 12 Scotch,809.3
2024-06-22,Main Lounge,Macallan 12 Scotch,618.6
2024-06-23,Main Lounge,Macallan 12 Scotch,411.6
2024-06-24,Main Lounge,Macallan 12 Scotch,770.1
2024-06-25,Main Lounge,Macallan 12 Scotch,510.0
2024-06-26,Main Lounge,Macallan 12 Scotch,572.0
2024-06-27,Main Lounge,Macallan 12 Scotch,484.5
2024-06-28,Main Lounge,Macallan 12 Scotch,1038.3
2024-01-01,Main Lounge,Patron Silver Tequila,933.7
2024-01-02,Main Lounge,Patron Silver Tequila,909.9
2024-01-03,Main Lounge,Patron Silver Tequila,1067.2
2024-01-04,Main Lounge,Patron Silver Tequila,1038.1
2024-01-05,Main Lounge,Patron Silver Tequila,1613.9
2024-01-06,Main Lounge,Patron Silver Tequila,1556.5
2024-01-07,Main Lounge,Patron Silver Tequila,801.2
2024-01-08,Main Lounge,Patron Silver Tequila,880.7
2024-01-09,Main Lounge,Patron Silver Tequila,1236.0
2024-01-10,Main Lounge,Patron Silver Tequila,908.8
2024-01-11,Main Lounge,Patron Silver Tequila,538.2
2024-01-12,Main Lounge,Patron Silver Tequila,1727.5
2024-01-13,Main Lounge,Patron Silver Tequila,1886.9
2024-01-14,Main Lounge,Patron Silver Tequila,1020.2
2024-01-15,Main Lounge,Patron Silver Tequila,919.9
2024-01-16,Main Lounge,Patron Silver Tequila,667.1
2024-01-17,Main Lounge,Patron Silver Tequila,729.8
2024-01-18,Main Lounge,Patron Silver Tequila,783.5
2024-01-19,Main Lounge,Patron Silver Tequila,898.7
2024-01-20,Main Lounge,Patron Silver Tequila,1689.9
2024-01-21,Main Lounge,Patron Silver Tequila,328.5
2024-01-22,Main Lounge,Patron Silver Tequila,661.4
2024-01-23,Main Lounge,Patron Silver Tequila,532.5
2024-01-24,Main Lounge,Patron Silver Tequila,934.8
2024-01-25,Main Lounge,Patron Silver Tequila,560.3
2024-01-26,Main Lounge,Patron Silver Tequila,1648.3
2024-01-27,Main Lounge,Patron Silver Tequila,1432.5
2024-01-28,Main Lounge,Patron Silver Tequila,993.0
2024-01-29,Main Lounge,Patron Silver Tequila,927.1
2024-01-30,Main Lounge,Patron Silver Tequila,752.4
2024-01-31,Main Lounge,Patron Silver Tequila,780.5
2024-02-01,Main Lounge,Patron Silver Tequila,571.1
2024-02-02,Main Lounge,Patron Silver Tequila,1773.5
2024-02-03,Main Lounge,Patron Silver Tequila,1442.8
2024-02-04,Main Lounge,Patron Silver Tequila,454.3
2024-02-05,Main Lounge,Patron Silver Tequila,976.4
2024-02-06,Main Lounge,Patron Silver Tequila,815.8
2024-02-07,Main Lounge,Patron Silver Tequila,684.1
2024-02-08,Main Lounge,Patron Silver Tequila,368.1
2024-02-09,Main Lounge,Patron Silver Tequila,1294.6
2024-02-10,Main Lounge,Patron Silver Tequila,1546.5
2024-02-11,Main Lounge,Patron Silver Tequila,834.2
2024-02-12,Main Lounge,Patron Silver Tequila,331.2
2024-02-13,Main Lounge,Patron Silver Tequila,917.0
2024-02-14,Main Lounge,Patron Silver Tequila,749.2
2024-02-15,Main Lounge,Patron Silver Tequila,631.0
2024-02-16,Main Lounge,Patron Silver Tequila,1892.0
2024-02-17,Main Lounge,Patron Silver Tequila,1772.2
2024-02-18,Main Lounge,Patron Silver Tequila,787.1
2024-02-19,Main Lounge,Patron Silver Tequila,669.8
2024-02-20,Main Lounge,Patron Silver Tequila,502.8
2024-02-21,Main Lounge,Patron Silver Tequila,1010.2
2024-02-22,Main Lounge,Patron Silver Tequila,1213.4
2024-02-23,Main Lounge,Patron Silver Tequila,1697.9
2024-02-24,Main Lounge,Patron Silver Tequila,1701.7
2024-02-25,Main Lounge,Patron Silver Tequila,986.2
2024-02-26,Main Lounge,Patron Silver Tequila,740.2
2024-02-27,Main Lounge,Patron Silver Tequila,1097.6
2024-02-28,Main Lounge,Patron Silver Tequila,968.8
2024-02-29,Main Lounge,Patron Silver Tequila,747.4
2024-03-01,Main Lounge,Patron Silver Tequila,1082.9
2024-03-02,Main Lounge,Patron Silver Tequila,1413.2
2024-03-03,Main Lounge,Patron Silver Tequila,1127.9
2024-03-04,Main Lounge,Patron Silver Tequila,688.4
2024-03-05,Main Lounge,Patron Silver Tequila,720.2
2024-03-06,Main Lounge,Patron Silver Tequila,772.0
2024-03-07,Main Lounge,Patron Silver Tequila,622.3
2024-03-08,Main Lounge,Patron Silver Tequila,1566.0
2024-03-09,Main Lounge,Patron Silver Tequila,1767.6
2024-03-10,Main Lounge,Patron Silver Tequila,996.6
2024-03-11,Main Lounge,Patron Silver Tequila,657.2
2024-03-12,Main Lounge,Patron Silver Tequila,830.2
2024-03-13,Main Lounge,Patron Silver Tequila,446.0
2024-03-14,Main Lounge,Patron Silver Tequila,676.5
2024-03-15,Main Lounge,Patron Silver Tequila,1671.1
2024-03-16,Main Lounge,Patron Silver Tequila,1746.2
2024-03-17,Main Lounge,Patron Silver Tequila,1280.4
2024-03-18,Main Lounge,Patron Silver Tequila,330.5
2024-03-19,Main Lounge,Patron Silver Tequila,609.0
2024-03-20,Main Lounge,Patron Silver Tequila,860.4
2024-03-21,Main Lounge,Patron Silver Tequila,342.1
2024-03-22,Main Lounge,Patron Silver Tequila,1674.4
2024-03-23,Main Lounge,Patron Silver Tequila,1776.7
2024-03-24,Main Lounge,Patron Silver Tequila,902.6
2024-03-25,Main Lounge,Patron Silver Tequila,556.6
2024-03-26,Main Lounge,Patron Silver Tequila,835.5
2024-03-27,Main Lounge,Patron Silver Tequila,853.9
2024-03-28,Main Lounge,Patron Silver Tequila,818.1
2024-03-29,Main Lounge,Patron Silver Tequila,1523.5
2024-03-30,Main Lounge,Patron Silver Tequila,1760.2
2024-03-31,Main Lounge,Patron Silver Tequila,1233.6
2024-04-01,Main Lounge,Patron Silver Tequila,654.0
2024-04-02,Main Lounge,Patron Silver Tequila,1578.5
2024-04-03,Main Lounge,Patron Silver Tequila,353.5
2024-04-04,Main Lounge,Patron Silver Tequila,694.1
2024-04-05,Main Lounge,Patron Silver Tequila,1478.4
2024-04-06,Main Lounge,Patron Silver Tequila,1189.9
2024-04-07,Main Lounge,Patron Silver Tequila,1112.7
2024-04-08,Main Lounge,Patron Silver Tequila,516.4
2024-04-09,Main Lounge,Patron Silver Tequila,899.3
2024-04-10,Main Lounge,Patron Silver Tequila,836.5
2024-04-11,Main Lounge,Patron Silver Tequila,1135.4
2024-04-12,Main Lounge,Patron Silver Tequila,1861.7
2024-04-13,Main Lounge,Patron Silver Tequila,1606.9
2024-04-14,Main Lounge,Patron Silver Tequila,356.6
2024-04-15,Main Lounge,Patron Silver Tequila,712.0
2024-04-16,Main Lounge,Patron Silver Tequila,373.9
2024-04-17,Main Lounge,Patron Silver Tequila,1057.1
2024-04-18,Main Lounge,Patron Silver Tequila,553.7
2024-04-19,Main Lounge,Patron Silver Tequila,1944.2
2024-04-20,Main Lounge,Patron Silver Tequila,1735.5
2024-04-21,Main Lounge,Patron Silver Tequila,670.7
2024-04-22,Main Lounge,Patron Silver Tequila,1052.6
2024-04-23,Main Lounge,Patron Silver Tequila,506.5
2024-04-24,Main Lounge,Patron Silver Tequila,1015.7
2024-04-25,Main Lounge,Patron Silver Tequila,917.7
2024-04-26,Main Lounge,Patron Silver Tequila,1433.6
2024-04-27,Main Lounge,Patron Silver Tequila,1416.4
2024-04-28,Main Lounge,Patron Silver Tequila,425.6
2024-04-29,Main Lounge,Patron Silver Tequila,750.1
2024-04-30,Main Lounge,Patron Silver Tequila,283.1
2024-05-01,Main Lounge,Patron Silver Tequila,747.9
2024-05-02,Main Lounge,Patron Silver Tequila,954.7
2024-05-03,Main Lounge,Patron Silver Tequila,1842.9
2024-05-04,Main Lounge,Patron Silver Tequila,1911.7
2024-05-05,Main Lounge,Patron Silver Tequila,960.9
2024-05-06,Main Lounge,Patron Silver Tequila,664.4
2024-05-07,Main Lounge,Patron Silver Tequila,698.2
2024-05-08,Main Lounge,Patron Silver Tequila,897.1
2024-05-09,Main Lounge,Patron Silver Tequila,996.9
2024-05-10,Main Lounge,Patron Silver Tequila,1840.7
2024-05-11,Main Lounge,Patron Silver Tequila,1590.1
2024-05-12,Main Lounge,Patron Silver Tequila,980.6
2024-05-13,Main Lounge,Patron Silver Tequila,804.7
2024-05-14,Main Lounge,Patron Silver Tequila,1164.3
2024-05-15,Main Lounge,Patron Silver Tequila,724.9
2024-05-16,Main Lounge,Patron Silver Tequila,468.9
2024-05-17,Main Lounge,Patron Silver Tequila,1575.4
2024-05-18,Main Lounge,Patron Silver Tequila,1646.1
2024-05-19,Main Lounge,Patron Silver Tequila,1049.2
2024-05-20,Main Lounge,Patron Silver Tequila,732.2
2024-05-21,Main Lounge,Patron Silver Tequila,557.0
2024-05-22,Main Lounge,Patron Silver Tequila,1015.8
2024-05-23,Main Lounge,Patron Silver Tequila,500.5
2024-05-24,Main Lounge,Patron Silver Tequila,2092.4
2024-05-25,Main Lounge,Patron Silver Tequila,1482.1
2024-05-26,Main Lounge,Patron Silver Tequila,1057.7
2024-05-27,Main Lounge,Patron Silver Tequila,998.2
2024-05-28,Main Lounge,Patron Silver Tequila,642.3
2024-05-29,Main Lounge,Patron Silver Tequila,584.6
2024-05-30,Main Lounge,Patron Silver Tequila,386.9
2024-05-31,Main Lounge,Patron Silver Tequila,1663.6
2024-06-01,Main Lounge,Patron Silver Tequila,1485.7
2024-06-02,Main Lounge,Patron Silver Tequila,1135.3
2024-06-03,Main Lounge,Patron Silver Tequila,487.3
2024-06-04,Main Lounge,Patron Silver Tequila,467.0
2024-06-05,Main Lounge,Patron Silver Tequila,1151.1
2024-06-06,Main Lounge,Patron Silver Tequila,559.9
2024-06-07,Main Lounge,Patron Silver Tequila,1421.0
2024-06-08,Main Lounge,Patron Silver Tequila,2003.9
2024-06-09,Main Lounge,Patron Silver Tequila,308.0
2024-06-10,Main Lounge,Patron Silver Tequila,756.9
2024-06-11,Main Lounge,Patron Silver Tequila,358.2
2024-06-12,Main Lounge,Patron Silver Tequila,1068.3
2024-06-13,Main Lounge,Patron Silver Tequila,856.3
2024-06-14,Main Lounge,Patron Silver Tequila,1629.1
2024-06-15,Main Lounge,Patron Silver Tequila,1638.3
2024-06-16,Main Lounge,Patron Silver Tequila,1235.1
2024-06-17,Main Lounge,Patron Silver Tequila,779.4
2024-06-18,Main Lounge,Patron Silver Tequila,788.4
2024-06-19,Main Lounge,Patron Silver Tequila,1200.4
2024-06-20,Main Lounge,Patron Silver Tequila,848.3
2024-06-21,Main Lounge,Patron Silver Tequila,1626.2
2024-06-22,Main Lounge,Patron Silver Tequila,1584.7
2024-06-23,Main Lounge,Patron Silver Tequila,367.4
2024-06-24,Main Lounge,Patron Silver Tequila,623.1
2024-06-25,Main Lounge,Patron Silver Tequila,838.4
2024-06-26,Main Lounge,Patron Silver Tequila,831.6
2024-06-27,Main Lounge,Patron Silver Tequila,929.7
2024-06-28,Main Lounge,Patron Silver Tequila,1863.7
2024-01-01,Main Lounge,Remy Martin XO Cognac,84.5
2024-01-02,Main Lounge,Remy Martin XO Cognac,30.3
2024-01-03,Main Lounge,Remy Martin XO Cognac,0.0
2024-01-04,Main Lounge,Remy Martin XO Cognac,205.0
2024-01-05,Main Lounge,Remy Martin XO Cognac,219.6
2024-01-06,Main Lounge,Remy Martin XO Cognac,140.0
2024-01-07,Main Lounge,Remy Martin XO Cognac,0.0
2024-01-08,Main Lounge,Remy Martin XO Cognac,156.4
2024-01-09,Main Lounge,Remy Martin XO Cognac,0.0
2024-01-10,Main Lounge,Remy Martin XO Cognac,168.4
2024-01-11,Main Lounge,Remy Martin XO Cognac,0.0
2024-01-12,Main Lounge,Remy Martin XO Cognac,217.8
2024-01-13,Main Lounge,Remy Martin XO Cognac,178.1
2024-01-14,Main Lounge,Remy Martin XO Cognac,0.0
2024-01-15,Main Lounge,Remy Martin XO Cognac,170.2
2024-01-16,Main Lounge,Remy Martin XO Cognac,0.0
2024-01-17,Main Lounge,Remy Martin XO Cognac,0.0
2024-01-18,Main Lounge,Remy Martin XO Cognac,239.9
2024-01-19,Main Lounge,Remy Martin XO Cognac,246.7
2024-01-20,Main Lounge,Remy Martin XO Cognac,245.9
2024-01-21,Main Lounge,Remy Martin XO Cognac,0.0
2024-01-22,Main Lounge,Remy Martin XO Cognac,0.0
2024-01-23,Main Lounge,Remy Martin XO Cognac,71.7
2024-01-24,Main Lounge,Remy Martin XO Cognac,0.0
2024-01-25,Main Lounge,Remy Martin XO Cognac,0.0
2024-01-26,Main Lounge,Remy Martin XO Cognac,212.4
2024-01-27,Main Lounge,Remy Martin XO Cognac,63.8
2024-01-28,Main Lounge,Remy Martin XO Cognac,0.0
2024-01-29,Main Lounge,Remy Martin XO Cognac,0.0
2024-01-30,Main Lounge,Remy Martin XO Cognac,284.6
2024-01-31,Main Lounge,Remy Martin XO Cognac,248.4
2024-02-01,Main Lounge,Remy Martin XO Cognac,134.0
2024-02-02,Main Lounge,Remy Martin XO Cognac,242.2
2024-02-03,Main Lounge,Remy Martin XO Cognac,129.4
2024-02-04,Main Lounge,Remy Martin XO Cognac,204.9
2024-02-05,Main Lounge,Remy Martin XO Cognac,277.4
2024-02-06,Main Lounge,Remy Martin XO Cognac,187.8
2024-02-07,Main Lounge,Remy Martin XO Cognac,208.5
2024-02-08,Main Lounge,Remy Martin XO Cognac,0.0
2024-02-09,Main Lounge,Remy Martin XO Cognac,233.2
2024-02-10,Main Lounge,Remy Martin XO Cognac,175.7
2024-02-11,Main Lounge,Remy Martin XO Cognac,152.1
2024-02-12,Main Lounge,Remy Martin XO Cognac,0.0
2024-02-13,Main Lounge,Remy Martin XO Cognac,0.0
2024-02-14,Main Lounge,Remy Martin XO Cognac,0.0
2024-02-15,Main Lounge,Remy Martin XO Cognac,161.3
2024-02-16,Main Lounge,Remy Martin XO Cognac,216.5
2024-02-17,Main Lounge,Remy Martin XO Cognac,177.0
2024-02-18,Main Lounge,Remy Martin XO Cognac,215.3
2024-02-19,Main Lounge,Remy Martin XO Cognac,52.5
2024-02-20,Main Lounge,Remy Martin XO Cognac,283.1
2024-02-21,Main Lounge,Remy Martin XO Cognac,0.0
2024-02-22,Main Lounge,Remy Martin XO Cognac,0.0
2024-02-23,Main Lounge,Remy Martin XO Cognac,240.5
2024-02-24,Main Lounge,Remy Martin XO Cognac,252.1
2024-02-25,Main Lounge,Remy Martin XO Cognac,287.2
2024-02-26,Main Lounge,Remy Martin XO Cognac,66.1
2024-02-27,Main Lounge,Remy Martin XO Cognac,0.0
2024-02-28,Main Lounge,Remy Martin XO Cognac,240.9
2024-02-29,Main Lounge,Remy Martin XO Cognac,261.2
2024-03-01,Main Lounge,Remy Martin XO Cognac,164.5
2024-03-02,Main Lounge,Remy Martin XO Cognac,322.9
2024-03-03,Main Lounge,Remy Martin XO Cognac,0.0
2024-03-04,Main Lounge,Remy Martin XO Cognac,222.2
2024-03-05,Main Lounge,Remy Martin XO Cognac,187.8
2024-03-06,Main Lounge,Remy Martin XO Cognac,153.5
2024-03-07,Main Lounge,Remy Martin XO Cognac,0.0
2024-03-08,Main Lounge,Remy Martin XO Cognac,234.6
2024-03-09,Main Lounge,Remy Martin XO Cognac,60.4
2024-03-10,Main Lounge,Remy Martin XO Cognac,116.0
2024-03-11,Main Lounge,Remy Martin XO Cognac,304.6
2024-03-12,Main Lounge,Remy Martin XO Cognac,378.9
2024-03-13,Main Lounge,Remy Martin XO Cognac,49.0
2024-03-14,Main Lounge,Remy Martin XO Cognac,62.1
2024-03-15,Main Lounge,Remy Martin XO Cognac,304.1
2024-03-16,Main Lounge,Remy Martin XO Cognac,52.4
2024-03-17,Main Lounge,Remy Martin XO Cognac,21.8
2024-03-18,Main Lounge,Remy Martin XO Cognac,252.0
2024-03-19,Main Lounge,Remy Martin XO Cognac,174.1
2024-03-20,Main Lounge,Remy Martin XO Cognac,259.8
2024-03-21,Main Lounge,Remy Martin XO Cognac,154.3
2024-03-22,Main Lounge,Remy Martin XO Cognac,288.2
2024-03-23,Main Lounge,Remy Martin XO Cognac,170.5
2024-03-24,Main Lounge,Remy Martin XO Cognac,36.6
2024-03-25,Main Lounge,Remy Martin XO Cognac,0.0
2024-03-26,Main Lounge,Remy Martin XO Cognac,235.0
2024-03-27,Main Lounge,Remy Martin XO Cognac,0.0
2024-03-28,Main Lounge,Remy Martin XO Cognac,329.4
2024-03-29,Main Lounge,Remy Martin XO Cognac,160.7
2024-03-30,Main Lounge,Remy Martin XO Cognac,52.2
2024-03-31,Main Lounge,Remy Martin XO Cognac,205.0
2024-04-01,Main Lounge,Remy Martin XO Cognac,0.0
2024-04-02,Main Lounge,Remy Martin XO Cognac,53.1
2024-04-03,Main Lounge,Remy Martin XO Cognac,212.7
2024-04-04,Main Lounge,Remy Martin XO Cognac,0.0
2024-04-05,Main Lounge,Remy Martin XO Cognac,350.7
2024-04-06,Main Lounge,Remy Martin XO Cognac,330.9
2024-04-07,Main Lounge,Remy Martin XO Cognac,305.0
2024-04-08,Main Lounge,Remy Martin XO Cognac,64.5
2024-04-09,Main Lounge,Remy Martin XO Cognac,0.0
2024-04-10,Main Lounge,Remy Martin XO Cognac,0.0
2024-04-11,Main Lounge,Remy Martin XO Cognac,1.1
2024-04-12,Main Lounge,Remy Martin XO Cognac,160.7
2024-04-13,Main Lounge,Remy Martin XO Cognac,168.1
2024-04-14,Main Lounge,Remy Martin XO Cognac,0.0
2024-04-15,Main Lounge,Remy Martin XO Cognac,0.0
2024-04-16,Main Lounge,Remy Martin XO Cognac,103.2
2024-04-17,Main Lounge,Remy Martin XO Cognac,0.0
2024-04-18,Main Lounge,Remy Martin XO Cognac,0.0
2024-04-19,Main Lounge,Remy Martin XO Cognac,213.4
2024-04-20,Main Lounge,Remy Martin XO Cognac,193.6
2024-04-21,Main Lounge,Remy Martin XO Cognac,0.0
2024-04-22,Main Lounge,Remy Martin XO Cognac,171.8
2024-04-23,Main Lounge,Remy Martin XO Cognac,0.0
2024-04-24,Main Lounge,Remy Martin XO Cognac,61.4
2024-04-25,Main Lounge,Remy Martin XO Cognac,0.0
2024-04-26,Main Lounge,Remy Martin XO Cognac,158.1
2024-04-27,Main Lounge,Remy Martin XO Cognac,234.2
2024-04-28,Main Lounge,Remy Martin XO Cognac,357.9
2024-04-29,Main Lounge,Remy Martin XO Cognac,141.5
2024-04-30,Main Lounge,Remy Martin XO Cognac,0.0
2024-05-01,Main Lounge,Remy Martin XO Cognac,0.0
2024-05-02,Main Lounge,Remy Martin XO Cognac,162.1
2024-05-03,Main Lounge,Remy Martin XO Cognac,243.3
2024-05-04,Main Lounge,Remy Martin XO Cognac,213.4
2024-05-05,Main Lounge,Remy Martin XO Cognac,79.1
2024-05-06,Main Lounge,Remy Martin XO Cognac,79.7
2024-05-07,Main Lounge,Remy Martin XO Cognac,0.0
2024-05-08,Main Lounge,Remy Martin XO Cognac,0.0
2024-05-09,Main Lounge,Remy Martin XO Cognac,0.0
2024-05-10,Main Lounge,Remy Martin XO Cognac,122.1
2024-05-11,Main Lounge,Remy Martin XO Cognac,241.9
2024-05-12,Main Lounge,Remy Martin XO Cognac,280.2
2024-05-13,Main Lounge,Remy Martin XO Cognac,108.1
2024-05-14,Main Lounge,Remy Martin XO Cognac,0.0
2024-05-15,Main Lounge,Remy Martin XO Cognac,0.0
2024-05-16,Main Lounge,Remy Martin XO Cognac,282.3
2024-05-17,Main Lounge,Remy Martin XO Cognac,13.1
2024-05-18,Main Lounge,Remy Martin XO Cognac,359.7
2024-05-19,Main Lounge,Remy Martin XO Cognac,0.0
2024-05-20,Main Lounge,Remy Martin XO Cognac,0.0
2024-05-21,Main Lounge,Remy Martin XO Cognac,41.9
2024-05-22,Main Lounge,Remy Martin XO Cognac,198.1
2024-05-23,Main Lounge,Remy Martin XO Cognac,140.0
2024-05-24,Main Lounge,Remy Martin XO Cognac,263.6
2024-05-25,Main Lounge,Remy Martin XO Cognac,137.4
2024-05-26,Main Lounge,Remy Martin XO Cognac,223.8
2024-05-27,Main Lounge,Remy Martin XO Cognac,0.0
2024-05-28,Main Lounge,Remy Martin XO Cognac,0.0
2024-05-29,Main Lounge,Remy Martin XO Cognac,217.6
2024-05-30,Main Lounge,Remy Martin XO Cognac,133.7
2024-05-31,Main Lounge,Remy Martin XO Cognac,329.3
2024-06-01,Main Lounge,Remy Martin XO Cognac,175.2
2024-06-02,Main Lounge,Remy Martin XO Cognac,0.0
2024-06-03,Main Lounge,Remy Martin XO Cognac,149.1
2024-06-04,Main Lounge,Remy Martin XO Cognac,0.0
2024-06-05,Main Lounge,Remy Martin XO Cognac,219.8
2024-06-06,Main Lounge,Remy Martin XO Cognac,265.7
2024-06-07,Main Lounge,Remy Martin XO Cognac,273.5
2024-06-08,Main Lounge,Remy Martin XO Cognac,303.5
2024-06-09,Main Lounge,Remy Martin XO Cognac,145.6
2024-06-10,Main Lounge,Remy Martin XO Cognac,0.0
2024-06-11,Main Lounge,Remy Martin XO Cognac,169.2
2024-06-12,Main Lounge,Remy Martin XO Cognac,0.0
2024-06-13,Main Lounge,Remy Martin XO Cognac,212.1
2024-06-14,Main Lounge,Remy Martin XO Cognac,273.4
2024-06-15,Main Lounge,Remy Martin XO Cognac,327.7
2024-06-16,Main Lounge,Remy Martin XO Cognac,0.0
2024-06-17,Main Lounge,Remy Martin XO Cognac,0.0
2024-06-18,Main Lounge,Remy Martin XO Cognac,0.0
2024-06-19,Main Lounge,Remy Martin XO Cognac,144.8
2024-06-20,Main Lounge,Remy Martin XO Cognac,0.0
2024-06-21,Main Lounge,Remy Martin XO Cognac,211.3
2024-06-22,Main Lounge,Remy Martin XO Cognac,283.5
2024-06-23,Main Lounge,Remy Martin XO Cognac,293.8
2024-06-24,Main Lounge,Remy Martin XO Cognac,150.0
2024-06-25,Main Lounge,Remy Martin XO Cognac,197.0
2024-06-26,Main Lounge,Remy Martin XO Cognac,193.9
2024-06-27,Main Lounge,Remy Martin XO Cognac,83.4
2024-06-28,Main Lounge,Remy Martin XO Cognac,210.1
2024-01-01,Poolside Bar,Chartreuse Herbal Liqueur,0.0
2024-01-02,Poolside Bar,Chartreuse Herbal Liqueur,0.0
2024-01-03,Poolside Bar,Chartreuse Herbal Liqueur,67.7
2024-01-04,Poolside Bar,Chartreuse Herbal Liqueur,69.5
2024-01-05,Poolside Bar,Chartreuse Herbal Liqueur,57.6
2024-01-06,Poolside Bar,Chartreuse Herbal Liqueur,100.7
2024-01-07,Poolside Bar,Chartreuse Herbal Liqueur,64.4
2024-01-08,Poolside Bar,Chartreuse Herbal Liqueur,56.3
2024-01-09,Poolside Bar,Chartreuse Herbal Liqueur,95.4
2024-01-10,Poolside Bar,Chartreuse Herbal Liqueur,40.9
2024-01-11,Poolside Bar,Chartreuse Herbal Liqueur,0.0
2024-01-12,Poolside Bar,Chartreuse Herbal Liqueur,92.0
2024-01-13,Poolside Bar,Chartreuse Herbal Liqueur,14.5
2024-01-14,Poolside Bar,Chartreuse Herbal Liqueur,60.3
2024-01-15,Poolside Bar,Chartreuse Herbal Liqueur,38.9
2024-01-16,Poolside Bar,Chartreuse Herbal Liqueur,37.1
2024-01-17,Poolside Bar,Chartreuse Herbal Liqueur,0.0
2024-01-18,Poolside Bar,Chartreuse Herbal Liqueur,0.0
2024-01-19,Poolside Bar,Chartreuse Herbal Liqueur,84.8
2024-01-20,Poolside Bar,Chartreuse Herbal Liqueur,69.5
2024-01-21,Poolside Bar,Chartreuse Herbal Liqueur,14.9
2024-01-22,Poolside Bar,Chartreuse Herbal Liqueur,89.6
2024-01-23,Poolside Bar,Chartreuse Herbal Liqueur,0.0
2024-01-24,Poolside Bar,Chartreuse Herbal Liqueur,41.3
2024-01-25,Poolside Bar,Chartreuse Herbal Liqueur,0.0
2024-01-26,Poolside Bar,Chartreuse Herbal Liqueur,85.1
2024-01-27,Poolside Bar,Chartreuse Herbal Liqueur,72.0
2024-01-28,Poolside Bar,Chartreuse Herbal Liqueur,26.3
2024-01-29,Poolside Bar,Chartreuse Herbal Liqueur,22.8
2024-01-30,Poolside Bar,Chartreuse Herbal Liqueur,0.0
2024-01-31,Poolside Bar,Chartreuse Herbal Liqueur,0.0
2024-02-01,Poolside Bar,Chartreuse Herbal Liqueur,14.3
2024-02-02,Poolside Bar,Chartreuse Herbal Liqueur,27.8
2024-02-03,Poolside Bar,Chartreuse Herbal Liqueur,54.2
2024-02-04,Poolside Bar,Chartreuse Herbal Liqueur,0.0
2024-02-05,Poolside Bar,Chartreuse Herbal Liqueur,48.3
2024-02-06,Poolside Bar,Chartreuse Herbal Liqueur,0.0
2024-02-07,Poolside Bar,Chartreuse Herbal Liqueur,123.5
2024-02-08,Poolside Bar,Chartreuse Herbal Liqueur,0.0
2024-02-09,Poolside Bar,Chartreuse Herbal Liqueur,0.0
2024-02-10,Poolside Bar,Chartreuse Herbal Liqueur,72.9
2024-02-11,Poolside Bar,Chartreuse Herbal Liqueur,14.3
2024-02-12,Poolside Bar,Chartreuse Herbal Liqueur,0.0
2024-02-13,Poolside Bar,Chartreuse Herbal Liqueur,0.0
2024-02-14,Poolside Bar,Chartreuse Herbal Liqueur,0.0
2024-02-15,Poolside Bar,Chartreuse Herbal Liqueur,0.0
2024-02-16,Poolside Bar,Chartreuse Herbal Liqueur,62.5
2024-02-17,Poolside Bar,Chartreuse Herbal Liqueur,0.0
2024-02-18,Poolside Bar,Chartreuse Herbal Liqueur,89.4
2024-02-19,Poolside Bar,Chartreuse Herbal Liqueur,64.4
2024-02-20,Poolside Bar,Chartreuse Herbal Liqueur,12.0
2024-02-21,Poolside Bar,Chartreuse Herbal Liqueur,74.7
2024-02-22,Poolside Bar,Chartreuse Herbal Liqueur,0.0
2024-02-23,Poolside Bar,Chartreuse Herbal Liqueur,41.4
2024-02-24,Poolside Bar,Chartreuse Herbal Liqueur,0.0
2024-02-25,Poolside Bar,Chartreuse Herbal Liqueur,24.0
2024-02-26,Poolside Bar,Chartreuse Herbal Liqueur,39.0
2024-02-27,Poolside Bar,Chartreuse Herbal Liqueur,68.2
2024-02-28,Poolside Bar,Chartreuse Herbal Liqueur,0.0
2024-02-29,Poolside Bar,Chartreuse Herbal Liqueur,57.5
2024-03-01,Poolside Bar,Chartreuse Herbal Liqueur,121.2
2024-03-02,Poolside Bar,Chartreuse Herbal Liqueur,21.2
2024-03-03,Poolside Bar,Chartreuse Herbal Liqueur,19.3
2024-03-04,Poolside Bar,Chartreuse Herbal Liqueur,0.0
2024-03-05,Poolside Bar,Chartreuse Herbal Liqueur,0.0
2024-03-06,Poolside Bar,Chartreuse Herbal Liqueur,0.0
2024-03-07,Poolside Bar,Chartreuse Herbal Liqueur,0.0
2024-03-08,Poolside Bar,Chartreuse Herbal Liqueur,61.9
2024-03-09,Poolside Bar,Chartreuse Herbal Liqueur,16.9
2024-03-10,Poolside Bar,Chartreuse Herbal Liqueur,0.0
2024-03-11,Poolside Bar,Chartreuse Herbal Liqueur,0.0
2024-03-12,Poolside Bar,Chartreuse Herbal Liqueur,0.0
2024-03-13,Poolside Bar,Chartreuse Herbal Liqueur,91.8
2024-03-14,Poolside Bar,Chartreuse Herbal Liqueur,0.0
2024-03-15,Poolside Bar,Chartreuse Herbal Liqueur,100.7
2024-03-16,Poolside Bar,Chartreuse Herbal Liqueur,58.1
2024-03-17,Poolside Bar,Chartreuse Herbal Liqueur,0.0
2024-03-18,Poolside Bar,Chartreuse Herbal Liqueur,0.0
2024-03-19,Poolside Bar,Chartreuse Herbal Liqueur,0.0
2024-03-20,Poolside Bar,Chartreuse Herbal Liqueur,52.1
2024-03-21,Poolside Bar,Chartreuse Herbal Liqueur,0.0
2024-03-22,Poolside Bar,Chartreuse Herbal Liqueur,42.1
2024-03-23,Poolside Bar,Chartreuse Herbal Liqueur,41.1
2024-03-24,Poolside Bar,Chartreuse Herbal Liqueur,32.8
2024-03-25,Poolside Bar,Chartreuse Herbal Liqueur,85.0
2024-03-26,Poolside Bar,Chartreuse Herbal Liqueur,18.3
2024-03-27,Poolside Bar,Chartreuse Herbal Liqueur,0.0
2024-03-28,Poolside Bar,Chartreuse Herbal Liqueur,8.7
2024-03-29,Poolside Bar,Chartreuse Herbal Liqueur,109.6
2024-03-30,Poolside Bar,Chartreuse Herbal Liqueur,31.9
2024-03-31,Poolside Bar,Chartreuse Herbal Liqueur,5.6
2024-04-01,Poolside Bar,Chartreuse Herbal Liqueur,93.0
2024-04-02,Poolside Bar,Chartreuse Herbal Liqueur,1.2
2024-04-03,Poolside Bar,Chartreuse Herbal Liqueur,0.0
2024-04-04,Poolside Bar,Chartreuse Herbal Liqueur,34.9
2024-04-05,Poolside Bar,Chartreuse Herbal Liqueur,67.2
2024-04-06,Poolside Bar,Chartreuse Herbal Liqueur,60.5
2024-04-07,Poolside Bar,Chartreuse Herbal Liqueur,87.8
2024-04-08,Poolside Bar,Chartreuse Herbal Liqueur,39.1
2024-04-09,Poolside Bar,Chartreuse Herbal Liqueur,39.3
2024-04-10,Poolside Bar,Chartreuse Herbal Liqueur,82.6
2024-04-11,Poolside Bar,Chartreuse Herbal Liqueur,0.0
2024-04-12,Poolside Bar,Chartreuse Herbal Liqueur,26.6
2024-04-13,Poolside Bar,Chartreuse Herbal Liqueur,104.4
2024-04-14,Poolside Bar,Chartreuse Herbal Liqueur,103.5
2024-04-15,Poolside Bar,Chartreuse Herbal Liqueur,96.0
2024-04-16,Poolside Bar,Chartreuse Herbal Liqueur,65.7
2024-04-17,Poolside Bar,Chartreuse Herbal Liqueur,0.0
2024-04-18,Poolside Bar,Chartreuse Herbal Liqueur,7.3
2024-04-19,Poolside Bar,Chartreuse Herbal Liqueur,50.1
2024-04-20,Poolside Bar,Chartreuse Herbal Liqueur,78.7
2024-04-21,Poolside Bar,Chartreuse Herbal Liqueur,118.2
2024-04-22,Poolside Bar,Chartreuse Herbal Liqueur,0.0
2024-04-23,Poolside Bar,Chartreuse Herbal Liqueur,0.0
2024-04-24,Poolside Bar,Chartreuse Herbal Liqueur,0.0
2024-04-25,Poolside Bar,Chartreuse Herbal Liqueur,32.1
2024-04-26,Poolside Bar,Chartreuse Herbal Liqueur,38.7
2024-04-27,Poolside Bar,Chartreuse Herbal Liqueur,15.5
2024-04-28,Poolside Bar,Chartreuse Herbal Liqueur,0.0
2024-04-29,Poolside Bar,Chartreuse Herbal Liqueur,0.0
2024-04-30,Poolside Bar,Chartreuse Herbal Liqueur,0.0
2024-05-01,Poolside Bar,Chartreuse Herbal Liqueur,93.9
2024-05-02,Poolside Bar,Chartreuse Herbal Liqueur,0.0
2024-05-03,Poolside Bar,Chartreuse Herbal Liqueur,87.0
2024-05-04,Poolside Bar,Chartreuse Herbal Liqueur,74.2
2024-05-05,Poolside Bar,Chartreuse Herbal Liqueur,31.0
2024-05-06,Poolside Bar,Chartreuse Herbal Liqueur,80.3
2024-05-07,Poolside Bar,Chartreuse Herbal Liqueur,35.9
2024-05-08,Poolside Bar,Chartreuse Herbal Liqueur,8.8
2024-05-09,Poolside Bar,Chartreuse Herbal Liqueur,148.8
2024-05-10,Poolside Bar,Chartreuse Herbal Liqueur,0.0
2024-05-11,Poolside Bar,Chartreuse Herbal Liqueur,49.7
2024-05-12,Poolside Bar,Chartreuse Herbal Liqueur,91.6
2024-05-13,Poolside Bar,Chartreuse Herbal Liqueur,0.0
2024-05-14,Poolside Bar,Chartreuse Herbal Liqueur,68.8
2024-05-15,Poolside Bar,Chartreuse Herbal Liqueur,0.0
2024-05-16,Poolside Bar,Chartreuse Herbal Liqueur,96.1
2024-05-17,Poolside Bar,Chartreuse Herbal Liqueur,37.0
2024-05-18,Poolside Bar,Chartreuse Herbal Liqueur,58.1
2024-05-19,Poolside Bar,Chartreuse Herbal Liqueur,0.0
2024-05-20,Poolside Bar,Chartreuse Herbal Liqueur,47.6
2024-05-21,Poolside Bar,Chartreuse Herbal Liqueur,54.5
2024-05-22,Poolside Bar,Chartreuse Herbal Liqueur,58.6
2024-05-23,Poolside Bar,Chartreuse Herbal Liqueur,80.1
2024-05-24,Poolside Bar,Chartreuse Herbal Liqueur,65.5
2024-05-25,Poolside Bar,Chartreuse Herbal Liqueur,0.0
2024-05-26,Poolside Bar,Chartreuse Herbal Liqueur,0.0
2024-05-27,Poolside Bar,Chartreuse Herbal Liqueur,0.0
2024-05-28,Poolside Bar,Chartreuse Herbal Liqueur,0.0
2024-05-29,Poolside Bar,Chartreuse Herbal Liqueur,56.3
2024-05-30,Poolside Bar,Chartreuse Herbal Liqueur,56.9
2024-05-31,Poolside Bar,Chartreuse Herbal Liqueur,50.3
2024-06-01,Poolside Bar,Chartreuse Herbal Liqueur,65.9
2024-06-02,Poolside Bar,Chartreuse Herbal Liqueur,0.0
2024-06-03,Poolside Bar,Chartreuse Herbal Liqueur,86.0
2024-06-04,Poolside Bar,Chartreuse Herbal Liqueur,44.8
2024-06-05,Poolside Bar,Chartreuse Herbal Liqueur,32.3
2024-06-06,Poolside Bar,Chartreuse Herbal Liqueur,0.0
2024-06-07,Poolside Bar,Chartreuse Herbal Liqueur,76.6
2024-06-08,Poolside Bar,Chartreuse Herbal Liqueur,65.0
2024-06-09,Poolside Bar,Chartreuse Herbal Liqueur,0.0
2024-06-10,Poolside Bar,Chartreuse Herbal Liqueur,0.0
2024-06-11,Poolside Bar,Chartreuse Herbal Liqueur,0.0
2024-06-12,Poolside Bar,Chartreuse Herbal Liqueur,135.4
2024-06-13,Poolside Bar,Chartreuse Herbal Liqueur,0.0
2024-06-14,Poolside Bar,Chartreuse Herbal Liqueur,3.7
2024-06-15,Poolside Bar,Chartreuse Herbal Liqueur,6.3
2024-06-16,Poolside Bar,Chartreuse Herbal Liqueur,0.0
2024-06-17,Poolside Bar,Chartreuse Herbal Liqueur,22.4
2024-06-18,Poolside Bar,Chartreuse Herbal Liqueur,19.5
2024-06-19,Poolside Bar,Chartreuse Herbal Liqueur,36.8
2024-06-20,Poolside Bar,Chartreuse Herbal Liqueur,34.4
2024-06-21,Poolside Bar,Chartreuse Herbal Liqueur,61.1
2024-06-22,Poolside Bar,Chartreuse Herbal Liqueur,106.6
2024-06-23,Poolside Bar,Chartreuse Herbal Liqueur,45.5
2024-06-24,Poolside Bar,Chartreuse Herbal Liqueur,138.7
2024-06-25,Poolside Bar,Chartreuse Herbal Liqueur,112.1
2024-06-26,Poolside Bar,Chartreuse Herbal Liqueur,100.1
2024-06-27,Poolside Bar,Chartreuse Herbal Liqueur,33.4
2024-06-28,Poolside Bar,Chartreuse Herbal Liqueur,30.0
2024-01-01,Poolside Bar,Grey Goose Vodka,1264.5
2024-01-02,Poolside Bar,Grey Goose Vodka,1327.9
2024-01-03,Poolside Bar,Grey Goose Vodka,694.4
2024-01-04,Poolside Bar,Grey Goose Vodka,724.7
2024-01-05,Poolside Bar,Grey Goose Vodka,2304.4
2024-01-06,Poolside Bar,Grey Goose Vodka,2088.5
2024-01-07,Poolside Bar,Grey Goose Vodka,852.6
2024-01-08,Poolside Bar,Grey Goose Vodka,802.6
2024-01-09,Poolside Bar,Grey Goose Vodka,976.2
2024-01-10,Poolside Bar,Grey Goose Vodka,777.3
2024-01-11,Poolside Bar,Grey Goose Vodka,788.9
2024-01-12,Poolside Bar,Grey Goose Vodka,1210.1
2024-01-13,Poolside Bar,Grey Goose Vodka,2222.8
2024-01-14,Poolside Bar,Grey Goose Vodka,1046.7
2024-01-15,Poolside Bar,Grey Goose Vodka,1093.2
2024-01-16,Poolside Bar,Grey Goose Vodka,789.2
2024-01-17,Poolside Bar,Grey Goose Vodka,968.7
2024-01-18,Poolside Bar,Grey Goose Vodka,853.6
2024-01-19,Poolside Bar,Grey Goose Vodka,2213.7
2024-01-20,Poolside Bar,Grey Goose Vodka,2079.2
2024-01-21,Poolside Bar,Grey Goose Vodka,835.7
2024-01-22,Poolside Bar,Grey Goose Vodka,1201.9
2024-01-23,Poolside Bar,Grey Goose Vodka,931.2
2024-01-24,Poolside Bar,Grey Goose Vodka,813.1
2024-01-25,Poolside Bar,Grey Goose Vodka,652.8
2024-01-26,Poolside Bar,Grey Goose Vodka,2365.6
2024-01-27,Poolside Bar,Grey Goose Vodka,1821.1
2024-01-28,Poolside Bar,Grey Goose Vodka,1544.6
2024-01-29,Poolside Bar,Grey Goose Vodka,840.6
2024-01-30,Poolside Bar,Grey Goose Vodka,999.1
2024-01-31,Poolside Bar,Grey Goose Vodka,978.2
2024-02-01,Poolside Bar,Grey Goose Vodka,1038.7
2024-02-02,Poolside Bar,Grey Goose Vodka,2529.1
2024-02-03,Poolside Bar,Grey Goose Vodka,2599.1
2024-02-04,Poolside Bar,Grey Goose Vodka,983.9
2024-02-05,Poolside Bar,Grey Goose Vodka,791.6
2024-02-06,Poolside Bar,Grey Goose Vodka,1112.3
2024-02-07,Poolside Bar,Grey Goose Vodka,1005.0
2024-02-08,Poolside Bar,Grey Goose Vodka,1145.4
2024-02-09,Poolside Bar,Grey Goose Vodka,1936.1
2024-02-10,Poolside Bar,Grey Goose Vodka,2472.2
2024-02-11,Poolside Bar,Grey Goose Vodka,698.7
2024-02-12,Poolside Bar,Grey Goose Vodka,680.9
2024-02-13,Poolside Bar,Grey Goose Vodka,720.9
2024-02-14,Poolside Bar,Grey Goose Vodka,779.9
2024-02-15,Poolside Bar,Grey Goose Vodka,832.0
2024-02-16,Poolside Bar,Grey Goose Vodka,1993.3
2024-02-17,Poolside Bar,Grey Goose Vodka,2079.6
2024-02-18,Poolside Bar,Grey Goose Vodka,1315.4
2024-02-19,Poolside Bar,Grey Goose Vodka,1001.2
2024-02-20,Poolside Bar,Grey Goose Vodka,1317.8
2024-02-21,Poolside Bar,Grey Goose Vodka,969.8
2024-02-22,Poolside Bar,Grey Goose Vodka,1259.6
2024-02-23,Poolside Bar,Grey Goose Vodka,1736.1
2024-02-24,Poolside Bar,Grey Goose Vodka,1930.7
2024-02-25,Poolside Bar,Grey Goose Vodka,817.1
2024-02-26,Poolside Bar,Grey Goose Vodka,425.2
2024-02-27,Poolside Bar,Grey Goose Vodka,527.0
2024-02-28,Poolside Bar,Grey Goose Vodka,736.9
2024-02-29,Poolside Bar,Grey Goose Vodka,503.0
2024-03-01,Poolside Bar,Grey Goose Vodka,2015.3
2024-03-02,Poolside Bar,Grey Goose Vodka,1983.6
2024-03-03,Poolside Bar,Grey Goose Vodka,1070.5
2024-03-04,Poolside Bar,Grey Goose Vodka,973.7
2024-03-05,Poolside Bar,Grey Goose Vodka,1305.8
2024-03-06,Poolside Bar,Grey Goose Vodka,1031.7
2024-03-07,Poolside Bar,Grey Goose Vodka,477.3
2024-03-08,Poolside Bar,Grey Goose Vodka,1911.7
2024-03-09,Poolside Bar,Grey Goose Vodka,2426.0
2024-03-10,Poolside Bar,Grey Goose Vodka,1087.7
2024-03-11,Poolside Bar,Grey Goose Vodka,107.5
2024-03-12,Poolside Bar,Grey Goose Vodka,833.9
2024-03-13,Poolside Bar,Grey Goose Vodka,748.3
2024-03-14,Poolside Bar,Grey Goose Vodka,586.2
2024-03-15,Poolside Bar,Grey Goose Vodka,2355.4
2024-03-16,Poolside Bar,Grey Goose Vodka,2454.2
2024-03-17,Poolside Bar,Grey Goose Vodka,1409.8
2024-03-18,Poolside Bar,Grey Goose Vodka,1623.4
2024-03-19,Poolside Bar,Grey Goose Vodka,1350.7
2024-03-20,Poolside Bar,Grey Goose Vodka,949.8
2024-03-21,Poolside Bar,Grey Goose Vodka,473.4
2024-03-22,Poolside Bar,Grey Goose Vodka,1903.8
2024-03-23,Poolside Bar,Grey Goose Vodka,2256.0
2024-03-24,Poolside Bar,Grey Goose Vodka,1018.5
2024-03-25,Poolside Bar,Grey Goose Vodka,1191.5
2024-03-26,Poolside Bar,Grey Goose Vodka,1045.7
2024-03-27,Poolside Bar,Grey Goose Vodka,895.3
2024-03-28,Poolside Bar,Grey Goose Vodka,747.3
2024-03-29,Poolside Bar,Grey Goose Vodka,2297.8
2024-03-30,Poolside Bar,Grey Goose Vodka,2269.4
2024-03-31,Poolside Bar,Grey Goose Vodka,617.4
2024-04-01,Poolside Bar,Grey Goose Vodka,1297.4
2024-04-02,Poolside Bar,Grey Goose Vodka,1000.8
2024-04-03,Poolside Bar,Grey Goose Vodka,1064.8
2024-04-04,Poolside Bar,Grey Goose Vodka,1212.3
2024-04-05,Poolside Bar,Grey Goose Vodka,2023.5
2024-04-06,Poolside Bar,Grey Goose Vodka,2200.0
2024-04-07,Poolside Bar,Grey Goose Vodka,593.8
2024-04-08,Poolside Bar,Grey Goose Vodka,863.4
2024-04-09,Poolside Bar,Grey Goose Vodka,1533.8
2024-04-10,Poolside Bar,Grey Goose Vodka,714.3
2024-04-11,Poolside Bar,Grey Goose Vodka,743.8
2024-04-12,Poolside Bar,Grey Goose Vodka,2578.4
2024-04-13,Poolside Bar,Grey Goose Vodka,2335.3
2024-04-14,Poolside Bar,Grey Goose Vodka,1378.9
2024-04-15,Poolside Bar,Grey Goose Vodka,1418.7
2024-04-16,Poolside Bar,Grey Goose Vodka,1127.1
2024-04-17,Poolside Bar,Grey Goose Vodka,981.7
2024-04-18,Poolside Bar,Grey Goose Vodka,656.1
2024-04-19,Poolside Bar,Grey Goose Vodka,2020.6
2024-04-20,Poolside Bar,Grey Goose Vodka,1784.1
2024-04-21,Poolside Bar,Grey Goose Vodka,890.2
2024-04-22,Poolside Bar,Grey Goose Vodka,991.5
2024-04-23,Poolside Bar,Grey Goose Vodka,1016.3
2024-04-24,Poolside Bar,Grey Goose Vodka,479.7
2024-04-25,Poolside Bar,Grey Goose Vodka,1177.3
2024-04-26,Poolside Bar,Grey Goose Vodka,1976.5
2024-04-27,Poolside Bar,Grey Goose Vodka,2255.0
2024-04-28,Poolside Bar,Grey Goose Vodka,514.6
2024-04-29,Poolside Bar,Grey Goose Vodka,889.4
2024-04-30,Poolside Bar,Grey Goose Vodka,853.7
2024-05-01,Poolside Bar,Grey Goose Vodka,689.3
2024-05-02,Poolside Bar,Grey Goose Vodka,1290.8
2024-05-03,Poolside Bar,Grey Goose Vodka,2207.2
2024-05-04,Poolside Bar,Grey Goose Vodka,2029.6
2024-05-05,Poolside Bar,Grey Goose Vodka,1320.9
2024-05-06,Poolside Bar,Grey Goose Vodka,649.0
2024-05-07,Poolside Bar,Grey Goose Vodka,1238.3
2024-05-08,Poolside Bar,Grey Goose Vodka,1230.8
2024-05-09,Poolside Bar,Grey Goose Vodka,1199.0
2024-05-10,Poolside Bar,Grey Goose Vodka,1643.1
2024-05-11,Poolside Bar,Grey Goose Vodka,1850.4
2024-05-12,Poolside Bar,Grey Goose Vodka,1091.6
2024-05-13,Poolside Bar,Grey Goose Vodka,998.3
2024-05-14,Poolside Bar,Grey Goose Vodka,168.4
2024-05-15,Poolside Bar,Grey Goose Vodka,815.5
2024-05-16,Poolside Bar,Grey Goose Vodka,1554.9
2024-05-17,Poolside Bar,Grey Goose Vodka,2595.2
2024-05-18,Poolside Bar,Grey Goose Vodka,2146.1
2024-05-19,Poolside Bar,Grey Goose Vodka,1017.5
2024-05-20,Poolside Bar,Grey Goose Vodka,742.8
2024-05-21,Poolside Bar,Grey Goose Vodka,1020.8
2024-05-22,Poolside Bar,Grey Goose Vodka,829.9
2024-05-23,Poolside Bar,Grey Goose Vodka,762.4
2024-05-24,Poolside Bar,Grey Goose Vodka,1884.9
2024-05-25,Poolside Bar,Grey Goose Vodka,2396.5
2024-05-26,Poolside Bar,Grey Goose Vodka,847.1
2024-05-27,Poolside Bar,Grey Goose Vodka,769.8
2024-05-28,Poolside Bar,Grey Goose Vodka,697.4
2024-05-29,Poolside Bar,Grey Goose Vodka,596.8
2024-05-30,Poolside Bar,Grey Goose Vodka,341.5
2024-05-31,Poolside Bar,Grey Goose Vodka,2408.3
2024-06-01,Poolside Bar,Grey Goose Vodka,2243.7
2024-06-02,Poolside Bar,Grey Goose Vodka,1055.8
2024-06-03,Poolside Bar,Grey Goose Vodka,1496.8
2024-06-04,Poolside Bar,Grey Goose Vodka,1327.9
2024-06-05,Poolside Bar,Grey Goose Vodka,955.7
2024-06-06,Poolside Bar,Grey Goose Vodka,1333.2
2024-06-07,Poolside Bar,Grey Goose Vodka,1853.5
2024-06-08,Poolside Bar,Grey Goose Vodka,1633.5
2024-06-09,Poolside Bar,Grey Goose Vodka,681.9
2024-06-10,Poolside Bar,Grey Goose Vodka,119.6
2024-06-11,Poolside Bar,Grey Goose Vodka,1160.6
2024-06-12,Poolside Bar,Grey Goose Vodka,1223.6
2024-06-13,Poolside Bar,Grey Goose Vodka,1247.7
2024-06-14,Poolside Bar,Grey Goose Vodka,2124.2
2024-06-15,Poolside Bar,Grey Goose Vodka,2361.2
2024-06-16,Poolside Bar,Grey Goose Vodka,787.2
2024-06-17,Poolside Bar,Grey Goose Vodka,832.6
2024-06-18,Poolside Bar,Grey Goose Vodka,1089.3
2024-06-19,Poolside Bar,Grey Goose Vodka,1179.5
2024-06-20,Poolside Bar,Grey Goose Vodka,894.5
2024-06-21,Poolside Bar,Grey Goose Vodka,1613.3
2024-06-22,Poolside Bar,Grey Goose Vodka,1695.9
2024-06-23,Poolside Bar,Grey Goose Vodka,846.2
2024-06-24,Poolside Bar,Grey Goose Vodka,708.7
2024-06-25,Poolside Bar,Grey Goose Vodka,781.5
2024-06-26,Poolside Bar,Grey Goose Vodka,1025.9
2024-06-27,Poolside Bar,Grey Goose Vodka,0.0
2024-06-28,Poolside Bar,Grey Goose Vodka,2418.2
2024-01-01,Poolside Bar,Hendrick's Gin,637.2
2024-01-02,Poolside Bar,Hendrick's Gin,472.6
2024-01-03,Poolside Bar,Hendrick's Gin,360.1
2024-01-04,Poolside Bar,Hendrick's Gin,585.4
2024-01-05,Poolside Bar,Hendrick's Gin,1461.0
2024-01-06,Poolside Bar,Hendrick's Gin,1400.2
2024-01-07,Poolside Bar,Hendrick's Gin,1006.5
2024-01-08,Poolside Bar,Hendrick's Gin,512.7
2024-01-09,Poolside Bar,Hendrick's Gin,795.4
2024-01-10,Poolside Bar,Hendrick's Gin,733.0
2024-01-11,Poolside Bar,Hendrick's Gin,274.6
2024-01-12,Poolside Bar,Hendrick's Gin,1200.8
2024-01-13,Poolside Bar,Hendrick's Gin,1532.4
2024-01-14,Poolside Bar,Hendrick's Gin,574.1
2024-01-15,Poolside Bar,Hendrick's Gin,730.2
2024-01-16,Poolside Bar,Hendrick's Gin,604.8
2024-01-17,Poolside Bar,Hendrick's Gin,955.0
2024-01-18,Poolside Bar,Hendrick's Gin,815.2
2024-01-19,Poolside Bar,Hendrick's Gin,1405.7
2024-01-20,Poolside Bar,Hendrick's Gin,942.0
2024-01-21,Poolside Bar,Hendrick's Gin,504.3
2024-01-22,Poolside Bar,Hendrick's Gin,0.0
2024-01-23,Poolside Bar,Hendrick's Gin,699.4
2024-01-24,Poolside Bar,Hendrick's Gin,721.7
2024-01-25,Poolside Bar,Hendrick's Gin,823.3
2024-01-26,Poolside Bar,Hendrick's Gin,1763.5
2024-01-27,Poolside Bar,Hendrick's Gin,1463.5
2024-01-28,Poolside Bar,Hendrick's Gin,487.4
2024-01-29,Poolside Bar,Hendrick's Gin,541.0
2024-01-30,Poolside Bar,Hendrick's Gin,677.2
2024-01-31,Poolside Bar,Hendrick's Gin,855.9
2024-02-01,Poolside Bar,Hendrick's Gin,216.9
2024-02-02,Poolside Bar,Hendrick's Gin,1538.4
2024-02-03,Poolside Bar,Hendrick's Gin,1013.6
2024-02-04,Poolside Bar,Hendrick's Gin,833.4
2024-02-05,Poolside Bar,Hendrick's Gin,553.5
2024-02-06,Poolside Bar,Hendrick's Gin,1077.1
2024-02-07,Poolside Bar,Hendrick's Gin,338.8
2024-02-08,Poolside Bar,Hendrick's Gin,877.8
2024-02-09,Poolside Bar,Hendrick's Gin,1471.1
2024-02-10,Poolside Bar,Hendrick's Gin,1271.9
2024-02-11,Poolside Bar,Hendrick's Gin,400.3
2024-02-12,Poolside Bar,Hendrick's Gin,698.9
2024-02-13,Poolside Bar,Hendrick's Gin,420.8
2024-02-14,Poolside Bar,Hendrick's Gin,262.0
2024-02-15,Poolside Bar,Hendrick's Gin,736.0
2024-02-16,Poolside Bar,Hendrick's Gin,1522.9
2024-02-17,Poolside Bar,Hendrick's Gin,1461.6
2024-02-18,Poolside Bar,Hendrick's Gin,639.7
2024-02-19,Poolside Bar,Hendrick's Gin,344.7
2024-02-20,Poolside Bar,Hendrick's Gin,851.6
2024-02-21,Poolside Bar,Hendrick's Gin,415.2
2024-02-22,Poolside Bar,Hendrick's Gin,715.6
2024-02-23,Poolside Bar,Hendrick's Gin,1171.1
2024-02-24,Poolside Bar,Hendrick's Gin,1571.1
2024-02-25,Poolside Bar,Hendrick's Gin,628.3
2024-02-26,Poolside Bar,Hendrick's Gin,619.4
2024-02-27,Poolside Bar,Hendrick's Gin,762.7
2024-02-28,Poolside Bar,Hendrick's Gin,262.6
2024-02-29,Poolside Bar,Hendrick's Gin,602.6
2024-03-01,Poolside Bar,Hendrick's Gin,1550.5
2024-03-02,Poolside Bar,Hendrick's Gin,1510.3
2024-03-03,Poolside Bar,Hendrick's Gin,799.6
2024-03-04,Poolside Bar,Hendrick's Gin,666.2
2024-03-05,Poolside Bar,Hendrick's Gin,468.7
2024-03-06,Poolside Bar,Hendrick's Gin,697.2
2024-03-07,Poolside Bar,Hendrick's Gin,677.7
2024-03-08,Poolside Bar,Hendrick's Gin,1506.8
2024-03-09,Poolside Bar,Hendrick's Gin,903.2
2024-03-10,Poolside Bar,Hendrick's Gin,608.0
2024-03-11,Poolside Bar,Hendrick's Gin,591.3
2024-03-12,Poolside Bar,Hendrick's Gin,422.3
2024-03-13,Poolside Bar,Hendrick's Gin,473.6
2024-03-14,Poolside Bar,Hendrick's Gin,564.4
2024-03-15,Poolside Bar,Hendrick's Gin,1003.8
2024-03-16,Poolside Bar,Hendrick's Gin,1341.1
2024-03-17,Poolside Bar,Hendrick's Gin,692.0
2024-03-18,Poolside Bar,Hendrick's Gin,654.8
2024-03-19,Poolside Bar,Hendrick's Gin,659.3
2024-03-20,Poolside Bar,Hendrick's Gin,762.4
2024-03-21,Poolside Bar,Hendrick's Gin,556.3
2024-03-22,Poolside Bar,Hendrick's Gin,1066.0
2024-03-23,Poolside Bar,Hendrick's Gin,1320.3
2024-03-24,Poolside Bar,Hendrick's Gin,815.5
2024-03-25,Poolside Bar,Hendrick's Gin,710.3
2024-03-26,Poolside Bar,Hendrick's Gin,899.2
2024-03-27,Poolside Bar,Hendrick's Gin,721.0
2024-03-28,Poolside Bar,Hendrick's Gin,594.3
2024-03-29,Poolside Bar,Hendrick's Gin,1343.8
2024-03-30,Poolside Bar,Hendrick's Gin,1302.5
2024-03-31,Poolside Bar,Hendrick's Gin,660.0
2024-04-01,Poolside Bar,Hendrick's Gin,356.8
2024-04-02,Poolside Bar,Hendrick's Gin,365.7
2024-04-03,Poolside Bar,Hendrick's Gin,739.0
2024-04-04,Poolside Bar,Hendrick's Gin,317.2
2024-04-05,Poolside Bar,Hendrick's Gin,1282.4
2024-04-06,Poolside Bar,Hendrick's Gin,1732.8
2024-04-07,Poolside Bar,Hendrick's Gin,686.8
2024-04-08,Poolside Bar,Hendrick's Gin,873.0
2024-04-09,Poolside Bar,Hendrick's Gin,1050.4
2024-04-10,Poolside Bar,Hendrick's Gin,298.8
2024-04-11,Poolside Bar,Hendrick's Gin,803.4
2024-04-12,Poolside Bar,Hendrick's Gin,1140.6
2024-04-13,Poolside Bar,Hendrick's Gin,1489.0
2024-04-14,Poolside Bar,Hendrick's Gin,478.3
2024-04-15,Poolside Bar,Hendrick's Gin,591.9
2024-04-16,Poolside Bar,Hendrick's Gin,470.3
2024-04-17,Poolside Bar,Hendrick's Gin,768.9
2024-04-18,Poolside Bar,Hendrick's Gin,525.9
2024-04-19,Poolside Bar,Hendrick's Gin,1115.1
2024-04-20,Poolside Bar,Hendrick's Gin,1250.2
2024-04-21,Poolside Bar,Hendrick's Gin,540.9
2024-04-22,Poolside Bar,Hendrick's Gin,829.9
2024-04-23,Poolside Bar,Hendrick's Gin,496.7
2024-04-24,Poolside Bar,Hendrick's Gin,388.7
2024-04-25,Poolside Bar,Hendrick's Gin,507.9
2024-04-26,Poolside Bar,Hendrick's Gin,1288.3
2024-04-27,Poolside Bar,Hendrick's Gin,1380.8
2024-04-28,Poolside Bar,Hendrick's Gin,987.9
2024-04-29,Poolside Bar,Hendrick's Gin,398.2
2024-04-30,Poolside Bar,Hendrick's Gin,526.8
2024-05-01,Poolside Bar,Hendrick's Gin,735.6
2024-05-02,Poolside Bar,Hendrick's Gin,524.6
2024-05-03,Poolside Bar,Hendrick's Gin,1315.2
2024-05-04,Poolside Bar,Hendrick's Gin,1560.6
2024-05-05,Poolside Bar,Hendrick's Gin,723.4
2024-05-06,Poolside Bar,Hendrick's Gin,443.1
2024-05-07,Poolside Bar,Hendrick's Gin,617.4
2024-05-08,Poolside Bar,Hendrick's Gin,528.9
2024-05-09,Poolside Bar,Hendrick's Gin,952.6
2024-05-10,Poolside Bar,Hendrick's Gin,1339.1
2024-05-11,Poolside Bar,Hendrick's Gin,1302.2
2024-05-12,Poolside Bar,Hendrick's Gin,395.8
2024-05-13,Poolside Bar,Hendrick's Gin,920.5
2024-05-14,Poolside Bar,Hendrick's Gin,409.3
2024-05-15,Poolside Bar,Hendrick's Gin,513.1
2024-05-16,Poolside Bar,Hendrick's Gin,865.8
2024-05-17,Poolside Bar,Hendrick's Gin,995.0
2024-05-18,Poolside Bar,Hendrick's Gin,1132.9
2024-05-19,Poolside Bar,Hendrick's Gin,463.6
2024-05-20,Poolside Bar,Hendrick's Gin,351.5
2024-05-21,Poolside Bar,Hendrick's Gin,767.7
2024-05-22,Poolside Bar,Hendrick's Gin,979.5
2024-05-23,Poolside Bar,Hendrick's Gin,503.2
2024-05-24,Poolside Bar,Hendrick's Gin,1342.2
2024-05-25,Poolside Bar,Hendrick's Gin,1360.3
2024-05-26,Poolside Bar,Hendrick's Gin,875.8
2024-05-27,Poolside Bar,Hendrick's Gin,745.4
2024-05-28,Poolside Bar,Hendrick's Gin,641.5
2024-05-29,Poolside Bar,Hendrick's Gin,621.2
2024-05-30,Poolside Bar,Hendrick's Gin,872.6
2024-05-31,Poolside Bar,Hendrick's Gin,1529.6
2024-06-01,Poolside Bar,Hendrick's Gin,1385.7
2024-06-02,Poolside Bar,Hendrick's Gin,506.6
2024-06-03,Poolside Bar,Hendrick's Gin,818.6
2024-06-04,Poolside Bar,Hendrick's Gin,431.1
2024-06-05,Poolside Bar,Hendrick's Gin,172.6
2024-06-06,Poolside Bar,Hendrick's Gin,188.8
2024-06-07,Poolside Bar,Hendrick's Gin,1430.2
2024-06-08,Poolside Bar,Hendrick's Gin,1249.4
2024-06-09,Poolside Bar,Hendrick's Gin,271.4
2024-06-10,Poolside Bar,Hendrick's Gin,601.0
2024-06-11,Poolside Bar,Hendrick's Gin,494.8
2024-06-12,Poolside Bar,Hendrick's Gin,552.7
2024-06-13,Poolside Bar,Hendrick's Gin,849.6
2024-06-14,Poolside Bar,Hendrick's Gin,1435.6
2024-06-15,Poolside Bar,Hendrick's Gin,1746.6
2024-06-16,Poolside Bar,Hendrick's Gin,757.4
2024-06-17,Poolside Bar,Hendrick's Gin,680.4
2024-06-18,Poolside Bar,Hendrick's Gin,776.0
2024-06-19,Poolside Bar,Hendrick's Gin,361.0
2024-06-20,Poolside Bar,Hendrick's Gin,735.3
2024-06-21,Poolside Bar,Hendrick's Gin,1336.9
2024-06-22,Poolside Bar,Hendrick's Gin,1287.3
2024-06-23,Poolside Bar,Hendrick's Gin,878.1
2024-06-24,Poolside Bar,Hendrick's Gin,309.6
2024-06-25,Poolside Bar,Hendrick's Gin,993.2
2024-06-26,Poolside Bar,Hendrick's Gin,649.8
2024-06-27,Poolside Bar,Hendrick's Gin,601.4
2024-06-28,Poolside Bar,Hendrick's Gin,1445.9
2024-01-01,Poolside Bar,Jack Daniel's Bourbon,1452.9
2024-01-02,Poolside Bar,Jack Daniel's Bourbon,879.3
2024-01-03,Poolside Bar,Jack Daniel's Bourbon,503.7
2024-01-04,Poolside Bar,Jack Daniel's Bourbon,919.5
2024-01-05,Poolside Bar,Jack Daniel's Bourbon,1302.9
2024-01-06,Poolside Bar,Jack Daniel's Bourbon,1444.8
2024-01-07,Poolside Bar,Jack Daniel's Bourbon,508.9
2024-01-08,Poolside Bar,Jack Daniel's Bourbon,1026.5
2024-01-09,Poolside Bar,Jack Daniel's Bourbon,550.4
2024-01-10,Poolside Bar,Jack Daniel's Bourbon,417.7
2024-01-11,Poolside Bar,Jack Daniel's Bourbon,637.3
2024-01-12,Poolside Bar,Jack Daniel's Bourbon,1860.5
2024-01-13,Poolside Bar,Jack Daniel's Bourbon,1041.6
2024-01-14,Poolside Bar,Jack Daniel's Bourbon,916.6
2024-01-15,Poolside Bar,Jack Daniel's Bourbon,553.0
2024-01-16,Poolside Bar,Jack Daniel's Bourbon,760.0
2024-01-17,Poolside Bar,Jack Daniel's Bourbon,1011.3
2024-01-18,Poolside Bar,Jack Daniel's Bourbon,676.8
2024-01-19,Poolside Bar,Jack Daniel's Bourbon,1516.4
2024-01-20,Poolside Bar,Jack Daniel's Bourbon,1922.7
2024-01-21,Poolside Bar,Jack Daniel's Bourbon,689.1
2024-01-22,Poolside Bar,Jack Daniel's Bourbon,707.6
2024-01-23,Poolside Bar,Jack Daniel's Bourbon,716.1
2024-01-24,Poolside Bar,Jack Daniel's Bourbon,898.5
2024-01-25,Poolside Bar,Jack Daniel's Bourbon,1086.1
2024-01-26,Poolside Bar,Jack Daniel's Bourbon,1619.7
2024-01-27,Poolside Bar,Jack Daniel's Bourbon,1710.6
2024-01-28,Poolside Bar,Jack Daniel's Bourbon,716.2
2024-01-29,Poolside Bar,Jack Daniel's Bourbon,882.4
2024-01-30,Poolside Bar,Jack Daniel's Bourbon,557.1
2024-01-31,Poolside Bar,Jack Daniel's Bourbon,578.2
2024-02-01,Poolside Bar,Jack Daniel's Bourbon,957.8
2024-02-02,Poolside Bar,Jack Daniel's Bourbon,1804.3
2024-02-03,Poolside Bar,Jack Daniel's Bourbon,1360.0
2024-02-04,Poolside Bar,Jack Daniel's Bourbon,1024.0
2024-02-05,Poolside Bar,Jack Daniel's Bourbon,557.8
2024-02-06,Poolside Bar,Jack Daniel's Bourbon,713.9
2024-02-07,Poolside Bar,Jack Daniel's Bourbon,821.4
2024-02-08,Poolside Bar,Jack Daniel's Bourbon,603.8
2024-02-09,Poolside Bar,Jack Daniel's Bourbon,2127.1
2024-02-10,Poolside Bar,Jack Daniel's Bourbon,1636.5
2024-02-11,Poolside Bar,Jack Daniel's Bourbon,618.6
2024-02-12,Poolside Bar,Jack Daniel's Bourbon,894.3
2024-02-13,Poolside Bar,Jack Daniel's Bourbon,923.5
2024-02-14,Poolside Bar,Jack Daniel's Bourbon,1071.8
2024-02-15,Poolside Bar,Jack Daniel's Bourbon,772.1
2024-02-16,Poolside Bar,Jack Daniel's Bourbon,1548.1
2024-02-17,Poolside Bar,Jack Daniel's Bourbon,1814.4
2024-02-18,Poolside Bar,Jack Daniel's Bourbon,919.8
2024-02-19,Poolside Bar,Jack Daniel's Bourbon,1104.7
2024-02-20,Poolside Bar,Jack Daniel's Bourbon,806.6
2024-02-21,Poolside Bar,Jack Daniel's Bourbon,629.4
2024-02-22,Poolside Bar,Jack Daniel's Bourbon,1027.0
2024-02-23,Poolside Bar,Jack Daniel's Bourbon,1377.4
2024-02-24,Poolside Bar,Jack Daniel's Bourbon,1598.0
2024-02-25,Poolside Bar,Jack Daniel's Bourbon,803.3
2024-02-26,Poolside Bar,Jack Daniel's Bourbon,773.4
2024-02-27,Poolside Bar,Jack Daniel's Bourbon,290.6
2024-02-28,Poolside Bar,Jack Daniel's Bourbon,712.2
2024-02-29,Poolside Bar,Jack Daniel's Bourbon,895.9
2024-03-01,Poolside Bar,Jack Daniel's Bourbon,1735.6
2024-03-02,Poolside Bar,Jack Daniel's Bourbon,1362.4
2024-03-03,Poolside Bar,Jack Daniel's Bourbon,903.6
2024-03-04,Poolside Bar,Jack Daniel's Bourbon,157.7
2024-03-05,Poolside Bar,Jack Daniel's Bourbon,732.7
2024-03-06,Poolside Bar,Jack Daniel's Bourbon,889.3
2024-03-07,Poolside Bar,Jack Daniel's Bourbon,720.1
2024-03-08,Poolside Bar,Jack Daniel's Bourbon,1738.7
2024-03-09,Poolside Bar,Jack Daniel's Bourbon,1728.5
2024-03-10,Poolside Bar,Jack Daniel's Bourbon,532.4
2024-03-11,Poolside Bar,Jack Daniel's Bourbon,677.7
2024-03-12,Poolside Bar,Jack Daniel's Bourbon,536.0
2024-03-13,Poolside Bar,Jack Daniel's Bourbon,1251.4
2024-03-14,Poolside Bar,Jack Daniel's Bourbon,383.5
2024-03-15,Poolside Bar,Jack Daniel's Bourbon,1408.0
2024-03-16,Poolside Bar,Jack Daniel's Bourbon,1933.4
2024-03-17,Poolside Bar,Jack Daniel's Bourbon,981.8
2024-03-18,Poolside Bar,Jack Daniel's Bourbon,731.3
2024-03-19,Poolside Bar,Jack Daniel's Bourbon,873.9
2024-03-20,Poolside Bar,Jack Daniel's Bourbon,535.9
2024-03-21,Poolside Bar,Jack Daniel's Bourbon,568.5
2024-03-22,Poolside Bar,Jack Daniel's Bourbon,1532.3
2024-03-23,Poolside Bar,Jack Daniel's Bourbon,1694.7
2024-03-24,Poolside Bar,Jack Daniel's Bourbon,952.9
2024-03-25,Poolside Bar,Jack Daniel's Bourbon,902.8
2024-03-26,Poolside Bar,Jack Daniel's Bourbon,1060.2
2024-03-27,Poolside Bar,Jack Daniel's Bourbon,586.2
2024-03-28,Poolside Bar,Jack Daniel's Bourbon,740.1
2024-03-29,Poolside Bar,Jack Daniel's Bourbon,1365.7
2024-03-30,Poolside Bar,Jack Daniel's Bourbon,1924.4
2024-03-31,Poolside Bar,Jack Daniel's Bourbon,954.7
2024-04-01,Poolside Bar,Jack Daniel's Bourbon,1213.8
2024-04-02,Poolside Bar,Jack Daniel's Bourbon,706.2
2024-04-03,Poolside Bar,Jack Daniel's Bourbon,717.9
2024-04-04,Poolside Bar,Jack Daniel's Bourbon,795.8
2024-04-05,Poolside Bar,Jack Daniel's Bourbon,1768.4
2024-04-06,Poolside Bar,Jack Daniel's Bourbon,1711.4
2024-04-07,Poolside Bar,Jack Daniel's Bourbon,722.2
2024-04-08,Poolside Bar,Jack Daniel's Bourbon,886.2
2024-04-09,Poolside Bar,Jack Daniel's Bourbon,644.7
2024-04-10,Poolside Bar,Jack Daniel's Bourbon,757.5
2024-04-11,Poolside Bar,Jack Daniel's Bourbon,592.2
2024-04-12,Poolside Bar,Jack Daniel's Bourbon,1395.4
2024-04-13,Poolside Bar,Jack Daniel's Bourbon,1283.5
2024-04-14,Poolside Bar,Jack Daniel's Bourbon,976.6
2024-04-15,Poolside Bar,Jack Daniel's Bourbon,898.5
2024-04-16,Poolside Bar,Jack Daniel's Bourbon,796.9
2024-04-17,Poolside Bar,Jack Daniel's Bourbon,773.0
2024-04-18,Poolside Bar,Jack Daniel's Bourbon,1008.5
2024-04-19,Poolside Bar,Jack Daniel's Bourbon,1453.2
2024-04-20,Poolside Bar,Jack Daniel's Bourbon,1326.2
2024-04-21,Poolside Bar,Jack Daniel's Bourbon,688.0
2024-04-22,Poolside Bar,Jack Daniel's Bourbon,1179.8
2024-04-23,Poolside Bar,Jack Daniel's Bourbon,1148.9
2024-04-24,Poolside Bar,Jack Daniel's Bourbon,823.0
2024-04-25,Poolside Bar,Jack Daniel's Bourbon,1011.1
2024-04-26,Poolside Bar,Jack Daniel's Bourbon,1700.4
2024-04-27,Poolside Bar,Jack Daniel's Bourbon,1327.2
2024-04-28,Poolside Bar,Jack Daniel's Bourbon,613.6
2024-04-29,Poolside Bar,Jack Daniel's Bourbon,1202.0
2024-04-30,Poolside Bar,Jack Daniel's Bourbon,921.6
2024-05-01,Poolside Bar,Jack Daniel's Bourbon,1094.2
2024-05-02,Poolside Bar,Jack Daniel's Bourbon,651.9
2024-05-03,Poolside Bar,Jack Daniel's Bourbon,1429.3
2024-05-04,Poolside Bar,Jack Daniel's Bourbon,1773.7
2024-05-05,Poolside Bar,Jack Daniel's Bourbon,777.9
2024-05-06,Poolside Bar,Jack Daniel's Bourbon,831.9
2024-05-07,Poolside Bar,Jack Daniel's Bourbon,779.2
2024-05-08,Poolside Bar,Jack Daniel's Bourbon,375.7
2024-05-09,Poolside Bar,Jack Daniel's Bourbon,743.7
2024-05-10,Poolside Bar,Jack Daniel's Bourbon,1943.2
2024-05-11,Poolside Bar,Jack Daniel's Bourbon,1324.9
2024-05-12,Poolside Bar,Jack Daniel's Bourbon,1196.8
2024-05-13,Poolside Bar,Jack Daniel's Bourbon,954.5
2024-05-14,Poolside Bar,Jack Daniel's Bourbon,1191.8
2024-05-15,Poolside Bar,Jack Daniel's Bourbon,618.0
2024-05-16,Poolside Bar,Jack Daniel's Bourbon,717.0
2024-05-17,Poolside Bar,Jack Daniel's Bourbon,1224.6
2024-05-18,Poolside Bar,Jack Daniel's Bourbon,1501.9
2024-05-19,Poolside Bar,Jack Daniel's Bourbon,595.8
2024-05-20,Poolside Bar,Jack Daniel's Bourbon,594.2
2024-05-21,Poolside Bar,Jack Daniel's Bourbon,881.9
2024-05-22,Poolside Bar,Jack Daniel's Bourbon,186.9
2024-05-23,Poolside Bar,Jack Daniel's Bourbon,735.7
2024-05-24,Poolside Bar,Jack Daniel's Bourbon,1758.4
2024-05-25,Poolside Bar,Jack Daniel's Bourbon,1945.2
2024-05-26,Poolside Bar,Jack Daniel's Bourbon,854.5
2024-05-27,Poolside Bar,Jack Daniel's Bourbon,863.4
2024-05-28,Poolside Bar,Jack Daniel's Bourbon,694.0
2024-05-29,Poolside Bar,Jack Daniel's Bourbon,1208.7
2024-05-30,Poolside Bar,Jack Daniel's Bourbon,809.9
2024-05-31,Poolside Bar,Jack Daniel's Bourbon,1548.3
2024-06-01,Poolside Bar,Jack Daniel's Bourbon,1165.9
2024-06-02,Poolside Bar,Jack Daniel's Bourbon,897.4
2024-06-03,Poolside Bar,Jack Daniel's Bourbon,619.6
2024-06-04,Poolside Bar,Jack Daniel's Bourbon,783.6
2024-06-05,Poolside Bar,Jack Daniel's Bourbon,793.7
2024-06-06,Poolside Bar,Jack Daniel's Bourbon,1020.8
2024-06-07,Poolside Bar,Jack Daniel's Bourbon,1727.4
2024-06-08,Poolside Bar,Jack Daniel's Bourbon,1732.2
2024-06-09,Poolside Bar,Jack Daniel's Bourbon,911.1
2024-06-10,Poolside Bar,Jack Daniel's Bourbon,741.5
2024-06-11,Poolside Bar,Jack Daniel's Bourbon,1014.5
2024-06-12,Poolside Bar,Jack Daniel's Bourbon,641.5
2024-06-13,Poolside Bar,Jack Daniel's Bourbon,934.2
2024-06-14,Poolside Bar,Jack Daniel's Bourbon,1618.6
2024-06-15,Poolside Bar,Jack Daniel's Bourbon,1403.3
2024-06-16,Poolside Bar,Jack Daniel's Bourbon,907.9
2024-06-17,Poolside Bar,Jack Daniel's Bourbon,727.0
2024-06-18,Poolside Bar,Jack Daniel's Bourbon,1018.4
2024-06-19,Poolside Bar,Jack Daniel's Bourbon,1020.4
2024-06-20,Poolside Bar,Jack Daniel's Bourbon,223.3
2024-06-21,Poolside Bar,Jack Daniel's Bourbon,1367.9
2024-06-22,Poolside Bar,Jack Daniel's Bourbon,2040.4
2024-06-23,Poolside Bar,Jack Daniel's Bourbon,676.9
2024-06-24,Poolside Bar,Jack Daniel's Bourbon,908.7
2024-06-25,Poolside Bar,Jack Daniel's Bourbon,716.2
2024-06-26,Poolside Bar,Jack Daniel's Bourbon,813.7
2024-06-27,Poolside Bar,Jack Daniel's Bourbon,579.0
2024-06-28,Poolside Bar,Jack Daniel's Bourbon,1613.8
2024-01-01,Poolside Bar,Macallan 12 Scotch,251.0
2024-01-02,Poolside Bar,Macallan 12 Scotch,284.7
2024-01-03,Poolside Bar,Macallan 12 Scotch,190.8
2024-01-04,Poolside Bar,Macallan 12 Scotch,193.7
2024-01-05,Poolside Bar,Macallan 12 Scotch,465.1
2024-01-06,Poolside Bar,Macallan 12 Scotch,354.9
2024-01-07,Poolside Bar,Macallan 12 Scotch,123.5
2024-01-08,Poolside Bar,Macallan 12 Scotch,286.4
2024-01-09,Poolside Bar,Macallan 12 Scotch,508.7
2024-01-10,Poolside Bar,Macallan 12 Scotch,502.4
2024-01-11,Poolside Bar,Macallan 12 Scotch,224.2
2024-01-12,Poolside Bar,Macallan 12 Scotch,637.5
2024-01-13,Poolside Bar,Macallan 12 Scotch,687.8
2024-01-14,Poolside Bar,Macallan 12 Scotch,430.9
2024-01-15,Poolside Bar,Macallan 12 Scotch,325.1
2024-01-16,Poolside Bar,Macallan 12 Scotch,347.1
2024-01-17,Poolside Bar,Macallan 12 Scotch,152.3
2024-01-18,Poolside Bar,Macallan 12 Scotch,548.2
2024-01-19,Poolside Bar,Macallan 12 Scotch,528.5
2024-01-20,Poolside Bar,Macallan 12 Scotch,494.1
2024-01-21,Poolside Bar,Macallan 12 Scotch,395.7
2024-01-22,Poolside Bar,Macallan 12 Scotch,0.0
2024-01-23,Poolside Bar,Macallan 12 Scotch,191.9
2024-01-24,Poolside Bar,Macallan 12 Scotch,415.0
2024-01-25,Poolside Bar,Macallan 12 Scotch,392.6
2024-01-26,Poolside Bar,Macallan 12 Scotch,449.3
2024-01-27,Poolside Bar,Macallan 12 Scotch,472.0
2024-01-28,Poolside Bar,Macallan 12 Scotch,189.2
2024-01-29,Poolside Bar,Macallan 12 Scotch,283.2
2024-01-30,Poolside Bar,Macallan 12 Scotch,392.2
2024-01-31,Poolside Bar,Macallan 12 Scotch,336.4
2024-02-01,Poolside Bar,Macallan 12 Scotch,187.1
2024-02-02,Poolside Bar,Macallan 12 Scotch,584.1
2024-02-03,Poolside Bar,Macallan 12 Scotch,669.1
2024-02-04,Poolside Bar,Macallan 12 Scotch,290.0
2024-02-05,Poolside Bar,Macallan 12 Scotch,355.7
2024-02-06,Poolside Bar,Macallan 12 Scotch,0.0
2024-02-07,Poolside Bar,Macallan 12 Scotch,347.0
2024-02-08,Poolside Bar,Macallan 12 Scotch,280.4
2024-02-09,Poolside Bar,Macallan 12 Scotch,293.1
2024-02-10,Poolside Bar,Macallan 12 Scotch,477.2
2024-02-11,Poolside Bar,Macallan 12 Scotch,347.5
2024-02-12,Poolside Bar,Macallan 12 Scotch,311.4
2024-02-13,Poolside Bar,Macallan 12 Scotch,325.2
2024-02-14,Poolside Bar,Macallan 12 Scotch,426.7
2024-02-15,Poolside Bar,Macallan 12 Scotch,367.8
2024-02-16,Poolside Bar,Macallan 12 Scotch,462.4
2024-02-17,Poolside Bar,Macallan 12 Scotch,672.7
2024-02-18,Poolside Bar,Macallan 12 Scotch,175.3
2024-02-19,Poolside Bar,Macallan 12 Scotch,322.2
2024-02-20,Poolside Bar,Macallan 12 Scotch,424.4
2024-02-21,Poolside Bar,Macallan 12 Scotch,302.4
2024-02-22,Poolside Bar,Macallan 12 Scotch,386.0
2024-02-23,Poolside Bar,Macallan 12 Scotch,588.1
2024-02-24,Poolside Bar,Macallan 12 Scotch,432.5
2024-02-25,Poolside Bar,Macallan 12 Scotch,389.0
2024-02-26,Poolside Bar,Macallan 12 Scotch,382.3
2024-02-27,Poolside Bar,Macallan 12 Scotch,191.7
2024-02-28,Poolside Bar,Macallan 12 Scotch,368.4
2024-02-29,Poolside Bar,Macallan 12 Scotch,417.9
2024-03-01,Poolside Bar,Macallan 12 Scotch,531.3
2024-03-02,Poolside Bar,Macallan 12 Scotch,414.9
2024-03-03,Poolside Bar,Macallan 12 Scotch,316.7
2024-03-04,Poolside Bar,Macallan 12 Scotch,160.7
2024-03-05,Poolside Bar,Macallan 12 Scotch,227.5
2024-03-06,Poolside Bar,Macallan 12 Scotch,362.7
2024-03-07,Poolside Bar,Macallan 12 Scotch,470.4
2024-03-08,Poolside Bar,Macallan 12 Scotch,636.6
2024-03-09,Poolside Bar,Macallan 12 Scotch,606.7
2024-03-10,Poolside Bar,Macallan 12 Scotch,499.6
2024-03-11,Poolside Bar,Macallan 12 Scotch,371.8
2024-03-12,Poolside Bar,Macallan 12 Scotch,317.4
2024-03-13,Poolside Bar,Macallan 12 Scotch,299.8
2024-03-14,Poolside Bar,Macallan 12 Scotch,406.2
2024-03-15,Poolside Bar,Macallan 12 Scotch,454.1
2024-03-16,Poolside Bar,Macallan 12 Scotch,492.9
2024-03-17,Poolside Bar,Macallan 12 Scotch,358.5
2024-03-18,Poolside Bar,Macallan 12 Scotch,215.8
2024-03-19,Poolside Bar,Macallan 12 Scotch,202.7
2024-03-20,Poolside Bar,Macallan 12 Scotch,220.8
2024-03-21,Poolside Bar,Macallan 12 Scotch,348.0
2024-03-22,Poolside Bar,Macallan 12 Scotch,314.0
2024-03-23,Poolside Bar,Macallan 12 Scotch,478.3
2024-03-24,Poolside Bar,Macallan 12 Scotch,383.5
2024-03-25,Poolside Bar,Macallan 12 Scotch,247.4
2024-03-26,Poolside Bar,Macallan 12 Scotch,337.6
2024-03-27,Poolside Bar,Macallan 12 Scotch,420.2
2024-03-28,Poolside Bar,Macallan 12 Scotch,340.8
2024-03-29,Poolside Bar,Macallan 12 Scotch,657.9
2024-03-30,Poolside Bar,Macallan 12 Scotch,635.4
2024-03-31,Poolside Bar,Macallan 12 Scotch,160.9
2024-04-01,Poolside Bar,Macallan 12 Scotch,256.1
2024-04-02,Poolside Bar,Macallan 12 Scotch,311.1
2024-04-03,Poolside Bar,Macallan 12 Scotch,295.0
2024-04-04,Poolside Bar,Macallan 12 Scotch,351.6
2024-04-05,Poolside Bar,Macallan 12 Scotch,319.9
2024-04-06,Poolside Bar,Macallan 12 Scotch,604.5
2024-04-07,Poolside Bar,Macallan 12 Scotch,362.4
2024-04-08,Poolside Bar,Macallan 12 Scotch,225.1
2024-04-09,Poolside Bar,Macallan 12 Scotch,369.0
2024-04-10,Poolside Bar,Macallan 12 Scotch,235.9
2024-04-11,Poolside Bar,Macallan 12 Scotch,376.4
2024-04-12,Poolside Bar,Macallan 12 Scotch,594.5
2024-04-13,Poolside Bar,Macallan 12 Scotch,348.2
2024-04-14,Poolside Bar,Macallan 12 Scotch,368.3
2024-04-15,Poolside Bar,Macallan 12 Scotch,259.1
2024-04-16,Poolside Bar,Macallan 12 Scotch,403.6
2024-04-17,Poolside Bar,Macallan 12 Scotch,184.0
2024-04-18,Poolside Bar,Macallan 12 Scotch,305.4
2024-04-19,Poolside Bar,Macallan 12 Scotch,715.2
2024-04-20,Poolside Bar,Macallan 12 Scotch,521.3
2024-04-21,Poolside Bar,Macallan 12 Scotch,348.8
2024-04-22,Poolside Bar,Macallan 12 Scotch,294.4
2024-04-23,Poolside Bar,Macallan 12 Scotch,279.3
2024-04-24,Poolside Bar,Macallan 12 Scotch,353.2
2024-04-25,Poolside Bar,Macallan 12 Scotch,246.2
2024-04-26,Poolside Bar,Macallan 12 Scotch,660.8
2024-04-27,Poolside Bar,Macallan 12 Scotch,471.0
2024-04-28,Poolside Bar,Macallan 12 Scotch,267.3
2024-04-29,Poolside Bar,Macallan 12 Scotch,227.2
2024-04-30,Poolside Bar,Macallan 12 Scotch,251.8
2024-05-01,Poolside Bar,Macallan 12 Scotch,211.1
2024-05-02,Poolside Bar,Macallan 12 Scotch,149.8
2024-05-03,Poolside Bar,Macallan 12 Scotch,365.0
2024-05-04,Poolside Bar,Macallan 12 Scotch,738.4
2024-05-05,Poolside Bar,Macallan 12 Scotch,317.2
2024-05-06,Poolside Bar,Macallan 12 Scotch,345.2
2024-05-07,Poolside Bar,Macallan 12 Scotch,454.1
2024-05-08,Poolside Bar,Macallan 12 Scotch,289.8
2024-05-09,Poolside Bar,Macallan 12 Scotch,37.7
2024-05-10,Poolside Bar,Macallan 12 Scotch,528.7
2024-05-11,Poolside Bar,Macallan 12 Scotch,321.5
2024-05-12,Poolside Bar,Macallan 12 Scotch,237.7
2024-05-13,Poolside Bar,Macallan 12 Scotch,204.0
2024-05-14,Poolside Bar,Macallan 12 Scotch,418.7
2024-05-15,Poolside Bar,Macallan 12 Scotch,164.7
2024-05-16,Poolside Bar,Macallan 12 Scotch,307.5
2024-05-17,Poolside Bar,Macallan 12 Scotch,491.5
2024-05-18,Poolside Bar,Macallan 12 Scotch,619.5
2024-05-19,Poolside Bar,Macallan 12 Scotch,414.3
2024-05-20,Poolside Bar,Macallan 12 Scotch,551.7
2024-05-21,Poolside Bar,Macallan 12 Scotch,367.3
2024-05-22,Poolside Bar,Macallan 12 Scotch,193.6
2024-05-23,Poolside Bar,Macallan 12 Scotch,124.6
2024-05-24,Poolside Bar,Macallan 12 Scotch,434.7
2024-05-25,Poolside Bar,Macallan 12 Scotch,652.1
2024-05-26,Poolside Bar,Macallan 12 Scotch,186.8
2024-05-27,Poolside Bar,Macallan 12 Scotch,285.5
2024-05-28,Poolside Bar,Macallan 12 Scotch,353.0
2024-05-29,Poolside Bar,Macallan 12 Scotch,216.0
2024-05-30,Poolside Bar,Macallan 12 Scotch,446.8
2024-05-31,Poolside Bar,Macallan 12 Scotch,622.2
2024-06-01,Poolside Bar,Macallan 12 Scotch,523.9
2024-06-02,Poolside Bar,Macallan 12 Scotch,426.2
2024-06-03,Poolside Bar,Macallan 12 Scotch,444.9
2024-06-04,Poolside Bar,Macallan 12 Scotch,318.7
2024-06-05,Poolside Bar,Macallan 12 Scotch,380.1
2024-06-06,Poolside Bar,Macallan 12 Scotch,338.2
2024-06-07,Poolside Bar,Macallan 12 Scotch,284.2
2024-06-08,Poolside Bar,Macallan 12 Scotch,613.4
2024-06-09,Poolside Bar,Macallan 12 Scotch,0.0
2024-06-10,Poolside Bar,Macallan 12 Scotch,402.1
2024-06-11,Poolside Bar,Macallan 12 Scotch,474.4
2024-06-12,Poolside Bar,Macallan 12 Scotch,491.6
2024-06-13,Poolside Bar,Macallan 12 Scotch,367.1
2024-06-14,Poolside Bar,Macallan 12 Scotch,631.0
2024-06-15,Poolside Bar,Macallan 12 Scotch,475.8
2024-06-16,Poolside Bar,Macallan 12 Scotch,340.9
2024-06-17,Poolside Bar,Macallan 12 Scotch,294.5
2024-06-18,Poolside Bar,Macallan 12 Scotch,512.5
2024-06-19,Poolside Bar,Macallan 12 Scotch,380.2
2024-06-20,Poolside Bar,Macallan 12 Scotch,305.9
2024-06-21,Poolside Bar,Macallan 12 Scotch,275.0
2024-06-22,Poolside Bar,Macallan 12 Scotch,477.0
2024-06-23,Poolside Bar,Macallan 12 Scotch,232.8
2024-06-24,Poolside Bar,Macallan 12 Scotch,278.9
2024-06-25,Poolside Bar,Macallan 12 Scotch,308.1
2024-06-26,Poolside Bar,Macallan 12 Scotch,315.0
2024-06-27,Poolside Bar,Macallan 12 Scotch,102.4
2024-06-28,Poolside Bar,Macallan 12 Scotch,328.9
2024-01-01,Poolside Bar,Patron Silver Tequila,449.8
2024-01-02,Poolside Bar,Patron Silver Tequila,395.9
2024-01-03,Poolside Bar,Patron Silver Tequila,547.5
2024-01-04,Poolside Bar,Patron Silver Tequila,391.0
2024-01-05,Poolside Bar,Patron Silver Tequila,948.5
2024-01-06,Poolside Bar,Patron Silver Tequila,1055.3
2024-01-07,Poolside Bar,Patron Silver Tequila,564.6
2024-01-08,Poolside Bar,Patron Silver Tequila,508.8
2024-01-09,Poolside Bar,Patron Silver Tequila,516.2
2024-01-10,Poolside Bar,Patron Silver Tequila,682.8
2024-01-11,Poolside Bar,Patron Silver Tequila,316.4
2024-01-12,Poolside Bar,Patron Silver Tequila,810.9
2024-01-13,Poolside Bar,Patron Silver Tequila,1364.7
2024-01-14,Poolside Bar,Patron Silver Tequila,478.7
2024-01-15,Poolside Bar,Patron Silver Tequila,513.6
2024-01-16,Poolside Bar,Patron Silver Tequila,532.4
2024-01-17,Poolside Bar,Patron Silver Tequila,513.7
2024-01-18,Poolside Bar,Patron Silver Tequila,365.4
2024-01-19,Poolside Bar,Patron Silver Tequila,969.0
2024-01-20,Poolside Bar,Patron Silver Tequila,1172.0
2024-01-21,Poolside Bar,Patron Silver Tequila,159.9
2024-01-22,Poolside Bar,Patron Silver Tequila,219.4
2024-01-23,Poolside Bar,Patron Silver Tequila,299.5
2024-01-24,Poolside Bar,Patron Silver Tequila,346.2
2024-01-25,Poolside Bar,Patron Silver Tequila,622.7
2024-01-26,Poolside Bar,Patron Silver Tequila,875.2
2024-01-27,Poolside Bar,Patron Silver Tequila,949.2
2024-01-28,Poolside Bar,Patron Silver Tequila,582.7
2024-01-29,Poolside Bar,Patron Silver Tequila,207.5
2024-01-30,Poolside Bar,Patron Silver Tequila,171.3
2024-01-31,Poolside Bar,Patron Silver Tequila,443.0
2024-02-01,Poolside Bar,Patron Silver Tequila,618.9
2024-02-02,Poolside Bar,Patron Silver Tequila,812.5
2024-02-03,Poolside Bar,Patron Silver Tequila,1002.9
2024-02-04,Poolside Bar,Patron Silver Tequila,429.2
2024-02-05,Poolside Bar,Patron Silver Tequila,297.0
2024-02-06,Poolside Bar,Patron Silver Tequila,377.2
2024-02-07,Poolside Bar,Patron Silver Tequila,803.0
2024-02-08,Poolside Bar,Patron Silver Tequila,659.4
2024-02-09,Poolside Bar,Patron Silver Tequila,884.9
2024-02-10,Poolside Bar,Patron Silver Tequila,845.4
2024-02-11,Poolside Bar,Patron Silver Tequila,147.3
2024-02-12,Poolside Bar,Patron Silver Tequila,667.0
2024-02-13,Poolside Bar,Patron Silver Tequila,45.6
2024-02-14,Poolside Bar,Patron Silver Tequila,425.9
2024-02-15,Poolside Bar,Patron Silver Tequila,428.8
2024-02-16,Poolside Bar,Patron Silver Tequila,1128.5
2024-02-17,Poolside Bar,Patron Silver Tequila,1025.2
2024-02-18,Poolside Bar,Patron Silver Tequila,286.8
2024-02-19,Poolside Bar,Patron Silver Tequila,381.8
2024-02-20,Poolside Bar,Patron Silver Tequila,567.8
2024-02-21,Poolside Bar,Patron Silver Tequila,201.8
2024-02-22,Poolside Bar,Patron Silver Tequila,501.9
2024-02-23,Poolside Bar,Patron Silver Tequila,1014.9
2024-02-24,Poolside Bar,Patron Silver Tequila,1104.1
2024-02-25,Poolside Bar,Patron Silver Tequila,399.4
2024-02-26,Poolside Bar,Patron Silver Tequila,489.1
2024-02-27,Poolside Bar,Patron Silver Tequila,702.2
2024-02-28,Poolside Bar,Patron Silver Tequila,515.2
2024-02-29,Poolside Bar,Patron Silver Tequila,188.2
2024-03-01,Poolside Bar,Patron Silver Tequila,1295.4
2024-03-02,Poolside Bar,Patron Silver Tequila,819.8
2024-03-03,Poolside Bar,Patron Silver Tequila,773.1
2024-03-04,Poolside Bar,Patron Silver Tequila,284.6
2024-03-05,Poolside Bar,Patron Silver Tequila,293.6
2024-03-06,Poolside Bar,Patron Silver Tequila,516.0
2024-03-07,Poolside Bar,Patron Silver Tequila,320.2
2024-03-08,Poolside Bar,Patron Silver Tequila,1277.7
2024-03-09,Poolside Bar,Patron Silver Tequila,712.3
2024-03-10,Poolside Bar,Patron Silver Tequila,516.7
2024-03-11,Poolside Bar,Patron Silver Tequila,405.4
2024-03-12,Poolside Bar,Patron Silver Tequila,292.3
2024-03-13,Poolside Bar,Patron Silver Tequila,246.9
2024-03-14,Poolside Bar,Patron Silver Tequila,515.6
2024-03-15,Poolside Bar,Patron Silver Tequila,1119.0
2024-03-16,Poolside Bar,Patron Silver Tequila,1047.5
2024-03-17,Poolside Bar,Patron Silver Tequila,316.9
2024-03-18,Poolside Bar,Patron Silver Tequila,519.1
2024-03-19,Poolside Bar,Patron Silver Tequila,105.0
2024-03-20,Poolside Bar,Patron Silver Tequila,338.1
2024-03-21,Poolside Bar,Patron Silver Tequila,571.5
2024-03-22,Poolside Bar,Patron Silver Tequila,952.0
2024-03-23,Poolside Bar,Patron Silver Tequila,1059.0
2024-03-24,Poolside Bar,Patron Silver Tequila,214.9
2024-03-25,Poolside Bar,Patron Silver Tequila,42.8
2024-03-26,Poolside Bar,Patron Silver Tequila,730.2
2024-03-27,Poolside Bar,Patron Silver Tequila,282.3
2024-03-28,Poolside Bar,Patron Silver Tequila,395.4
2024-03-29,Poolside Bar,Patron Silver Tequila,944.3
2024-03-30,Poolside Bar,Patron Silver Tequila,690.2
2024-03-31,Poolside Bar,Patron Silver Tequila,438.4
2024-04-01,Poolside Bar,Patron Silver Tequila,696.4
2024-04-02,Poolside Bar,Patron Silver Tequila,335.1
2024-04-03,Poolside Bar,Patron Silver Tequila,244.4
2024-04-04,Poolside Bar,Patron Silver Tequila,508.1
2024-04-05,Poolside Bar,Patron Silver Tequila,1063.3
2024-04-06,Poolside Bar,Patron Silver Tequila,1066.4
2024-04-07,Poolside Bar,Patron Silver Tequila,435.7
2024-04-08,Poolside Bar,Patron Silver Tequila,379.0
2024-04-09,Poolside Bar,Patron Silver Tequila,640.3
2024-04-10,Poolside Bar,Patron Silver Tequila,351.0
2024-04-11,Poolside Bar,Patron Silver Tequila,385.3
2024-04-12,Poolside Bar,Patron Silver Tequila,934.1
2024-04-13,Poolside Bar,Patron Silver Tequila,884.3
2024-04-14,Poolside Bar,Patron Silver Tequila,379.4
2024-04-15,Poolside Bar,Patron Silver Tequila,484.4
2024-04-16,Poolside Bar,Patron Silver Tequila,482.6
2024-04-17,Poolside Bar,Patron Silver Tequila,291.4
2024-04-18,Poolside Bar,Patron Silver Tequila,346.9
2024-04-19,Poolside Bar,Patron Silver Tequila,955.9
2024-04-20,Poolside Bar,Patron Silver Tequila,1046.9
2024-04-21,Poolside Bar,Patron Silver Tequila,382.8
2024-04-22,Poolside Bar,Patron Silver Tequila,428.0
2024-04-23,Poolside Bar,Patron Silver Tequila,403.5
2024-04-24,Poolside Bar,Patron Silver Tequila,307.4
2024-04-25,Poolside Bar,Patron Silver Tequila,516.7
2024-04-26,Poolside Bar,Patron Silver Tequila,1136.7
2024-04-27,Poolside Bar,Patron Silver Tequila,1159.2
2024-04-28,Poolside Bar,Patron Silver Tequila,455.4
2024-04-29,Poolside Bar,Patron Silver Tequila,598.9
2024-04-30,Poolside Bar,Patron Silver Tequila,409.4
2024-05-01,Poolside Bar,Patron Silver Tequila,521.6
2024-05-02,Poolside Bar,Patron Silver Tequila,250.1
2024-05-03,Poolside Bar,Patron Silver Tequila,1229.9
2024-05-04,Poolside Bar,Patron Silver Tequila,729.3
2024-05-05,Poolside Bar,Patron Silver Tequila,502.7
2024-05-06,Poolside Bar,Patron Silver Tequila,679.6
2024-05-07,Poolside Bar,Patron Silver Tequila,481.3
2024-05-08,Poolside Bar,Patron Silver Tequila,681.8
2024-05-09,Poolside Bar,Patron Silver Tequila,348.7
2024-05-10,Poolside Bar,Patron Silver Tequila,924.3
2024-05-11,Poolside Bar,Patron Silver Tequila,844.4
2024-05-12,Poolside Bar,Patron Silver Tequila,551.8
2024-05-13,Poolside Bar,Patron Silver Tequila,450.0
2024-05-14,Poolside Bar,Patron Silver Tequila,693.1
2024-05-15,Poolside Bar,Patron Silver Tequila,720.9
2024-05-16,Poolside Bar,Patron Silver Tequila,590.6
2024-05-17,Poolside Bar,Patron Silver Tequila,950.5
2024-05-18,Poolside Bar,Patron Silver Tequila,711.5
2024-05-19,Poolside Bar,Patron Silver Tequila,408.8
2024-05-20,Poolside Bar,Patron Silver Tequila,477.7
2024-05-21,Poolside Bar,Patron Silver Tequila,361.8
2024-05-22,Poolside Bar,Patron Silver Tequila,461.9
2024-05-23,Poolside Bar,Patron Silver Tequila,743.7
2024-05-24,Poolside Bar,Patron Silver Tequila,1191.2
2024-05-25,Poolside Bar,Patron Silver Tequila,1065.3
2024-05-26,Poolside Bar,Patron Silver Tequila,599.7
2024-05-27,Poolside Bar,Patron Silver Tequila,286.9
2024-05-28,Poolside Bar,Patron Silver Tequila,702.0
2024-05-29,Poolside Bar,Patron Silver Tequila,508.7
2024-05-30,Poolside Bar,Patron Silver Tequila,532.2
2024-05-31,Poolside Bar,Patron Silver Tequila,866.4
2024-06-01,Poolside Bar,Patron Silver Tequila,1151.5
2024-06-02,Poolside Bar,Patron Silver Tequila,542.0
2024-06-03,Poolside Bar,Patron Silver Tequila,553.4
2024-06-04,Poolside Bar,Patron Silver Tequila,524.5
2024-06-05,Poolside Bar,Patron Silver Tequila,405.6
2024-06-06,Poolside Bar,Patron Silver Tequila,219.7
2024-06-07,Poolside Bar,Patron Silver Tequila,1171.2
2024-06-08,Poolside Bar,Patron Silver Tequila,882.8
2024-06-09,Poolside Bar,Patron Silver Tequila,475.1
2024-06-10,Poolside Bar,Patron Silver Tequila,424.0
2024-06-11,Poolside Bar,Patron Silver Tequila,241.7
2024-06-12,Poolside Bar,Patron Silver Tequila,372.5
2024-06-13,Poolside Bar,Patron Silver Tequila,202.2
2024-06-14,Poolside Bar,Patron Silver Tequila,1240.6
2024-06-15,Poolside Bar,Patron Silver Tequila,1027.7
2024-06-16,Poolside Bar,Patron Silver Tequila,334.7
2024-06-17,Poolside Bar,Patron Silver Tequila,258.8
2024-06-18,Poolside Bar,Patron Silver Tequila,619.5
2024-06-19,Poolside Bar,Patron Silver Tequila,201.6
2024-06-20,Poolside Bar,Patron Silver Tequila,650.1
2024-06-21,Poolside Bar,Patron Silver Tequila,1021.1
2024-06-22,Poolside Bar,Patron Silver Tequila,1205.0
2024-06-23,Poolside Bar,Patron Silver Tequila,402.6
2024-06-24,Poolside Bar,Patron Silver Tequila,349.0
2024-06-25,Poolside Bar,Patron Silver Tequila,323.8
2024-06-26,Poolside Bar,Patron Silver Tequila,562.8
2024-06-27,Poolside Bar,Patron Silver Tequila,434.1
2024-06-28,Poolside Bar,Patron Silver Tequila,1039.7
2024-01-01,Poolside Bar,Remy Martin XO Cognac,0.0
2024-01-02,Poolside Bar,Remy Martin XO Cognac,145.9
2024-01-03,Poolside Bar,Remy Martin XO Cognac,0.0
2024-01-04,Poolside Bar,Remy Martin XO Cognac,0.0
2024-01-05,Poolside Bar,Remy Martin XO Cognac,108.6
2024-01-06,Poolside Bar,Remy Martin XO Cognac,85.2
2024-01-07,Poolside Bar,Remy Martin XO Cognac,0.0
2024-01-08,Poolside Bar,Remy Martin XO Cognac,0.0
2024-01-09,Poolside Bar,Remy Martin XO Cognac,128.0
2024-01-10,Poolside Bar,Remy Martin XO Cognac,224.8
2024-01-11,Poolside Bar,Remy Martin XO Cognac,0.0
2024-01-12,Poolside Bar,Remy Martin XO Cognac,115.7
2024-01-13,Poolside Bar,Remy Martin XO Cognac,112.5
2024-01-14,Poolside Bar,Remy Martin XO Cognac,0.0
2024-01-15,Poolside Bar,Remy Martin XO Cognac,93.8
2024-01-16,Poolside Bar,Remy Martin XO Cognac,0.0
2024-01-17,Poolside Bar,Remy Martin XO Cognac,101.0
2024-01-18,Poolside Bar,Remy Martin XO Cognac,146.4
2024-01-19,Poolside Bar,Remy Martin XO Cognac,231.8
2024-01-20,Poolside Bar,Remy Martin XO Cognac,206.2
2024-01-21,Poolside Bar,Remy Martin XO Cognac,0.0
2024-01-22,Poolside Bar,Remy Martin XO Cognac,59.1
2024-01-23,Poolside Bar,Remy Martin XO Cognac,59.1
2024-01-24,Poolside Bar,Remy Martin XO Cognac,160.2
2024-01-25,Poolside Bar,Remy Martin XO Cognac,0.0
2024-01-26,Poolside Bar,Remy Martin XO Cognac,78.2
2024-01-27,Poolside Bar,Remy Martin XO Cognac,136.2
2024-01-28,Poolside Bar,Remy Martin XO Cognac,98.3
2024-01-29,Poolside Bar,Remy Martin XO Cognac,0.0
2024-01-30,Poolside Bar,Remy Martin XO Cognac,0.0
2024-01-31,Poolside Bar,Remy Martin XO Cognac,0.0
2024-02-01,Poolside Bar,Remy Martin XO Cognac,0.0
2024-02-02,Poolside Bar,Remy Martin XO Cognac,50.9
2024-02-03,Poolside Bar,Remy Martin XO Cognac,146.4
2024-02-04,Poolside Bar,Remy Martin XO Cognac,0.0
2024-02-05,Poolside Bar,Remy Martin XO Cognac,89.2
2024-02-06,Poolside Bar,Remy Martin XO Cognac,0.0
2024-02-07,Poolside Bar,Remy Martin XO Cognac,0.0
2024-02-08,Poolside Bar,Remy Martin XO Cognac,115.7
2024-02-09,Poolside Bar,Remy Martin XO Cognac,176.5
2024-02-10,Poolside Bar,Remy Martin XO Cognac,147.5
2024-02-11,Poolside Bar,Remy Martin XO Cognac,66.6
2024-02-12,Poolside Bar,Remy Martin XO Cognac,0.0
2024-02-13,Poolside Bar,Remy Martin XO Cognac,118.7
2024-02-14,Poolside Bar,Remy Martin XO Cognac,28.2
2024-02-15,Poolside Bar,Remy Martin XO Cognac,109.8
2024-02-16,Poolside Bar,Remy Martin XO Cognac,111.6
2024-02-17,Poolside Bar,Remy Martin XO Cognac,102.4
2024-02-18,Poolside Bar,Remy Martin XO Cognac,144.4
2024-02-19,Poolside Bar,Remy Martin XO Cognac,32.6
2024-02-20,Poolside Bar,Remy Martin XO Cognac,103.0
2024-02-21,Poolside Bar,Remy Martin XO Cognac,28.3
2024-02-22,Poolside Bar,Remy Martin XO Cognac,81.0
2024-02-23,Poolside Bar,Remy Martin XO Cognac,144.8
2024-02-24,Poolside Bar,Remy Martin XO Cognac,204.7
2024-02-25,Poolside Bar,Remy Martin XO Cognac,116.8
2024-02-26,Poolside Bar,Remy Martin XO Cognac,87.3
2024-02-27,Poolside Bar,Remy Martin XO Cognac,166.4
2024-02-28,Poolside Bar,Remy Martin XO Cognac,7.0
2024-02-29,Poolside Bar,Remy Martin XO Cognac,118.4
2024-03-01,Poolside Bar,Remy Martin XO Cognac,126.6
2024-03-02,Poolside Bar,Remy Martin XO Cognac,63.6
2024-03-03,Poolside Bar,Remy Martin XO Cognac,136.9
2024-03-04,Poolside Bar,Remy Martin XO Cognac,75.2
2024-03-05,Poolside Bar,Remy Martin XO Cognac,0.0
2024-03-06,Poolside Bar,Remy Martin XO Cognac,0.0
2024-03-07,Poolside Bar,Remy Martin XO Cognac,55.6
2024-03-08,Poolside Bar,Remy Martin XO Cognac,179.9
2024-03-09,Poolside Bar,Remy Martin XO Cognac,212.4
2024-03-10,Poolside Bar,Remy Martin XO Cognac,0.0
2024-03-11,Poolside Bar,Remy Martin XO Cognac,0.0
2024-03-12,Poolside Bar,Remy Martin XO Cognac,140.9
2024-03-13,Poolside Bar,Remy Martin XO Cognac,68.9
2024-03-14,Poolside Bar,Remy Martin XO Cognac,22.8
2024-03-15,Poolside Bar,Remy Martin XO Cognac,76.8
2024-03-16,Poolside Bar,Remy Martin XO Cognac,103.3
2024-03-17,Poolside Bar,Remy Martin XO Cognac,118.2
2024-03-18,Poolside Bar,Remy Martin XO Cognac,120.6
2024-03-19,Poolside Bar,Remy Martin XO Cognac,81.3
2024-03-20,Poolside Bar,Remy Martin XO Cognac,0.0
2024-03-21,Poolside Bar,Remy Martin XO Cognac,87.2
2024-03-22,Poolside Bar,Remy Martin XO Cognac,171.2
2024-03-23,Poolside Bar,Remy Martin XO Cognac,140.6
2024-03-24,Poolside Bar,Remy Martin XO Cognac,33.1
2024-03-25,Poolside Bar,Remy Martin XO Cognac,0.0
2024-03-26,Poolside Bar,Remy Martin XO Cognac,0.0
2024-03-27,Poolside Bar,Remy Martin XO Cognac,0.0
2024-03-28,Poolside Bar,Remy Martin XO Cognac,54.2
2024-03-29,Poolside Bar,Remy Martin XO Cognac,199.0
2024-03-30,Poolside Bar,Remy Martin XO Cognac,103.8
2024-03-31,Poolside Bar,Remy Martin XO Cognac,150.3
2024-04-01,Poolside Bar,Remy Martin XO Cognac,0.0
2024-04-02,Poolside Bar,Remy Martin XO Cognac,16.6
2024-04-03,Poolside Bar,Remy Martin XO Cognac,79.5
2024-04-04,Poolside Bar,Remy Martin XO Cognac,126.7
2024-04-05,Poolside Bar,Remy Martin XO Cognac,28.5
2024-04-06,Poolside Bar,Remy Martin XO Cognac,183.4
2024-04-07,Poolside Bar,Remy Martin XO Cognac,105.2
2024-04-08,Poolside Bar,Remy Martin XO Cognac,0.0
2024-04-09,Poolside Bar,Remy Martin XO Cognac,110.9
2024-04-10,Poolside Bar,Remy Martin XO Cognac,0.0
2024-04-11,Poolside Bar,Remy Martin XO Cognac,84.4
2024-04-12,Poolside Bar,Remy Martin XO Cognac,25.8
2024-04-13,Poolside Bar,Remy Martin XO Cognac,71.6
2024-04-14,Poolside Bar,Remy Martin XO Cognac,79.6
2024-04-15,Poolside Bar,Remy Martin XO Cognac,0.0
2024-04-16,Poolside Bar,Remy Martin XO Cognac,168.8
2024-04-17,Poolside Bar,Remy Martin XO Cognac,100.9
2024-04-18,Poolside Bar,Remy Martin XO Cognac,0.0
2024-04-19,Poolside Bar,Remy Martin XO Cognac,163.4
2024-04-20,Poolside Bar,Remy Martin XO Cognac,111.7
2024-04-21,Poolside Bar,Remy Martin XO Cognac,0.0
2024-04-22,Poolside Bar,Remy Martin XO Cognac,0.0
2024-04-23,Poolside Bar,Remy Martin XO Cognac,63.6
2024-04-24,Poolside Bar,Remy Martin XO Cognac,0.0
2024-04-25,Poolside Bar,Remy Martin XO Cognac,0.0
2024-04-26,Poolside Bar,Remy Martin XO Cognac,208.1
2024-04-27,Poolside Bar,Remy Martin XO Cognac,32.3
2024-04-28,Poolside Bar,Remy Martin XO Cognac,97.9
2024-04-29,Poolside Bar,Remy Martin XO Cognac,92.7
2024-04-30,Poolside Bar,Remy Martin XO Cognac,26.8
2024-05-01,Poolside Bar,Remy Martin XO Cognac,54.8
2024-05-02,Poolside Bar,Remy Martin XO Cognac,0.0
2024-05-03,Poolside Bar,Remy Martin XO Cognac,150.9
2024-05-04,Poolside Bar,Remy Martin XO Cognac,64.7
2024-05-05,Poolside Bar,Remy Martin XO Cognac,121.7
2024-05-06,Poolside Bar,Remy Martin XO Cognac,138.9
2024-05-07,Poolside Bar,Remy Martin XO Cognac,178.8
2024-05-08,Poolside Bar,Remy Martin XO Cognac,0.0
2024-05-09,Poolside Bar,Remy Martin XO Cognac,0.0
2024-05-10,Poolside Bar,Remy Martin XO Cognac,113.3
2024-05-11,Poolside Bar,Remy Martin XO Cognac,203.9
2024-05-12,Poolside Bar,Remy Martin XO Cognac,102.9
2024-05-13,Poolside Bar,Remy Martin XO Cognac,83.9
2024-05-14,Poolside Bar,Remy Martin XO Cognac,121.2
2024-05-15,Poolside Bar,Remy Martin XO Cognac,107.7
2024-05-16,Poolside Bar,Remy Martin XO Cognac,0.0
2024-05-17,Poolside Bar,Remy Martin XO Cognac,112.3
2024-05-18,Poolside Bar,Remy Martin XO Cognac,30.6
2024-05-19,Poolside Bar,Remy Martin XO Cognac,0.0
2024-05-20,Poolside Bar,Remy Martin XO Cognac,0.0
2024-05-21,Poolside Bar,Remy Martin XO Cognac,0.0
2024-05-22,Poolside Bar,Remy Martin XO Cognac,0.0
2024-05-23,Poolside Bar,Remy Martin XO Cognac,144.4
2024-05-24,Poolside Bar,Remy Martin XO Cognac,162.3
2024-05-25,Poolside Bar,Remy Martin XO Cognac,200.9
2024-05-26,Poolside Bar,Remy Martin XO Cognac,50.8
2024-05-27,Poolside Bar,Remy Martin XO Cognac,0.0
2024-05-28,Poolside Bar,Remy Martin XO Cognac,30.3
2024-05-29,Poolside Bar,Remy Martin XO Cognac,118.7
2024-05-30,Poolside Bar,Remy Martin XO Cognac,208.3
2024-05-31,Poolside Bar,Remy Martin XO Cognac,113.2
2024-06-01,Poolside Bar,Remy Martin XO Cognac,123.1
2024-06-02,Poolside Bar,Remy Martin XO Cognac,0.0
2024-06-03,Poolside Bar,Remy Martin XO Cognac,114.7
2024-06-04,Poolside Bar,Remy Martin XO Cognac,57.0
2024-06-05,Poolside Bar,Remy Martin XO Cognac,200.4
2024-06-06,Poolside Bar,Remy Martin XO Cognac,188.2
2024-06-07,Poolside Bar,Remy Martin XO Cognac,114.8
2024-06-08,Poolside Bar,Remy Martin XO Cognac,56.7
2024-06-09,Poolside Bar,Remy Martin XO Cognac,67.8
2024-06-10,Poolside Bar,Remy Martin XO Cognac,92.5
2024-06-11,Poolside Bar,Remy Martin XO Cognac,0.0
2024-06-12,Poolside Bar,Remy Martin XO Cognac,82.7
2024-06-13,Poolside Bar,Remy Martin XO Cognac,0.0
2024-06-14,Poolside Bar,Remy Martin XO Cognac,45.4
2024-06-15,Poolside Bar,Remy Martin XO Cognac,251.2
2024-06-16,Poolside Bar,Remy Martin XO Cognac,0.0
2024-06-17,Poolside Bar,Remy Martin XO Cognac,100.3
2024-06-18,Poolside Bar,Remy Martin XO Cognac,0.0
2024-06-19,Poolside Bar,Remy Martin XO Cognac,155.1
2024-06-20,Poolside Bar,Remy Martin XO Cognac,181.3
2024-06-21,Poolside Bar,Remy Martin XO Cognac,87.7
2024-06-22,Poolside Bar,Remy Martin XO Cognac,270.5
2024-06-23,Poolside Bar,Remy Martin XO Cognac,0.0
2024-06-24,Poolside Bar,Remy Martin XO Cognac,169.3
2024-06-25,Poolside Bar,Remy Martin XO Cognac,0.0
2024-06-26,Poolside Bar,Remy Martin XO Cognac,0.0
2024-06-27,Poolside Bar,Remy Martin XO Cognac,89.8
2024-06-28,Poolside Bar,Remy Martin XO Cognac,227.4
2024-01-01,Rooftop Bar,Chartreuse Herbal Liqueur,76.8
2024-01-02,Rooftop Bar,Chartreuse Herbal Liqueur,129.8
2024-01-03,Rooftop Bar,Chartreuse Herbal Liqueur,59.0
2024-01-04,Rooftop Bar,Chartreuse Herbal Liqueur,21.6
2024-01-05,Rooftop Bar,Chartreuse Herbal Liqueur,91.8
2024-01-06,Rooftop Bar,Chartreuse Herbal Liqueur,0.0
2024-01-07,Rooftop Bar,Chartreuse Herbal Liqueur,0.0
2024-01-08,Rooftop Bar,Chartreuse Herbal Liqueur,136.8
2024-01-09,Rooftop Bar,Chartreuse Herbal Liqueur,0.0
2024-01-10,Rooftop Bar,Chartreuse Herbal Liqueur,53.1
2024-01-11,Rooftop Bar,Chartreuse Herbal Liqueur,0.0
2024-01-12,Rooftop Bar,Chartreuse Herbal Liqueur,105.0
2024-01-13,Rooftop Bar,Chartreuse Herbal Liqueur,0.0
2024-01-14,Rooftop Bar,Chartreuse Herbal Liqueur,25.9
2024-01-15,Rooftop Bar,Chartreuse Herbal Liqueur,75.3
2024-01-16,Rooftop Bar,Chartreuse Herbal Liqueur,5.3
2024-01-17,Rooftop Bar,Chartreuse Herbal Liqueur,0.0
2024-01-18,Rooftop Bar,Chartreuse Herbal Liqueur,0.0
2024-01-19,Rooftop Bar,Chartreuse Herbal Liqueur,187.9
2024-01-20,Rooftop Bar,Chartreuse Herbal Liqueur,79.4
2024-01-21,Rooftop Bar,Chartreuse Herbal Liqueur,61.5
2024-01-22,Rooftop Bar,Chartreuse Herbal Liqueur,20.5
2024-01-23,Rooftop Bar,Chartreuse Herbal Liqueur,0.0
2024-01-24,Rooftop Bar,Chartreuse Herbal Liqueur,41.2
2024-01-25,Rooftop Bar,Chartreuse Herbal Liqueur,0.0
2024-01-26,Rooftop Bar,Chartreuse Herbal Liqueur,78.2
2024-01-27,Rooftop Bar,Chartreuse Herbal Liqueur,0.0
2024-01-28,Rooftop Bar,Chartreuse Herbal Liqueur,23.8
2024-01-29,Rooftop Bar,Chartreuse Herbal Liqueur,0.0
2024-01-30,Rooftop Bar,Chartreuse Herbal Liqueur,32.9
2024-01-31,Rooftop Bar,Chartreuse Herbal Liqueur,133.3
2024-02-01,Rooftop Bar,Chartreuse Herbal Liqueur,0.0
2024-02-02,Rooftop Bar,Chartreuse Herbal Liqueur,119.0
2024-02-03,Rooftop Bar,Chartreuse Herbal Liqueur,59.1
2024-02-04,Rooftop Bar,Chartreuse Herbal Liqueur,0.0
2024-02-05,Rooftop Bar,Chartreuse Herbal Liqueur,0.0
2024-02-06,Rooftop Bar,Chartreuse Herbal Liqueur,0.0
2024-02-07,Rooftop Bar,Chartreuse Herbal Liqueur,0.0
2024-02-08,Rooftop Bar,Chartreuse Herbal Liqueur,62.7
2024-02-09,Rooftop Bar,Chartreuse Herbal Liqueur,77.9
2024-02-10,Rooftop Bar,Chartreuse Herbal Liqueur,63.6
2024-02-11,Rooftop Bar,Chartreuse Herbal Liqueur,0.0
2024-02-12,Rooftop Bar,Chartreuse Herbal Liqueur,79.3
2024-02-13,Rooftop Bar,Chartreuse Herbal Liqueur,11.0
2024-02-14,Rooftop Bar,Chartreuse Herbal Liqueur,18.2
2024-02-15,Rooftop Bar,Chartreuse Herbal Liqueur,122.1
2024-02-16,Rooftop Bar,Chartreuse Herbal Liqueur,71.7
2024-02-17,Rooftop Bar,Chartreuse Herbal Liqueur,39.7
2024-02-18,Rooftop Bar,Chartreuse Herbal Liqueur,0.9
2024-02-19,Rooftop Bar,Chartreuse Herbal Liqueur,0.0
2024-02-20,Rooftop Bar,Chartreuse Herbal Liqueur,102.1
2024-02-21,Rooftop Bar,Chartreuse Herbal Liqueur,77.9
2024-02-22,Rooftop Bar,Chartreuse Herbal Liqueur,0.0
2024-02-23,Rooftop Bar,Chartreuse Herbal Liqueur,130.6
2024-02-24,Rooftop Bar,Chartreuse Herbal Liqueur,105.4
2024-02-25,Rooftop Bar,Chartreuse Herbal Liqueur,0.0
2024-02-26,Rooftop Bar,Chartreuse Herbal Liqueur,0.0
2024-02-27,Rooftop Bar,Chartreuse Herbal Liqueur,0.0
2024-02-28,Rooftop Bar,Chartreuse Herbal Liqueur,0.0
2024-02-29,Rooftop Bar,Chartreuse Herbal Liqueur,117.0
2024-03-01,Rooftop Bar,Chartreuse Herbal Liqueur,111.3
2024-03-02,Rooftop Bar,Chartreuse Herbal Liqueur,16.3
2024-03-03,Rooftop Bar,Chartreuse Herbal Liqueur,55.2
2024-03-04,Rooftop Bar,Chartreuse Herbal Liqueur,18.3
2024-03-05,Rooftop Bar,Chartreuse Herbal Liqueur,0.0
2024-03-06,Rooftop Bar,Chartreuse Herbal Liqueur,0.0
2024-03-07,Rooftop Bar,Chartreuse Herbal Liqueur,31.4
2024-03-08,Rooftop Bar,Chartreuse Herbal Liqueur,110.9
2024-03-09,Rooftop Bar,Chartreuse Herbal Liqueur,153.3
2024-03-10,Rooftop Bar,Chartreuse Herbal Liqueur,0.0
2024-03-11,Rooftop Bar,Chartreuse Herbal Liqueur,64.4
2024-03-12,Rooftop Bar,Chartreuse Herbal Liqueur,0.0
2024-03-13,Rooftop Bar,Chartreuse Herbal Liqueur,0.0
2024-03-14,Rooftop Bar,Chartreuse Herbal Liqueur,67.7
2024-03-15,Rooftop Bar,Chartreuse Herbal Liqueur,189.2
2024-03-16,Rooftop Bar,Chartreuse Herbal Liqueur,88.0
2024-03-17,Rooftop Bar,Chartreuse Herbal Liqueur,87.7
2024-03-18,Rooftop Bar,Chartreuse Herbal Liqueur,90.2
2024-03-19,Rooftop Bar,Chartreuse Herbal Liqueur,85.8
2024-03-20,Rooftop Bar,Chartreuse Herbal Liqueur,67.8
2024-03-21,Rooftop Bar,Chartreuse Herbal Liqueur,0.0
2024-03-22,Rooftop Bar,Chartreuse Herbal Liqueur,69.3
2024-03-23,Rooftop Bar,Chartreuse Herbal Liqueur,226.8
2024-03-24,Rooftop Bar,Chartreuse Herbal Liqueur,66.0
2024-03-25,Rooftop Bar,Chartreuse Herbal Liqueur,94.3
2024-03-26,Rooftop Bar,Chartreuse Herbal Liqueur,88.9
2024-03-27,Rooftop Bar,Chartreuse Herbal Liqueur,65.3
2024-03-28,Rooftop Bar,Chartreuse Herbal Liqueur,0.0
2024-03-29,Rooftop Bar,Chartreuse Herbal Liqueur,5.2
2024-03-30,Rooftop Bar,Chartreuse Herbal Liqueur,78.6
2024-03-31,Rooftop Bar,Chartreuse Herbal Liqueur,0.0
2024-04-01,Rooftop Bar,Chartreuse Herbal Liqueur,145.4
2024-04-02,Rooftop Bar,Chartreuse Herbal Liqueur,0.0
2024-04-03,Rooftop Bar,Chartreuse Herbal Liqueur,0.0
2024-04-04,Rooftop Bar,Chartreuse Herbal Liqueur,0.0
2024-04-05,Rooftop Bar,Chartreuse Herbal Liqueur,34.4
2024-04-06,Rooftop Bar,Chartreuse Herbal Liqueur,115.9
2024-04-07,Rooftop Bar,Chartreuse Herbal Liqueur,72.3
2024-04-08,Rooftop Bar,Chartreuse Herbal Liqueur,0.0
2024-04-09,Rooftop Bar,Chartreuse Herbal Liqueur,91.7
2024-04-10,Rooftop Bar,Chartreuse Herbal Liqueur,101.2
2024-04-11,Rooftop Bar,Chartreuse Herbal Liqueur,0.0
2024-04-12,Rooftop Bar,Chartreuse Herbal Liqueur,153.8
2024-04-13,Rooftop Bar,Chartreuse Herbal Liqueur,134.8
2024-04-14,Rooftop Bar,Chartreuse Herbal Liqueur,87.2
2024-04-15,Rooftop Bar,Chartreuse Herbal Liqueur,66.5
2024-04-16,Rooftop Bar,Chartreuse Herbal Liqueur,0.0
2024-04-17,Rooftop Bar,Chartreuse Herbal Liqueur,0.0
2024-04-18,Rooftop Bar,Chartreuse Herbal Liqueur,60.1
2024-04-19,Rooftop Bar,Chartreuse Herbal Liqueur,158.7
2024-04-20,Rooftop Bar,Chartreuse Herbal Liqueur,58.8
2024-04-21,Rooftop Bar,Chartreuse Herbal Liqueur,92.8
2024-04-22,Rooftop Bar,Chartreuse Herbal Liqueur,94.3
2024-04-23,Rooftop Bar,Chartreuse Herbal Liqueur,0.0
2024-04-24,Rooftop Bar,Chartreuse Herbal Liqueur,0.0
2024-04-25,Rooftop Bar,Chartreuse Herbal Liqueur,0.0
2024-04-26,Rooftop Bar,Chartreuse Herbal Liqueur,108.7
2024-04-27,Rooftop Bar,Chartreuse Herbal Liqueur,57.9
2024-04-28,Rooftop Bar,Chartreuse Herbal Liqueur,105.9
2024-04-29,Rooftop Bar,Chartreuse Herbal Liqueur,0.0
2024-04-30,Rooftop Bar,Chartreuse Herbal Liqueur,0.0
2024-05-01,Rooftop Bar,Chartreuse Herbal Liqueur,67.0
2024-05-02,Rooftop Bar,Chartreuse Herbal Liqueur,10.0
2024-05-03,Rooftop Bar,Chartreuse Herbal Liqueur,65.0
2024-05-04,Rooftop Bar,Chartreuse Herbal Liqueur,136.1
2024-05-05,Rooftop Bar,Chartreuse Herbal Liqueur,0.0
2024-05-06,Rooftop Bar,Chartreuse Herbal Liqueur,115.9
2024-05-07,Rooftop Bar,Chartreuse Herbal Liqueur,0.0
2024-05-08,Rooftop Bar,Chartreuse Herbal Liqueur,0.0
2024-05-09,Rooftop Bar,Chartreuse Herbal Liqueur,0.0
2024-05-10,Rooftop Bar,Chartreuse Herbal Liqueur,112.3
2024-05-11,Rooftop Bar,Chartreuse Herbal Liqueur,134.9
2024-05-12,Rooftop Bar,Chartreuse Herbal Liqueur,0.0
2024-05-13,Rooftop Bar,Chartreuse Herbal Liqueur,0.0
2024-05-14,Rooftop Bar,Chartreuse Herbal Liqueur,0.0
2024-05-15,Rooftop Bar,Chartreuse Herbal Liqueur,68.1
2024-05-16,Rooftop Bar,Chartreuse Herbal Liqueur,30.5
2024-05-17,Rooftop Bar,Chartreuse Herbal Liqueur,36.6
2024-05-18,Rooftop Bar,Chartreuse Herbal Liqueur,90.8
2024-05-19,Rooftop Bar,Chartreuse Herbal Liqueur,104.6
2024-05-20,Rooftop Bar,Chartreuse Herbal Liqueur,92.0
2024-05-21,Rooftop Bar,Chartreuse Herbal Liqueur,10.3
2024-05-22,Rooftop Bar,Chartreuse Herbal Liqueur,0.0
2024-05-23,Rooftop Bar,Chartreuse Herbal Liqueur,121.1
2024-05-24,Rooftop Bar,Chartreuse Herbal Liqueur,125.7
2024-05-25,Rooftop Bar,Chartreuse Herbal Liqueur,94.9
2024-05-26,Rooftop Bar,Chartreuse Herbal Liqueur,51.3
2024-05-27,Rooftop Bar,Chartreuse Herbal Liqueur,20.7
2024-05-28,Rooftop Bar,Chartreuse Herbal Liqueur,0.0
2024-05-29,Rooftop Bar,Chartreuse Herbal Liqueur,42.8
2024-05-30,Rooftop Bar,Chartreuse Herbal Liqueur,53.7
2024-05-31,Rooftop Bar,Chartreuse Herbal Liqueur,90.6
2024-06-01,Rooftop Bar,Chartreuse Herbal Liqueur,85.1
2024-06-02,Rooftop Bar,Chartreuse Herbal Liqueur,72.3
2024-06-03,Rooftop Bar,Chartreuse Herbal Liqueur,0.0
2024-06-04,Rooftop Bar,Chartreuse Herbal Liqueur,0.0
2024-06-05,Rooftop Bar,Chartreuse Herbal Liqueur,0.0
2024-06-06,Rooftop Bar,Chartreuse Herbal Liqueur,0.0
2024-06-07,Rooftop Bar,Chartreuse Herbal Liqueur,62.2
2024-06-08,Rooftop Bar,Chartreuse Herbal Liqueur,44.0
2024-06-09,Rooftop Bar,Chartreuse Herbal Liqueur,0.0
2024-06-10,Rooftop Bar,Chartreuse Herbal Liqueur,87.7
2024-06-11,Rooftop Bar,Chartreuse Herbal Liqueur,34.6
2024-06-12,Rooftop Bar,Chartreuse Herbal Liqueur,9.6
2024-06-13,Rooftop Bar,Chartreuse Herbal Liqueur,0.0
2024-06-14,Rooftop Bar,Chartreuse Herbal Liqueur,86.0
2024-06-15,Rooftop Bar,Chartreuse Herbal Liqueur,72.7
2024-06-16,Rooftop Bar,Chartreuse Herbal Liqueur,27.0
2024-06-17,Rooftop Bar,Chartreuse Herbal Liqueur,129.9
2024-06-18,Rooftop Bar,Chartreuse Herbal Liqueur,135.1
2024-06-19,Rooftop Bar,Chartreuse Herbal Liqueur,27.4
2024-06-20,Rooftop Bar,Chartreuse Herbal Liqueur,0.0
2024-06-21,Rooftop Bar,Chartreuse Herbal Liqueur,46.9
2024-06-22,Rooftop Bar,Chartreuse Herbal Liqueur,120.2
2024-06-23,Rooftop Bar,Chartreuse Herbal Liqueur,12.1
2024-06-24,Rooftop Bar,Chartreuse Herbal Liqueur,0.0
2024-06-25,Rooftop Bar,Chartreuse Herbal Liqueur,0.0
2024-06-26,Rooftop Bar,Chartreuse Herbal Liqueur,0.0
2024-06-27,Rooftop Bar,Chartreuse Herbal Liqueur,0.0
2024-06-28,Rooftop Bar,Chartreuse Herbal Liqueur,77.0
2024-01-01,Rooftop Bar,Grey Goose Vodka,1775.9
2024-01-02,Rooftop Bar,Grey Goose Vodka,1004.4
2024-01-03,Rooftop Bar,Grey Goose Vodka,603.9
2024-01-04,Rooftop Bar,Grey Goose Vodka,1086.9
2024-01-05,Rooftop Bar,Grey Goose Vodka,2591.9
2024-01-06,Rooftop Bar,Grey Goose Vodka,2235.6
2024-01-07,Rooftop Bar,Grey Goose Vodka,1061.4
2024-01-08,Rooftop Bar,Grey Goose Vodka,1363.5
2024-01-09,Rooftop Bar,Grey Goose Vodka,1305.3
2024-01-10,Rooftop Bar,Grey Goose Vodka,1339.2
2024-01-11,Rooftop Bar,Grey Goose Vodka,1802.4
2024-01-12,Rooftop Bar,Grey Goose Vodka,3054.8
2024-01-13,Rooftop Bar,Grey Goose Vodka,2756.4
2024-01-14,Rooftop Bar,Grey Goose Vodka,1164.7
2024-01-15,Rooftop Bar,Grey Goose Vodka,1054.8
2024-01-16,Rooftop Bar,Grey Goose Vodka,1375.0
2024-01-17,Rooftop Bar,Grey Goose Vodka,1554.7
2024-01-18,Rooftop Bar,Grey Goose Vodka,1958.8
2024-01-19,Rooftop Bar,Grey Goose Vodka,2862.7
2024-01-20,Rooftop Bar,Grey Goose Vodka,3288.8
2024-01-21,Rooftop Bar,Grey Goose Vodka,1570.1
2024-01-22,Rooftop Bar,Grey Goose Vodka,1179.9
2024-01-23,Rooftop Bar,Grey Goose Vodka,1137.6
2024-01-24,Rooftop Bar,Grey Goose Vodka,1179.2
2024-01-25,Rooftop Bar,Grey Goose Vodka,1325.9
2024-01-26,Rooftop Bar,Grey Goose Vodka,2681.4
2024-01-27,Rooftop Bar,Grey Goose Vodka,2311.0
2024-01-28,Rooftop Bar,Grey Goose Vodka,783.4
2024-01-29,Rooftop Bar,Grey Goose Vodka,1467.1
2024-01-30,Rooftop Bar,Grey Goose Vodka,1003.7
2024-01-31,Rooftop Bar,Grey Goose Vodka,1175.7
2024-02-01,Rooftop Bar,Grey Goose Vodka,1146.5
2024-02-02,Rooftop Bar,Grey Goose Vodka,3133.6
2024-02-03,Rooftop Bar,Grey Goose Vodka,2659.8
2024-02-04,Rooftop Bar,Grey Goose Vodka,1475.0
2024-02-05,Rooftop Bar,Grey Goose Vodka,969.2
2024-02-06,Rooftop Bar,Grey Goose Vodka,1181.6
2024-02-07,Rooftop Bar,Grey Goose Vodka,2284.0
2024-02-08,Rooftop Bar,Grey Goose Vodka,1488.1
2024-02-09,Rooftop Bar,Grey Goose Vodka,2811.6
2024-02-10,Rooftop Bar,Grey Goose Vodka,2965.8
2024-02-11,Rooftop Bar,Grey Goose Vodka,2171.8
2024-02-12,Rooftop Bar,Grey Goose Vodka,1779.2
2024-02-13,Rooftop Bar,Grey Goose Vodka,835.7
2024-02-14,Rooftop Bar,Grey Goose Vodka,1716.3
2024-02-15,Rooftop Bar,Grey Goose Vodka,1655.8
2024-02-16,Rooftop Bar,Grey Goose Vodka,2932.2
2024-02-17,Rooftop Bar,Grey Goose Vodka,2846.2
2024-02-18,Rooftop Bar,Grey Goose Vodka,1388.8
2024-02-19,Rooftop Bar,Grey Goose Vodka,1793.2
2024-02-20,Rooftop Bar,Grey Goose Vodka,1025.4
2024-02-21,Rooftop Bar,Grey Goose Vodka,397.0
2024-02-22,Rooftop Bar,Grey Goose Vodka,1440.9
2024-02-23,Rooftop Bar,Grey Goose Vodka,2514.6
2024-02-24,Rooftop Bar,Grey Goose Vodka,2756.1
2024-02-25,Rooftop Bar,Grey Goose Vodka,1520.9
2024-02-26,Rooftop Bar,Grey Goose Vodka,1392.7
2024-02-27,Rooftop Bar,Grey Goose Vodka,675.4
2024-02-28,Rooftop Bar,Grey Goose Vodka,1250.1
2024-02-29,Rooftop Bar,Grey Goose Vodka,1279.1
2024-03-01,Rooftop Bar,Grey Goose Vodka,3070.1
2024-03-02,Rooftop Bar,Grey Goose Vodka,3242.1
2024-03-03,Rooftop Bar,Grey Goose Vodka,1665.2
2024-03-04,Rooftop Bar,Grey Goose Vodka,676.2
2024-03-05,Rooftop Bar,Grey Goose Vodka,1587.8
2024-03-06,Rooftop Bar,Grey Goose Vodka,2430.4
2024-03-07,Rooftop Bar,Grey Goose Vodka,1463.7
2024-03-08,Rooftop Bar,Grey Goose Vodka,3146.7
2024-03-09,Rooftop Bar,Grey Goose Vodka,2953.1
2024-03-10,Rooftop Bar,Grey Goose Vodka,1234.1
2024-03-11,Rooftop Bar,Grey Goose Vodka,1220.7
2024-03-12,Rooftop Bar,Grey Goose Vodka,1174.4
2024-03-13,Rooftop Bar,Grey Goose Vodka,1654.9
2024-03-14,Rooftop Bar,Grey Goose Vodka,1749.3
2024-03-15,Rooftop Bar,Grey Goose Vodka,2822.2
2024-03-16,Rooftop Bar,Grey Goose Vodka,3483.1
2024-03-17,Rooftop Bar,Grey Goose Vodka,1449.6
2024-03-18,Rooftop Bar,Grey Goose Vodka,1414.7
2024-03-19,Rooftop Bar,Grey Goose Vodka,1160.1
2024-03-20,Rooftop Bar,Grey Goose Vodka,1649.5
2024-03-21,Rooftop Bar,Grey Goose Vodka,1364.5
2024-03-22,Rooftop Bar,Grey Goose Vodka,2474.2
2024-03-23,Rooftop Bar,Grey Goose Vodka,2558.0
2024-03-24,Rooftop Bar,Grey Goose Vodka,548.9
2024-03-25,Rooftop Bar,Grey Goose Vodka,1144.4
2024-03-26,Rooftop Bar,Grey Goose Vodka,1691.6
2024-03-27,Rooftop Bar,Grey Goose Vodka,1171.9
2024-03-28,Rooftop Bar,Grey Goose Vodka,1431.1
2024-03-29,Rooftop Bar,Grey Goose Vodka,3090.7
2024-03-30,Rooftop Bar,Grey Goose Vodka,2723.9
2024-03-31,Rooftop Bar,Grey Goose Vodka,1241.9
2024-04-01,Rooftop Bar,Grey Goose Vodka,1404.8
2024-04-02,Rooftop Bar,Grey Goose Vodka,1188.5
2024-04-03,Rooftop Bar,Grey Goose Vodka,1320.7
2024-04-04,Rooftop Bar,Grey Goose Vodka,2142.6
2024-04-05,Rooftop Bar,Grey Goose Vodka,2417.5
2024-04-06,Rooftop Bar,Grey Goose Vodka,3208.3
2024-04-07,Rooftop Bar,Grey Goose Vodka,1820.7
2024-04-08,Rooftop Bar,Grey Goose Vodka,1126.2
2024-04-09,Rooftop Bar,Grey Goose Vodka,1283.6
2024-04-10,Rooftop Bar,Grey Goose Vodka,1333.0
2024-04-11,Rooftop Bar,Grey Goose Vodka,2045.0
2024-04-12,Rooftop Bar,Grey Goose Vodka,3144.2
2024-04-13,Rooftop Bar,Grey Goose Vodka,3404.7
2024-04-14,Rooftop Bar,Grey Goose Vodka,1775.0
2024-04-15,Rooftop Bar,Grey Goose Vodka,1505.1
2024-04-16,Rooftop Bar,Grey Goose Vodka,1758.7
2024-04-17,Rooftop Bar,Grey Goose Vodka,1480.9
2024-04-18,Rooftop Bar,Grey Goose Vodka,1347.9
2024-04-19,Rooftop Bar,Grey Goose Vodka,2986.6
2024-04-20,Rooftop Bar,Grey Goose Vodka,2561.9
2024-04-21,Rooftop Bar,Grey Goose Vodka,1557.1
2024-04-22,Rooftop Bar,Grey Goose Vodka,1172.6
2024-04-23,Rooftop Bar,Grey Goose Vodka,814.4
2024-04-24,Rooftop Bar,Grey Goose Vodka,1049.8
2024-04-25,Rooftop Bar,Grey Goose Vodka,1228.6
2024-04-26,Rooftop Bar,Grey Goose Vodka,2901.3
2024-04-27,Rooftop Bar,Grey Goose Vodka,2821.0
2024-04-28,Rooftop Bar,Grey Goose Vodka,1443.0
2024-04-29,Rooftop Bar,Grey Goose Vodka,1956.6
2024-04-30,Rooftop Bar,Grey Goose Vodka,1630.5
2024-05-01,Rooftop Bar,Grey Goose Vodka,699.6
2024-05-02,Rooftop Bar,Grey Goose Vodka,2237.9
2024-05-03,Rooftop Bar,Grey Goose Vodka,2928.9
2024-05-04,Rooftop Bar,Grey Goose Vodka,3071.1
2024-05-05,Rooftop Bar,Grey Goose Vodka,1270.4
2024-05-06,Rooftop Bar,Grey Goose Vodka,622.8
2024-05-07,Rooftop Bar,Grey Goose Vodka,1506.0
2024-05-08,Rooftop Bar,Grey Goose Vodka,679.5
2024-05-09,Rooftop Bar,Grey Goose Vodka,1723.9
2024-05-10,Rooftop Bar,Grey Goose Vodka,2842.9
2024-05-11,Rooftop Bar,Grey Goose Vodka,2666.4
2024-05-12,Rooftop Bar,Grey Goose Vodka,775.1
2024-05-13,Rooftop Bar,Grey Goose Vodka,1404.1
2024-05-14,Rooftop Bar,Grey Goose Vodka,409.5
2024-05-15,Rooftop Bar,Grey Goose Vodka,1593.9
2024-05-16,Rooftop Bar,Grey Goose Vodka,2191.7
2024-05-17,Rooftop Bar,Grey Goose Vodka,3166.6
2024-05-18,Rooftop Bar,Grey Goose Vodka,3147.2
2024-05-19,Rooftop Bar,Grey Goose Vodka,862.8
2024-05-20,Rooftop Bar,Grey Goose Vodka,603.7
2024-05-21,Rooftop Bar,Grey Goose Vodka,1652.7
2024-05-22,Rooftop Bar,Grey Goose Vodka,1708.1
2024-05-23,Rooftop Bar,Grey Goose Vodka,1108.4
2024-05-24,Rooftop Bar,Grey Goose Vodka,3080.2
2024-05-25,Rooftop Bar,Grey Goose Vodka,2757.1
2024-05-26,Rooftop Bar,Grey Goose Vodka,1636.9
2024-05-27,Rooftop Bar,Grey Goose Vodka,1583.0
2024-05-28,Rooftop Bar,Grey Goose Vodka,1582.3
2024-05-29,Rooftop Bar,Grey Goose Vodka,1513.3
2024-05-30,Rooftop Bar,Grey Goose Vodka,1448.3
2024-05-31,Rooftop Bar,Grey Goose Vodka,2969.4
2024-06-01,Rooftop Bar,Grey Goose Vodka,2762.7
2024-06-02,Rooftop Bar,Grey Goose Vodka,1048.6
2024-06-03,Rooftop Bar,Grey Goose Vodka,1453.8
2024-06-04,Rooftop Bar,Grey Goose Vodka,1353.4
2024-06-05,Rooftop Bar,Grey Goose Vodka,1538.7
2024-06-06,Rooftop Bar,Grey Goose Vodka,915.9
2024-06-07,Rooftop Bar,Grey Goose Vodka,3063.8
2024-06-08,Rooftop Bar,Grey Goose Vodka,2649.1
2024-06-09,Rooftop Bar,Grey Goose Vodka,1485.1
2024-06-10,Rooftop Bar,Grey Goose Vodka,1555.2
2024-06-11,Rooftop Bar,Grey Goose Vodka,736.8
2024-06-12,Rooftop Bar,Grey Goose Vodka,1011.6
2024-06-13,Rooftop Bar,Grey Goose Vodka,1952.7
2024-06-14,Rooftop Bar,Grey Goose Vodka,3042.8
2024-06-15,Rooftop Bar,Grey Goose Vodka,2772.1
2024-06-16,Rooftop Bar,Grey Goose Vodka,640.3
2024-06-17,Rooftop Bar,Grey Goose Vodka,1596.4
2024-06-18,Rooftop Bar,Grey Goose Vodka,1113.9
2024-06-19,Rooftop Bar,Grey Goose Vodka,1773.4
2024-06-20,Rooftop Bar,Grey Goose Vodka,1238.2
2024-06-21,Rooftop Bar,Grey Goose Vodka,3552.6
2024-06-22,Rooftop Bar,Grey Goose Vodka,3613.9
2024-06-23,Rooftop Bar,Grey Goose Vodka,1428.0
2024-06-24,Rooftop Bar,Grey Goose Vodka,1711.2
2024-06-25,Rooftop Bar,Grey Goose Vodka,1070.4
2024-06-26,Rooftop Bar,Grey Goose Vodka,1002.6
2024-06-27,Rooftop Bar,Grey Goose Vodka,1390.5
2024-06-28,Rooftop Bar,Grey Goose Vodka,2415.4
2024-01-01,Rooftop Bar,Hendrick's Gin,981.8
2024-01-02,Rooftop Bar,Hendrick's Gin,1040.7
2024-01-03,Rooftop Bar,Hendrick's Gin,1263.1
2024-01-04,Rooftop Bar,Hendrick's Gin,1110.8
2024-01-05,Rooftop Bar,Hendrick's Gin,1599.3
2024-01-06,Rooftop Bar,Hendrick's Gin,1822.0
2024-01-07,Rooftop Bar,Hendrick's Gin,812.8
2024-01-08,Rooftop Bar,Hendrick's Gin,999.4
2024-01-09,Rooftop Bar,Hendrick's Gin,941.1
2024-01-10,Rooftop Bar,Hendrick's Gin,901.4
2024-01-11,Rooftop Bar,Hendrick's Gin,740.7
2024-01-12,Rooftop Bar,Hendrick's Gin,1614.4
2024-01-13,Rooftop Bar,Hendrick's Gin,1778.1
2024-01-14,Rooftop Bar,Hendrick's Gin,697.7
2024-01-15,Rooftop Bar,Hendrick's Gin,786.9
2024-01-16,Rooftop Bar,Hendrick's Gin,832.7
2024-01-17,Rooftop Bar,Hendrick's Gin,828.2
2024-01-18,Rooftop Bar,Hendrick's Gin,1208.1
2024-01-19,Rooftop Bar,Hendrick's Gin,1909.8
2024-01-20,Rooftop Bar,Hendrick's Gin,1568.2
2024-01-21,Rooftop Bar,Hendrick's Gin,996.0
2024-01-22,Rooftop Bar,Hendrick's Gin,1240.3
2024-01-23,Rooftop Bar,Hendrick's Gin,984.8
2024-01-24,Rooftop Bar,Hendrick's Gin,594.3
2024-01-25,Rooftop Bar,Hendrick's Gin,597.4
2024-01-26,Rooftop Bar,Hendrick's Gin,1714.4
2024-01-27,Rooftop Bar,Hendrick's Gin,2106.4
2024-01-28,Rooftop Bar,Hendrick's Gin,1221.8
2024-01-29,Rooftop Bar,Hendrick's Gin,1195.2
2024-01-30,Rooftop Bar,Hendrick's Gin,99.7
2024-01-31,Rooftop Bar,Hendrick's Gin,562.4
2024-02-01,Rooftop Bar,Hendrick's Gin,764.5
2024-02-02,Rooftop Bar,Hendrick's Gin,2262.0
2024-02-03,Rooftop Bar,Hendrick's Gin,2017.2
2024-02-04,Rooftop Bar,Hendrick's Gin,899.1
2024-02-05,Rooftop Bar,Hendrick's Gin,1402.9
2024-02-06,Rooftop Bar,Hendrick's Gin,1314.6
2024-02-07,Rooftop Bar,Hendrick's Gin,1066.6
2024-02-08,Rooftop Bar,Hendrick's Gin,584.1
2024-02-09,Rooftop Bar,Hendrick's Gin,1021.3
2024-02-10,Rooftop Bar,Hendrick's Gin,1597.6
2024-02-11,Rooftop Bar,Hendrick's Gin,1459.5
2024-02-12,Rooftop Bar,Hendrick's Gin,934.4
2024-02-13,Rooftop Bar,Hendrick's Gin,990.2
2024-02-14,Rooftop Bar,Hendrick's Gin,1245.4
2024-02-15,Rooftop Bar,Hendrick's Gin,486.4
2024-02-16,Rooftop Bar,Hendrick's Gin,1798.9
2024-02-17,Rooftop Bar,Hendrick's Gin,1340.3
2024-02-18,Rooftop Bar,Hendrick's Gin,756.5
2024-02-19,Rooftop Bar,Hendrick's Gin,882.4
2024-02-20,Rooftop Bar,Hendrick's Gin,989.4
2024-02-21,Rooftop Bar,Hendrick's Gin,1159.6
2024-02-22,Rooftop Bar,Hendrick's Gin,857.3
2024-02-23,Rooftop Bar,Hendrick's Gin,1914.9
2024-02-24,Rooftop Bar,Hendrick's Gin,1967.2
2024-02-25,Rooftop Bar,Hendrick's Gin,740.1
2024-02-26,Rooftop Bar,Hendrick's Gin,615.4
2024-02-27,Rooftop Bar,Hendrick's Gin,969.5
2024-02-28,Rooftop Bar,Hendrick's Gin,945.4
2024-02-29,Rooftop Bar,Hendrick's Gin,720.8
2024-03-01,Rooftop Bar,Hendrick's Gin,2003.7
2024-03-02,Rooftop Bar,Hendrick's Gin,1695.3
2024-03-03,Rooftop Bar,Hendrick's Gin,914.8
2024-03-04,Rooftop Bar,Hendrick's Gin,556.2
2024-03-05,Rooftop Bar,Hendrick's Gin,890.3
2024-03-06,Rooftop Bar,Hendrick's Gin,804.8
2024-03-07,Rooftop Bar,Hendrick's Gin,957.9
2024-03-08,Rooftop Bar,Hendrick's Gin,1994.9
2024-03-09,Rooftop Bar,Hendrick's Gin,1669.9
2024-03-10,Rooftop Bar,Hendrick's Gin,587.6
2024-03-11,Rooftop Bar,Hendrick's Gin,662.5
2024-03-12,Rooftop Bar,Hendrick's Gin,889.4
2024-03-13,Rooftop Bar,Hendrick's Gin,880.4
2024-03-14,Rooftop Bar,Hendrick's Gin,994.1
2024-03-15,Rooftop Bar,Hendrick's Gin,1609.2
2024-03-16,Rooftop Bar,Hendrick's Gin,1874.9
2024-03-17,Rooftop Bar,Hendrick's Gin,815.1
2024-03-18,Rooftop Bar,Hendrick's Gin,768.1
2024-03-19,Rooftop Bar,Hendrick's Gin,717.5
2024-03-20,Rooftop Bar,Hendrick's Gin,959.3
2024-03-21,Rooftop Bar,Hendrick's Gin,951.8
2024-03-22,Rooftop Bar,Hendrick's Gin,2129.4
2024-03-23,Rooftop Bar,Hendrick's Gin,1636.4
2024-03-24,Rooftop Bar,Hendrick's Gin,920.9
2024-03-25,Rooftop Bar,Hendrick's Gin,1176.6
2024-03-26,Rooftop Bar,Hendrick's Gin,789.9
2024-03-27,Rooftop Bar,Hendrick's Gin,786.7
2024-03-28,Rooftop Bar,Hendrick's Gin,1200.9
2024-03-29,Rooftop Bar,Hendrick's Gin,1829.6
2024-03-30,Rooftop Bar,Hendrick's Gin,2248.0
2024-03-31,Rooftop Bar,Hendrick's Gin,838.7
2024-04-01,Rooftop Bar,Hendrick's Gin,532.4
2024-04-02,Rooftop Bar,Hendrick's Gin,1164.7
2024-04-03,Rooftop Bar,Hendrick's Gin,547.1
2024-04-04,Rooftop Bar,Hendrick's Gin,788.3
2024-04-05,Rooftop Bar,Hendrick's Gin,1898.0
2024-04-06,Rooftop Bar,Hendrick's Gin,1466.1
2024-04-07,Rooftop Bar,Hendrick's Gin,962.5
2024-04-08,Rooftop Bar,Hendrick's Gin,1006.2
2024-04-09,Rooftop Bar,Hendrick's Gin,755.6
2024-04-10,Rooftop Bar,Hendrick's Gin,647.4
2024-04-11,Rooftop Bar,Hendrick's Gin,876.1
2024-04-12,Rooftop Bar,Hendrick's Gin,1871.2
2024-04-13,Rooftop Bar,Hendrick's Gin,1526.2
2024-04-14,Rooftop Bar,Hendrick's Gin,776.0
2024-04-15,Rooftop Bar,Hendrick's Gin,920.0
2024-04-16,Rooftop Bar,Hendrick's Gin,1297.6
2024-04-17,Rooftop Bar,Hendrick's Gin,1068.8
2024-04-18,Rooftop Bar,Hendrick's Gin,713.8
2024-04-19,Rooftop Bar,Hendrick's Gin,1576.2
2024-04-20,Rooftop Bar,Hendrick's Gin,1283.0
2024-04-21,Rooftop Bar,Hendrick's Gin,1527.1
2024-04-22,Rooftop Bar,Hendrick's Gin,859.1
2024-04-23,Rooftop Bar,Hendrick's Gin,777.6
2024-04-24,Rooftop Bar,Hendrick's Gin,891.7
2024-04-25,Rooftop Bar,Hendrick's Gin,1371.5
2024-04-26,Rooftop Bar,Hendrick's Gin,1772.1
2024-04-27,Rooftop Bar,Hendrick's Gin,1921.9
2024-04-28,Rooftop Bar,Hendrick's Gin,172.3
2024-04-29,Rooftop Bar,Hendrick's Gin,795.5
2024-04-30,Rooftop Bar,Hendrick's Gin,1726.1
2024-05-01,Rooftop Bar,Hendrick's Gin,1254.0
2024-05-02,Rooftop Bar,Hendrick's Gin,511.5
2024-05-03,Rooftop Bar,Hendrick's Gin,1966.9
2024-05-04,Rooftop Bar,Hendrick's Gin,1660.6
2024-05-05,Rooftop Bar,Hendrick's Gin,1146.2
2024-05-06,Rooftop Bar,Hendrick's Gin,617.2
2024-05-07,Rooftop Bar,Hendrick's Gin,981.6
2024-05-08,Rooftop Bar,Hendrick's Gin,1086.1
2024-05-09,Rooftop Bar,Hendrick's Gin,832.2
2024-05-10,Rooftop Bar,Hendrick's Gin,1569.4
2024-05-11,Rooftop Bar,Hendrick's Gin,1384.0
2024-05-12,Rooftop Bar,Hendrick's Gin,921.7
2024-05-13,Rooftop Bar,Hendrick's Gin,401.1
2024-05-14,Rooftop Bar,Hendrick's Gin,656.7
2024-05-15,Rooftop Bar,Hendrick's Gin,804.5
2024-05-16,Rooftop Bar,Hendrick's Gin,1246.3
2024-05-17,Rooftop Bar,Hendrick's Gin,1336.2
2024-05-18,Rooftop Bar,Hendrick's Gin,1342.4
2024-05-19,Rooftop Bar,Hendrick's Gin,507.5
2024-05-20,Rooftop Bar,Hendrick's Gin,551.0
2024-05-21,Rooftop Bar,Hendrick's Gin,795.6
2024-05-22,Rooftop Bar,Hendrick's Gin,791.2
2024-05-23,Rooftop Bar,Hendrick's Gin,1043.5
2024-05-24,Rooftop Bar,Hendrick's Gin,1914.9
2024-05-25,Rooftop Bar,Hendrick's Gin,2009.3
2024-05-26,Rooftop Bar,Hendrick's Gin,987.0
2024-05-27,Rooftop Bar,Hendrick's Gin,880.2
2024-05-28,Rooftop Bar,Hendrick's Gin,722.7
2024-05-29,Rooftop Bar,Hendrick's Gin,1427.4
2024-05-30,Rooftop Bar,Hendrick's Gin,1261.1
2024-05-31,Rooftop Bar,Hendrick's Gin,1899.7
2024-06-01,Rooftop Bar,Hendrick's Gin,1613.6
2024-06-02,Rooftop Bar,Hendrick's Gin,900.0
2024-06-03,Rooftop Bar,Hendrick's Gin,699.7
2024-06-04,Rooftop Bar,Hendrick's Gin,815.2
2024-06-05,Rooftop Bar,Hendrick's Gin,727.7
2024-06-06,Rooftop Bar,Hendrick's Gin,1239.9
2024-06-07,Rooftop Bar,Hendrick's Gin,1955.1
2024-06-08,Rooftop Bar,Hendrick's Gin,1237.4
2024-06-09,Rooftop Bar,Hendrick's Gin,374.5
2024-06-10,Rooftop Bar,Hendrick's Gin,1048.9
2024-06-11,Rooftop Bar,Hendrick's Gin,843.3
2024-06-12,Rooftop Bar,Hendrick's Gin,669.0
2024-06-13,Rooftop Bar,Hendrick's Gin,782.4
2024-06-14,Rooftop Bar,Hendrick's Gin,1986.1
2024-06-15,Rooftop Bar,Hendrick's Gin,2251.0
2024-06-16,Rooftop Bar,Hendrick's Gin,748.6
2024-06-17,Rooftop Bar,Hendrick's Gin,1014.9
2024-06-18,Rooftop Bar,Hendrick's Gin,1006.8
2024-06-19,Rooftop Bar,Hendrick's Gin,800.9
2024-06-20,Rooftop Bar,Hendrick's Gin,1290.0
2024-06-21,Rooftop Bar,Hendrick's Gin,1979.2
2024-06-22,Rooftop Bar,Hendrick's Gin,1738.5
2024-06-23,Rooftop Bar,Hendrick's Gin,1023.3
2024-06-24,Rooftop Bar,Hendrick's Gin,1206.3
2024-06-25,Rooftop Bar,Hendrick's Gin,998.0
2024-06-26,Rooftop Bar,Hendrick's Gin,539.1
2024-06-27,Rooftop Bar,Hendrick's Gin,1166.8
2024-06-28,Rooftop Bar,Hendrick's Gin,2222.7
2024-01-01,Rooftop Bar,Jack Daniel's Bourbon,1126.1
2024-01-02,Rooftop Bar,Jack Daniel's Bourbon,917.0
2024-01-03,Rooftop Bar,Jack Daniel's Bourbon,1373.5
2024-01-04,Rooftop Bar,Jack Daniel's Bourbon,945.9
2024-01-05,Rooftop Bar,Jack Daniel's Bourbon,2321.0
2024-01-06,Rooftop Bar,Jack Daniel's Bourbon,2176.0
2024-01-07,Rooftop Bar,Jack Daniel's Bourbon,1325.2
2024-01-08,Rooftop Bar,Jack Daniel's Bourbon,593.9
2024-01-09,Rooftop Bar,Jack Daniel's Bourbon,545.7
2024-01-10,Rooftop Bar,Jack Daniel's Bourbon,944.7
2024-01-11,Rooftop Bar,Jack Daniel's Bourbon,864.3
2024-01-12,Rooftop Bar,Jack Daniel's Bourbon,2396.3
2024-01-13,Rooftop Bar,Jack Daniel's Bourbon,2354.8
2024-01-14,Rooftop Bar,Jack Daniel's Bourbon,1069.6
2024-01-15,Rooftop Bar,Jack Daniel's Bourbon,1096.4
2024-01-16,Rooftop Bar,Jack Daniel's Bourbon,1173.6
2024-01-17,Rooftop Bar,Jack Daniel's Bourbon,1358.4
2024-01-18,Rooftop Bar,Jack Daniel's Bourbon,1282.2
2024-01-19,Rooftop Bar,Jack Daniel's Bourbon,2040.2
2024-01-20,Rooftop Bar,Jack Daniel's Bourbon,1897.5
2024-01-21,Rooftop Bar,Jack Daniel's Bourbon,1418.3
2024-01-22,Rooftop Bar,Jack Daniel's Bourbon,893.1
2024-01-23,Rooftop Bar,Jack Daniel's Bourbon,649.0
2024-01-24,Rooftop Bar,Jack Daniel's Bourbon,1314.1
2024-01-25,Rooftop Bar,Jack Daniel's Bourbon,1176.1
2024-01-26,Rooftop Bar,Jack Daniel's Bourbon,2025.7
2024-01-27,Rooftop Bar,Jack Daniel's Bourbon,1902.8
2024-01-28,Rooftop Bar,Jack Daniel's Bourbon,1002.7
2024-01-29,Rooftop Bar,Jack Daniel's Bourbon,773.7
2024-01-30,Rooftop Bar,Jack Daniel's Bourbon,1599.0
2024-01-31,Rooftop Bar,Jack Daniel's Bourbon,1374.7
2024-02-01,Rooftop Bar,Jack Daniel's Bourbon,1436.7
2024-02-02,Rooftop Bar,Jack Daniel's Bourbon,2261.1
2024-02-03,Rooftop Bar,Jack Daniel's Bourbon,1426.1
2024-02-04,Rooftop Bar,Jack Daniel's Bourbon,1543.7
2024-02-05,Rooftop Bar,Jack Daniel's Bourbon,997.4
2024-02-06,Rooftop Bar,Jack Daniel's Bourbon,1237.5
2024-02-07,Rooftop Bar,Jack Daniel's Bourbon,1161.8
2024-02-08,Rooftop Bar,Jack Daniel's Bourbon,471.5
2024-02-09,Rooftop Bar,Jack Daniel's Bourbon,2124.6
2024-02-10,Rooftop Bar,Jack Daniel's Bourbon,1969.0
2024-02-11,Rooftop Bar,Jack Daniel's Bourbon,822.9
2024-02-12,Rooftop Bar,Jack Daniel's Bourbon,435.1
2024-02-13,Rooftop Bar,Jack Daniel's Bourbon,890.5
2024-02-14,Rooftop Bar,Jack Daniel's Bourbon,1105.3
2024-02-15,Rooftop Bar,Jack Daniel's Bourbon,1620.7
2024-02-16,Rooftop Bar,Jack Daniel's Bourbon,2298.0
2024-02-17,Rooftop Bar,Jack Daniel's Bourbon,2049.1
2024-02-18,Rooftop Bar,Jack Daniel's Bourbon,1424.8
2024-02-19,Rooftop Bar,Jack Daniel's Bourbon,1652.8
2024-02-20,Rooftop Bar,Jack Daniel's Bourbon,950.7
2024-02-21,Rooftop Bar,Jack Daniel's Bourbon,1271.3
2024-02-22,Rooftop Bar,Jack Daniel's Bourbon,948.9
2024-02-23,Rooftop Bar,Jack Daniel's Bourbon,2248.1
2024-02-24,Rooftop Bar,Jack Daniel's Bourbon,2469.7
2024-02-25,Rooftop Bar,Jack Daniel's Bourbon,1148.8
2024-02-26,Rooftop Bar,Jack Daniel's Bourbon,781.1
2024-02-27,Rooftop Bar,Jack Daniel's Bourbon,698.2
2024-02-28,Rooftop Bar,Jack Daniel's Bourbon,1206.3
2024-02-29,Rooftop Bar,Jack Daniel's Bourbon,1424.0
2024-03-01,Rooftop Bar,Jack Daniel's Bourbon,2683.9
2024-03-02,Rooftop Bar,Jack Daniel's Bourbon,2197.7
2024-03-03,Rooftop Bar,Jack Daniel's Bourbon,308.3
2024-03-04,Rooftop Bar,Jack Daniel's Bourbon,1305.2
2024-03-05,Rooftop Bar,Jack Daniel's Bourbon,622.0
2024-03-06,Rooftop Bar,Jack Daniel's Bourbon,1205.1
2024-03-07,Rooftop Bar,Jack Daniel's Bourbon,561.2
2024-03-08,Rooftop Bar,Jack Daniel's Bourbon,2507.5
2024-03-09,Rooftop Bar,Jack Daniel's Bourbon,2063.9
2024-03-10,Rooftop Bar,Jack Daniel's Bourbon,1510.1
2024-03-11,Rooftop Bar,Jack Daniel's Bourbon,1226.5
2024-03-12,Rooftop Bar,Jack Daniel's Bourbon,818.7
2024-03-13,Rooftop Bar,Jack Daniel's Bourbon,1196.8
2024-03-14,Rooftop Bar,Jack Daniel's Bourbon,1027.3
2024-03-15,Rooftop Bar,Jack Daniel's Bourbon,2162.0
2024-03-16,Rooftop Bar,Jack Daniel's Bourbon,2408.9
2024-03-17,Rooftop Bar,Jack Daniel's Bourbon,1549.7
2024-03-18,Rooftop Bar,Jack Daniel's Bourbon,1232.9
2024-03-19,Rooftop Bar,Jack Daniel's Bourbon,1316.2
2024-03-20,Rooftop Bar,Jack Daniel's Bourbon,1197.8
2024-03-21,Rooftop Bar,Jack Daniel's Bourbon,867.9
2024-03-22,Rooftop Bar,Jack Daniel's Bourbon,1981.4
2024-03-23,Rooftop Bar,Jack Daniel's Bourbon,2060.1
2024-03-24,Rooftop Bar,Jack Daniel's Bourbon,430.8
2024-03-25,Rooftop Bar,Jack Daniel's Bourbon,1689.7
2024-03-26,Rooftop Bar,Jack Daniel's Bourbon,579.3
2024-03-27,Rooftop Bar,Jack Daniel's Bourbon,1020.5
2024-03-28,Rooftop Bar,Jack Daniel's Bourbon,307.7
2024-03-29,Rooftop Bar,Jack Daniel's Bourbon,2385.4
2024-03-30,Rooftop Bar,Jack Daniel's Bourbon,2265.7
2024-03-31,Rooftop Bar,Jack Daniel's Bourbon,1416.6
2024-04-01,Rooftop Bar,Jack Daniel's Bourbon,574.6
2024-04-02,Rooftop Bar,Jack Daniel's Bourbon,914.5
2024-04-03,Rooftop Bar,Jack Daniel's Bourbon,624.4
2024-04-04,Rooftop Bar,Jack Daniel's Bourbon,975.9
2024-04-05,Rooftop Bar,Jack Daniel's Bourbon,2404.5
2024-04-06,Rooftop Bar,Jack Daniel's Bourbon,1942.9
2024-04-07,Rooftop Bar,Jack Daniel's Bourbon,541.1
2024-04-08,Rooftop Bar,Jack Daniel's Bourbon,922.9
2024-04-09,Rooftop Bar,Jack Daniel's Bourbon,993.0
2024-04-10,Rooftop Bar,Jack Daniel's Bourbon,1367.4
2024-04-11,Rooftop Bar,Jack Daniel's Bourbon,1279.1
2024-04-12,Rooftop Bar,Jack Daniel's Bourbon,2139.6
2024-04-13,Rooftop Bar,Jack Daniel's Bourbon,1805.8
2024-04-14,Rooftop Bar,Jack Daniel's Bourbon,1085.2
2024-04-15,Rooftop Bar,Jack Daniel's Bourbon,518.8
2024-04-16,Rooftop Bar,Jack Daniel's Bourbon,909.7
2024-04-17,Rooftop Bar,Jack Daniel's Bourbon,1029.2
2024-04-18,Rooftop Bar,Jack Daniel's Bourbon,1021.2
2024-04-19,Rooftop Bar,Jack Daniel's Bourbon,1892.5
2024-04-20,Rooftop Bar,Jack Daniel's Bourbon,2159.9
2024-04-21,Rooftop Bar,Jack Daniel's Bourbon,945.2
2024-04-22,Rooftop Bar,Jack Daniel's Bourbon,1536.1
2024-04-23,Rooftop Bar,Jack Daniel's Bourbon,1044.2
2024-04-24,Rooftop Bar,Jack Daniel's Bourbon,460.9
2024-04-25,Rooftop Bar,Jack Daniel's Bourbon,1042.7
2024-04-26,Rooftop Bar,Jack Daniel's Bourbon,2114.3
2024-04-27,Rooftop Bar,Jack Daniel's Bourbon,2414.6
2024-04-28,Rooftop Bar,Jack Daniel's Bourbon,1176.1
2024-04-29,Rooftop Bar,Jack Daniel's Bourbon,1386.3
2024-04-30,Rooftop Bar,Jack Daniel's Bourbon,833.6
2024-05-01,Rooftop Bar,Jack Daniel's Bourbon,603.7
2024-05-02,Rooftop Bar,Jack Daniel's Bourbon,1144.9
2024-05-03,Rooftop Bar,Jack Daniel's Bourbon,1925.9
2024-05-04,Rooftop Bar,Jack Daniel's Bourbon,1812.6
2024-05-05,Rooftop Bar,Jack Daniel's Bourbon,748.0
2024-05-06,Rooftop Bar,Jack Daniel's Bourbon,1195.1
2024-05-07,Rooftop Bar,Jack Daniel's Bourbon,1375.2
2024-05-08,Rooftop Bar,Jack Daniel's Bourbon,1206.6
2024-05-09,Rooftop Bar,Jack Daniel's Bourbon,1505.6
2024-05-10,Rooftop Bar,Jack Daniel's Bourbon,2172.8
2024-05-11,Rooftop Bar,Jack Daniel's Bourbon,2165.1
2024-05-12,Rooftop Bar,Jack Daniel's Bourbon,1252.8
2024-05-13,Rooftop Bar,Jack Daniel's Bourbon,995.9
2024-05-14,Rooftop Bar,Jack Daniel's Bourbon,1391.4
2024-05-15,Rooftop Bar,Jack Daniel's Bourbon,1434.8
2024-05-16,Rooftop Bar,Jack Daniel's Bourbon,945.8
2024-05-17,Rooftop Bar,Jack Daniel's Bourbon,2123.5
2024-05-18,Rooftop Bar,Jack Daniel's Bourbon,2210.2
2024-05-19,Rooftop Bar,Jack Daniel's Bourbon,1232.4
2024-05-20,Rooftop Bar,Jack Daniel's Bourbon,818.8
2024-05-21,Rooftop Bar,Jack Daniel's Bourbon,422.9
2024-05-22,Rooftop Bar,Jack Daniel's Bourbon,1804.0
2024-05-23,Rooftop Bar,Jack Daniel's Bourbon,1145.6
2024-05-24,Rooftop Bar,Jack Daniel's Bourbon,2345.4
2024-05-25,Rooftop Bar,Jack Daniel's Bourbon,2374.2
2024-05-26,Rooftop Bar,Jack Daniel's Bourbon,1067.3
2024-05-27,Rooftop Bar,Jack Daniel's Bourbon,716.9
2024-05-28,Rooftop Bar,Jack Daniel's Bourbon,567.1
2024-05-29,Rooftop Bar,Jack Daniel's Bourbon,1248.9
2024-05-30,Rooftop Bar,Jack Daniel's Bourbon,1304.7
2024-05-31,Rooftop Bar,Jack Daniel's Bourbon,2448.2
2024-06-01,Rooftop Bar,Jack Daniel's Bourbon,2283.3
2024-06-02,Rooftop Bar,Jack Daniel's Bourbon,1463.5
2024-06-03,Rooftop Bar,Jack Daniel's Bourbon,540.9
2024-06-04,Rooftop Bar,Jack Daniel's Bourbon,1335.1
2024-06-05,Rooftop Bar,Jack Daniel's Bourbon,1034.8
2024-06-06,Rooftop Bar,Jack Daniel's Bourbon,1679.8
2024-06-07,Rooftop Bar,Jack Daniel's Bourbon,2284.3
2024-06-08,Rooftop Bar,Jack Daniel's Bourbon,1894.9
2024-06-09,Rooftop Bar,Jack Daniel's Bourbon,903.1
2024-06-10,Rooftop Bar,Jack Daniel's Bourbon,930.0
2024-06-11,Rooftop Bar,Jack Daniel's Bourbon,1190.3
2024-06-12,Rooftop Bar,Jack Daniel's Bourbon,773.0
2024-06-13,Rooftop Bar,Jack Daniel's Bourbon,532.1
2024-06-14,Rooftop Bar,Jack Daniel's Bourbon,2000.2
2024-06-15,Rooftop Bar,Jack Daniel's Bourbon,1681.8
2024-06-16,Rooftop Bar,Jack Daniel's Bourbon,1212.6
2024-06-17,Rooftop Bar,Jack Daniel's Bourbon,806.5
2024-06-18,Rooftop Bar,Jack Daniel's Bourbon,1027.8
2024-06-19,Rooftop Bar,Jack Daniel's Bourbon,916.4
2024-06-20,Rooftop Bar,Jack Daniel's Bourbon,1151.0
2024-06-21,Rooftop Bar,Jack Daniel's Bourbon,1939.8
2024-06-22,Rooftop Bar,Jack Daniel's Bourbon,2420.9
2024-06-23,Rooftop Bar,Jack Daniel's Bourbon,964.7
2024-06-24,Rooftop Bar,Jack Daniel's Bourbon,663.5
2024-06-25,Rooftop Bar,Jack Daniel's Bourbon,1643.9
2024-06-26,Rooftop Bar,Jack Daniel's Bourbon,938.6
2024-06-27,Rooftop Bar,Jack Daniel's Bourbon,1132.6
2024-06-28,Rooftop Bar,Jack Daniel's Bourbon,2188.7
2024-01-01,Rooftop Bar,Macallan 12 Scotch,730.3
2024-01-02,Rooftop Bar,Macallan 12 Scotch,297.1
2024-01-03,Rooftop Bar,Macallan 12 Scotch,618.0
2024-01-04,Rooftop Bar,Macallan 12 Scotch,471.3
2024-01-05,Rooftop Bar,Macallan 12 Scotch,756.6
2024-01-06,Rooftop Bar,Macallan 12 Scotch,662.2
2024-01-07,Rooftop Bar,Macallan 12 Scotch,549.2
2024-01-08,Rooftop Bar,Macallan 12 Scotch,443.0
2024-01-09,Rooftop Bar,Macallan 12 Scotch,147.1
2024-01-10,Rooftop Bar,Macallan 12 Scotch,247.5
2024-01-11,Rooftop Bar,Macallan 12 Scotch,333.3
2024-01-12,Rooftop Bar,Macallan 12 Scotch,695.6
2024-01-13,Rooftop Bar,Macallan 12 Scotch,585.0
2024-01-14,Rooftop Bar,Macallan 12 Scotch,577.0
2024-01-15,Rooftop Bar,Macallan 12 Scotch,469.3
2024-01-16,Rooftop Bar,Macallan 12 Scotch,334.4
2024-01-17,Rooftop Bar,Macallan 12 Scotch,288.1
2024-01-18,Rooftop Bar,Macallan 12 Scotch,571.1
2024-01-19,Rooftop Bar,Macallan 12 Scotch,533.5
2024-01-20,Rooftop Bar,Macallan 12 Scotch,1006.3
2024-01-21,Rooftop Bar,Macallan 12 Scotch,439.9
2024-01-22,Rooftop Bar,Macallan 12 Scotch,359.7
2024-01-23,Rooftop Bar,Macallan 12 Scotch,548.5
2024-01-24,Rooftop Bar,Macallan 12 Scotch,494.1
2024-01-25,Rooftop Bar,Macallan 12 Scotch,238.0
2024-01-26,Rooftop Bar,Macallan 12 Scotch,582.6
2024-01-27,Rooftop Bar,Macallan 12 Scotch,765.6
2024-01-28,Rooftop Bar,Macallan 12 Scotch,471.1
2024-01-29,Rooftop Bar,Macallan 12 Scotch,800.2
2024-01-30,Rooftop Bar,Macallan 12 Scotch,388.6
2024-01-31,Rooftop Bar,Macallan 12 Scotch,196.3
2024-02-01,Rooftop Bar,Macallan 12 Scotch,565.8
2024-02-02,Rooftop Bar,Macallan 12 Scotch,664.3
2024-02-03,Rooftop Bar,Macallan 12 Scotch,693.3
2024-02-04,Rooftop Bar,Macallan 12 Scotch,530.6
2024-02-05,Rooftop Bar,Macallan 12 Scotch,542.7
2024-02-06,Rooftop Bar,Macallan 12 Scotch,496.3
2024-02-07,Rooftop Bar,Macallan 12 Scotch,592.9
2024-02-08,Rooftop Bar,Macallan 12 Scotch,528.0
2024-02-09,Rooftop Bar,Macallan 12 Scotch,698.6
2024-02-10,Rooftop Bar,Macallan 12 Scotch,670.0
2024-02-11,Rooftop Bar,Macallan 12 Scotch,338.3
2024-02-12,Rooftop Bar,Macallan 12 Scotch,439.9
2024-02-13,Rooftop Bar,Macallan 12 Scotch,610.5
2024-02-14,Rooftop Bar,Macallan 12 Scotch,142.2
2024-02-15,Rooftop Bar,Macallan 12 Scotch,547.3
2024-02-16,Rooftop Bar,Macallan 12 Scotch,827.0
2024-02-17,Rooftop Bar,Macallan 12 Scotch,573.1
2024-02-18,Rooftop Bar,Macallan 12 Scotch,507.7
2024-02-19,Rooftop Bar,Macallan 12 Scotch,170.4
2024-02-20,Rooftop Bar,Macallan 12 Scotch,263.1
2024-02-21,Rooftop Bar,Macallan 12 Scotch,479.4
2024-02-22,Rooftop Bar,Macallan 12 Scotch,679.3
2024-02-23,Rooftop Bar,Macallan 12 Scotch,396.8
2024-02-24,Rooftop Bar,Macallan 12 Scotch,679.0
2024-02-25,Rooftop Bar,Macallan 12 Scotch,351.2
2024-02-26,Rooftop Bar,Macallan 12 Scotch,440.8
2024-02-27,Rooftop Bar,Macallan 12 Scotch,606.1
2024-02-28,Rooftop Bar,Macallan 12 Scotch,326.2
2024-02-29,Rooftop Bar,Macallan 12 Scotch,242.0
2024-03-01,Rooftop Bar,Macallan 12 Scotch,825.2
2024-03-02,Rooftop Bar,Macallan 12 Scotch,671.5
2024-03-03,Rooftop Bar,Macallan 12 Scotch,456.2
2024-03-04,Rooftop Bar,Macallan 12 Scotch,653.8
2024-03-05,Rooftop Bar,Macallan 12 Scotch,348.3
2024-03-06,Rooftop Bar,Macallan 12 Scotch,461.8
2024-03-07,Rooftop Bar,Macallan 12 Scotch,233.1
2024-03-08,Rooftop Bar,Macallan 12 Scotch,650.5
2024-03-09,Rooftop Bar,Macallan 12 Scotch,647.5
2024-03-10,Rooftop Bar,Macallan 12 Scotch,411.8
2024-03-11,Rooftop Bar,Macallan 12 Scotch,780.7
2024-03-12,Rooftop Bar,Macallan 12 Scotch,500.3
2024-03-13,Rooftop Bar,Macallan 12 Scotch,519.1
2024-03-14,Rooftop Bar,Macallan 12 Scotch,228.2
2024-03-15,Rooftop Bar,Macallan 12 Scotch,496.3
2024-03-16,Rooftop Bar,Macallan 12 Scotch,656.5
2024-03-17,Rooftop Bar,Macallan 12 Scotch,257.0
2024-03-18,Rooftop Bar,Macallan 12 Scotch,451.1
2024-03-19,Rooftop Bar,Macallan 12 Scotch,632.9
2024-03-20,Rooftop Bar,Macallan 12 Scotch,320.0
2024-03-21,Rooftop Bar,Macallan 12 Scotch,336.7
2024-03-22,Rooftop Bar,Macallan 12 Scotch,840.9
2024-03-23,Rooftop Bar,Macallan 12 Scotch,1002.7
2024-03-24,Rooftop Bar,Macallan 12 Scotch,638.3
2024-03-25,Rooftop Bar,Macallan 12 Scotch,494.2
2024-03-26,Rooftop Bar,Macallan 12 Scotch,520.7
2024-03-27,Rooftop Bar,Macallan 12 Scotch,280.1
2024-03-28,Rooftop Bar,Macallan 12 Scotch,539.4
2024-03-29,Rooftop Bar,Macallan 12 Scotch,681.0
2024-03-30,Rooftop Bar,Macallan 12 Scotch,423.4
2024-03-31,Rooftop Bar,Macallan 12 Scotch,608.0
2024-04-01,Rooftop Bar,Macallan 12 Scotch,395.2
2024-04-02,Rooftop Bar,Macallan 12 Scotch,436.3
2024-04-03,Rooftop Bar,Macallan 12 Scotch,111.9
2024-04-04,Rooftop Bar,Macallan 12 Scotch,420.1
2024-04-05,Rooftop Bar,Macallan 12 Scotch,572.8
2024-04-06,Rooftop Bar,Macallan 12 Scotch,997.7
2024-04-07,Rooftop Bar,Macallan 12 Scotch,218.8
2024-04-08,Rooftop Bar,Macallan 12 Scotch,412.3
2024-04-09,Rooftop Bar,Macallan 12 Scotch,651.2
2024-04-10,Rooftop Bar,Macallan 12 Scotch,540.8
2024-04-11,Rooftop Bar,Macallan 12 Scotch,454.3
2024-04-12,Rooftop Bar,Macallan 12 Scotch,871.0
2024-04-13,Rooftop Bar,Macallan 12 Scotch,736.4
2024-04-14,Rooftop Bar,Macallan 12 Scotch,350.6
2024-04-15,Rooftop Bar,Macallan 12 Scotch,492.1
2024-04-16,Rooftop Bar,Macallan 12 Scotch,429.0
2024-04-17,Rooftop Bar,Macallan 12 Scotch,571.1
2024-04-18,Rooftop Bar,Macallan 12 Scotch,446.5
2024-04-19,Rooftop Bar,Macallan 12 Scotch,774.1
2024-04-20,Rooftop Bar,Macallan 12 Scotch,541.7
2024-04-21,Rooftop Bar,Macallan 12 Scotch,505.9
2024-04-22,Rooftop Bar,Macallan 12 Scotch,415.6
2024-04-23,Rooftop Bar,Macallan 12 Scotch,365.0
2024-04-24,Rooftop Bar,Macallan 12 Scotch,502.8
2024-04-25,Rooftop Bar,Macallan 12 Scotch,494.7
2024-04-26,Rooftop Bar,Macallan 12 Scotch,650.3
2024-04-27,Rooftop Bar,Macallan 12 Scotch,402.4
2024-04-28,Rooftop Bar,Macallan 12 Scotch,726.1
2024-04-29,Rooftop Bar,Macallan 12 Scotch,618.6
2024-04-30,Rooftop Bar,Macallan 12 Scotch,243.2
2024-05-01,Rooftop Bar,Macallan 12 Scotch,479.8
2024-05-02,Rooftop Bar,Macallan 12 Scotch,384.3
2024-05-03,Rooftop Bar,Macallan 12 Scotch,626.3
2024-05-04,Rooftop Bar,Macallan 12 Scotch,576.7
2024-05-05,Rooftop Bar,Macallan 12 Scotch,558.6
2024-05-06,Rooftop Bar,Macallan 12 Scotch,569.7
2024-05-07,Rooftop Bar,Macallan 12 Scotch,443.6
2024-05-08,Rooftop Bar,Macallan 12 Scotch,235.1
2024-05-09,Rooftop Bar,Macallan 12 Scotch,104.6
2024-05-10,Rooftop Bar,Macallan 12 Scotch,872.2
2024-05-11,Rooftop Bar,Macallan 12 Scotch,476.6
2024-05-12,Rooftop Bar,Macallan 12 Scotch,148.5
2024-05-13,Rooftop Bar,Macallan 12 Scotch,488.0
2024-05-14,Rooftop Bar,Macallan 12 Scotch,308.9
2024-05-15,Rooftop Bar,Macallan 12 Scotch,441.0
2024-05-16,Rooftop Bar,Macallan 12 Scotch,358.9
2024-05-17,Rooftop Bar,Macallan 12 Scotch,623.4
2024-05-18,Rooftop Bar,Macallan 12 Scotch,645.1
2024-05-19,Rooftop Bar,Macallan 12 Scotch,135.7
2024-05-20,Rooftop Bar,Macallan 12 Scotch,445.2
2024-05-21,Rooftop Bar,Macallan 12 Scotch,256.7
2024-05-22,Rooftop Bar,Macallan 12 Scotch,285.6
2024-05-23,Rooftop Bar,Macallan 12 Scotch,433.4
2024-05-24,Rooftop Bar,Macallan 12 Scotch,832.7
2024-05-25,Rooftop Bar,Macallan 12 Scotch,768.8
2024-05-26,Rooftop Bar,Macallan 12 Scotch,571.2
2024-05-27,Rooftop Bar,Macallan 12 Scotch,341.5
2024-05-28,Rooftop Bar,Macallan 12 Scotch,332.6
2024-05-29,Rooftop Bar,Macallan 12 Scotch,293.1
2024-05-30,Rooftop Bar,Macallan 12 Scotch,486.0
2024-05-31,Rooftop Bar,Macallan 12 Scotch,743.3
2024-06-01,Rooftop Bar,Macallan 12 Scotch,966.5
2024-06-02,Rooftop Bar,Macallan 12 Scotch,269.4
2024-06-03,Rooftop Bar,Macallan 12 Scotch,135.2
2024-06-04,Rooftop Bar,Macallan 12 Scotch,398.6
2024-06-05,Rooftop Bar,Macallan 12 Scotch,500.0
2024-06-06,Rooftop Bar,Macallan 12 Scotch,567.2
2024-06-07,Rooftop Bar,Macallan 12 Scotch,601.2
2024-06-08,Rooftop Bar,Macallan 12 Scotch,820.2
2024-06-09,Rooftop Bar,Macallan 12 Scotch,271.1
2024-06-10,Rooftop Bar,Macallan 12 Scotch,716.3
2024-06-11,Rooftop Bar,Macallan 12 Scotch,406.5
2024-06-12,Rooftop Bar,Macallan 12 Scotch,598.8
2024-06-13,Rooftop Bar,Macallan 12 Scotch,343.6
2024-06-14,Rooftop Bar,Macallan 12 Scotch,726.3
2024-06-15,Rooftop Bar,Macallan 12 Scotch,565.5
2024-06-16,Rooftop Bar,Macallan 12 Scotch,384.8
2024-06-17,Rooftop Bar,Macallan 12 Scotch,391.1
2024-06-18,Rooftop Bar,Macallan 12 Scotch,129.5
2024-06-19,Rooftop Bar,Macallan 12 Scotch,493.1
2024-06-20,Rooftop Bar,Macallan 12 Scotch,502.3
2024-06-21,Rooftop Bar,Macallan 12 Scotch,542.0
2024-06-22,Rooftop Bar,Macallan 12 Scotch,355.4
2024-06-23,Rooftop Bar,Macallan 12 Scotch,662.7
2024-06-24,Rooftop Bar,Macallan 12 Scotch,286.1
2024-06-25,Rooftop Bar,Macallan 12 Scotch,556.0
2024-06-26,Rooftop Bar,Macallan 12 Scotch,345.4
2024-06-27,Rooftop Bar,Macallan 12 Scotch,406.2
2024-06-28,Rooftop Bar,Macallan 12 Scotch,604.7
2024-01-01,Rooftop Bar,Patron Silver Tequila,571.5
2024-01-02,Rooftop Bar,Patron Silver Tequila,1127.7
2024-01-03,Rooftop Bar,Patron Silver Tequila,347.4
2024-01-04,Rooftop Bar,Patron Silver Tequila,804.1
2024-01-05,Rooftop Bar,Patron Silver Tequila,1315.2
2024-01-06,Rooftop Bar,Patron Silver Tequila,1042.2
2024-01-07,Rooftop Bar,Patron Silver Tequila,401.7
2024-01-08,Rooftop Bar,Patron Silver Tequila,690.0
2024-01-09,Rooftop Bar,Patron Silver Tequila,867.6
2024-01-10,Rooftop Bar,Patron Silver Tequila,563.2
2024-01-11,Rooftop Bar,Patron Silver Tequila,581.1
2024-01-12,Rooftop Bar,Patron Silver Tequila,1598.0
2024-01-13,Rooftop Bar,Patron Silver Tequila,1618.8
2024-01-14,Rooftop Bar,Patron Silver Tequila,749.5
2024-01-15,Rooftop Bar,Patron Silver Tequila,505.1
2024-01-16,Rooftop Bar,Patron Silver Tequila,370.3
2024-01-17,Rooftop Bar,Patron Silver Tequila,667.1
2024-01-18,Rooftop Bar,Patron Silver Tequila,338.7
2024-01-19,Rooftop Bar,Patron Silver Tequila,1005.6
2024-01-20,Rooftop Bar,Patron Silver Tequila,1315.3
2024-01-21,Rooftop Bar,Patron Silver Tequila,945.5
2024-01-22,Rooftop Bar,Patron Silver Tequila,581.0
2024-01-23,Rooftop Bar,Patron Silver Tequila,303.3
2024-01-24,Rooftop Bar,Patron Silver Tequila,748.6
2024-01-25,Rooftop Bar,Patron Silver Tequila,419.8
2024-01-26,Rooftop Bar,Patron Silver Tequila,1535.6
2024-01-27,Rooftop Bar,Patron Silver Tequila,1160.7
2024-01-28,Rooftop Bar,Patron Silver Tequila,353.0
2024-01-29,Rooftop Bar,Patron Silver Tequila,822.1
2024-01-30,Rooftop Bar,Patron Silver Tequila,624.5
2024-01-31,Rooftop Bar,Patron Silver Tequila,587.3
2024-02-01,Rooftop Bar,Patron Silver Tequila,641.3
2024-02-02,Rooftop Bar,Patron Silver Tequila,1531.8
2024-02-03,Rooftop Bar,Patron Silver Tequila,1637.9
2024-02-04,Rooftop Bar,Patron Silver Tequila,441.4
2024-02-05,Rooftop Bar,Patron Silver Tequila,752.8
2024-02-06,Rooftop Bar,Patron Silver Tequila,769.4
2024-02-07,Rooftop Bar,Patron Silver Tequila,488.1
2024-02-08,Rooftop Bar,Patron Silver Tequila,0.0
2024-02-09,Rooftop Bar,Patron Silver Tequila,1387.2
2024-02-10,Rooftop Bar,Patron Silver Tequila,1493.2
2024-02-11,Rooftop Bar,Patron Silver Tequila,548.7
2024-02-12,Rooftop Bar,Patron Silver Tequila,657.1
2024-02-13,Rooftop Bar,Patron Silver Tequila,602.5
2024-02-14,Rooftop Bar,Patron Silver Tequila,894.6
2024-02-15,Rooftop Bar,Patron Silver Tequila,511.5
2024-02-16,Rooftop Bar,Patron Silver Tequila,1300.3
2024-02-17,Rooftop Bar,Patron Silver Tequila,1259.5
2024-02-18,Rooftop Bar,Patron Silver Tequila,426.0
2024-02-19,Rooftop Bar,Patron Silver Tequila,451.0
2024-02-20,Rooftop Bar,Patron Silver Tequila,394.6
2024-02-21,Rooftop Bar,Patron Silver Tequila,615.0
2024-02-22,Rooftop Bar,Patron Silver Tequila,737.6
2024-02-23,Rooftop Bar,Patron Silver Tequila,1367.7
2024-02-24,Rooftop Bar,Patron Silver Tequila,1483.9
2024-02-25,Rooftop Bar,Patron Silver Tequila,614.5
2024-02-26,Rooftop Bar,Patron Silver Tequila,635.6
2024-02-27,Rooftop Bar,Patron Silver Tequila,841.1
2024-02-28,Rooftop Bar,Patron Silver Tequila,182.9
2024-02-29,Rooftop Bar,Patron Silver Tequila,719.7
2024-03-01,Rooftop Bar,Patron Silver Tequila,1659.1
2024-03-02,Rooftop Bar,Patron Silver Tequila,1336.3
2024-03-03,Rooftop Bar,Patron Silver Tequila,598.6
2024-03-04,Rooftop Bar,Patron Silver Tequila,461.7
2024-03-05,Rooftop Bar,Patron Silver Tequila,644.6
2024-03-06,Rooftop Bar,Patron Silver Tequila,737.4
2024-03-07,Rooftop Bar,Patron Silver Tequila,813.4
2024-03-08,Rooftop Bar,Patron Silver Tequila,1276.9
2024-03-09,Rooftop Bar,Patron Silver Tequila,1376.7
2024-03-10,Rooftop Bar,Patron Silver Tequila,476.6
2024-03-11,Rooftop Bar,Patron Silver Tequila,593.3
2024-03-12,Rooftop Bar,Patron Silver Tequila,525.0
2024-03-13,Rooftop Bar,Patron Silver Tequila,875.3
2024-03-14,Rooftop Bar,Patron Silver Tequila,1012.5
2024-03-15,Rooftop Bar,Patron Silver Tequila,1407.4
2024-03-16,Rooftop Bar,Patron Silver Tequila,1521.6
2024-03-17,Rooftop Bar,Patron Silver Tequila,791.9
2024-03-18,Rooftop Bar,Patron Silver Tequila,646.4
2024-03-19,Rooftop Bar,Patron Silver Tequila,419.8
2024-03-20,Rooftop Bar,Patron Silver Tequila,301.7
2024-03-21,Rooftop Bar,Patron Silver Tequila,84.9
2024-03-22,Rooftop Bar,Patron Silver Tequila,1285.0
2024-03-23,Rooftop Bar,Patron Silver Tequila,1407.8
2024-03-24,Rooftop Bar,Patron Silver Tequila,677.2
2024-03-25,Rooftop Bar,Patron Silver Tequila,328.9
2024-03-26,Rooftop Bar,Patron Silver Tequila,513.0
2024-03-27,Rooftop Bar,Patron Silver Tequila,310.1
2024-03-28,Rooftop Bar,Patron Silver Tequila,681.1
2024-03-29,Rooftop Bar,Patron Silver Tequila,1569.0
2024-03-30,Rooftop Bar,Patron Silver Tequila,1125.1
2024-03-31,Rooftop Bar,Patron Silver Tequila,924.7
2024-04-01,Rooftop Bar,Patron Silver Tequila,822.7
2024-04-02,Rooftop Bar,Patron Silver Tequila,651.8
2024-04-03,Rooftop Bar,Patron Silver Tequila,494.0
2024-04-04,Rooftop Bar,Patron Silver Tequila,366.8
2024-04-05,Rooftop Bar,Patron Silver Tequila,1726.9
2024-04-06,Rooftop Bar,Patron Silver Tequila,1622.1
2024-04-07,Rooftop Bar,Patron Silver Tequila,906.4
2024-04-08,Rooftop Bar,Patron Silver Tequila,930.7
2024-04-09,Rooftop Bar,Patron Silver Tequila,248.5
2024-04-10,Rooftop Bar,Patron Silver Tequila,988.3
2024-04-11,Rooftop Bar,Patron Silver Tequila,730.1
2024-04-12,Rooftop Bar,Patron Silver Tequila,1780.5
2024-04-13,Rooftop Bar,Patron Silver Tequila,1193.7
2024-04-14,Rooftop Bar,Patron Silver Tequila,670.6
2024-04-15,Rooftop Bar,Patron Silver Tequila,744.2
2024-04-16,Rooftop Bar,Patron Silver Tequila,1160.3
2024-04-17,Rooftop Bar,Patron Silver Tequila,633.9
2024-04-18,Rooftop Bar,Patron Silver Tequila,576.4
2024-04-19,Rooftop Bar,Patron Silver Tequila,1214.3
2024-04-20,Rooftop Bar,Patron Silver Tequila,1304.7
2024-04-21,Rooftop Bar,Patron Silver Tequila,762.1
2024-04-22,Rooftop Bar,Patron Silver Tequila,316.2
2024-04-23,Rooftop Bar,Patron Silver Tequila,229.2
2024-04-24,Rooftop Bar,Patron Silver Tequila,864.9
2024-04-25,Rooftop Bar,Patron Silver Tequila,861.7
2024-04-26,Rooftop Bar,Patron Silver Tequila,1406.7
2024-04-27,Rooftop Bar,Patron Silver Tequila,1647.1
2024-04-28,Rooftop Bar,Patron Silver Tequila,548.9
2024-04-29,Rooftop Bar,Patron Silver Tequila,918.6
2024-04-30,Rooftop Bar,Patron Silver Tequila,768.8
2024-05-01,Rooftop Bar,Patron Silver Tequila,340.0
2024-05-02,Rooftop Bar,Patron Silver Tequila,414.3
2024-05-03,Rooftop Bar,Patron Silver Tequila,1390.2
2024-05-04,Rooftop Bar,Patron Silver Tequila,1295.9
2024-05-05,Rooftop Bar,Patron Silver Tequila,628.1
2024-05-06,Rooftop Bar,Patron Silver Tequila,712.9
2024-05-07,Rooftop Bar,Patron Silver Tequila,786.3
2024-05-08,Rooftop Bar,Patron Silver Tequila,590.3
2024-05-09,Rooftop Bar,Patron Silver Tequila,77.8
2024-05-10,Rooftop Bar,Patron Silver Tequila,1204.7
2024-05-11,Rooftop Bar,Patron Silver Tequila,1310.4
2024-05-12,Rooftop Bar,Patron Silver Tequila,694.7
2024-05-13,Rooftop Bar,Patron Silver Tequila,771.4
2024-05-14,Rooftop Bar,Patron Silver Tequila,837.3
2024-05-15,Rooftop Bar,Patron Silver Tequila,607.3
2024-05-16,Rooftop Bar,Patron Silver Tequila,639.1
2024-05-17,Rooftop Bar,Patron Silver Tequila,1169.4
2024-05-18,Rooftop Bar,Patron Silver Tequila,1274.7
2024-05-19,Rooftop Bar,Patron Silver Tequila,471.9
2024-05-20,Rooftop Bar,Patron Silver Tequila,761.0
2024-05-21,Rooftop Bar,Patron Silver Tequila,463.3
2024-05-22,Rooftop Bar,Patron Silver Tequila,429.5
2024-05-23,Rooftop Bar,Patron Silver Tequila,881.3
2024-05-24,Rooftop Bar,Patron Silver Tequila,1318.4
2024-05-25,Rooftop Bar,Patron Silver Tequila,1349.2
2024-05-26,Rooftop Bar,Patron Silver Tequila,707.9
2024-05-27,Rooftop Bar,Patron Silver Tequila,509.1
2024-05-28,Rooftop Bar,Patron Silver Tequila,751.9
2024-05-29,Rooftop Bar,Patron Silver Tequila,494.7
2024-05-30,Rooftop Bar,Patron Silver Tequila,1066.6
2024-05-31,Rooftop Bar,Patron Silver Tequila,1267.3
2024-06-01,Rooftop Bar,Patron Silver Tequila,1517.5
2024-06-02,Rooftop Bar,Patron Silver Tequila,771.2
2024-06-03,Rooftop Bar,Patron Silver Tequila,495.1
2024-06-04,Rooftop Bar,Patron Silver Tequila,767.2
2024-06-05,Rooftop Bar,Patron Silver Tequila,666.2
2024-06-06,Rooftop Bar,Patron Silver Tequila,353.9
2024-06-07,Rooftop Bar,Patron Silver Tequila,1589.2
2024-06-08,Rooftop Bar,Patron Silver Tequila,1638.7
2024-06-09,Rooftop Bar,Patron Silver Tequila,438.4
2024-06-10,Rooftop Bar,Patron Silver Tequila,613.6
2024-06-11,Rooftop Bar,Patron Silver Tequila,628.2
2024-06-12,Rooftop Bar,Patron Silver Tequila,633.9
2024-06-13,Rooftop Bar,Patron Silver Tequila,464.2
2024-06-14,Rooftop Bar,Patron Silver Tequila,1606.7
2024-06-15,Rooftop Bar,Patron Silver Tequila,1252.6
2024-06-16,Rooftop Bar,Patron Silver Tequila,390.3
2024-06-17,Rooftop Bar,Patron Silver Tequila,206.3
2024-06-18,Rooftop Bar,Patron Silver Tequila,490.4
2024-06-19,Rooftop Bar,Patron Silver Tequila,705.1
2024-06-20,Rooftop Bar,Patron Silver Tequila,425.0
2024-06-21,Rooftop Bar,Patron Silver Tequila,1443.6
2024-06-22,Rooftop Bar,Patron Silver Tequila,1474.9
2024-06-23,Rooftop Bar,Patron Silver Tequila,538.6
2024-06-24,Rooftop Bar,Patron Silver Tequila,629.4
2024-06-25,Rooftop Bar,Patron Silver Tequila,356.6
2024-06-26,Rooftop Bar,Patron Silver Tequila,480.2
2024-06-27,Rooftop Bar,Patron Silver Tequila,825.3
2024-06-28,Rooftop Bar,Patron Silver Tequila,1537.9
2024-01-01,Rooftop Bar,Remy Martin XO Cognac,0.0
2024-01-02,Rooftop Bar,Remy Martin XO Cognac,140.4
2024-01-03,Rooftop Bar,Remy Martin XO Cognac,0.0
2024-01-04,Rooftop Bar,Remy Martin XO Cognac,99.9
2024-01-05,Rooftop Bar,Remy Martin XO Cognac,131.2
2024-01-06,Rooftop Bar,Remy Martin XO Cognac,97.7
2024-01-07,Rooftop Bar,Remy Martin XO Cognac,53.3
2024-01-08,Rooftop Bar,Remy Martin XO Cognac,61.7
2024-01-09,Rooftop Bar,Remy Martin XO Cognac,72.6
2024-01-10,Rooftop Bar,Remy Martin XO Cognac,0.0
2024-01-11,Rooftop Bar,Remy Martin XO Cognac,91.1
2024-01-12,Rooftop Bar,Remy Martin XO Cognac,303.1
2024-01-13,Rooftop Bar,Remy Martin XO Cognac,112.2
2024-01-14,Rooftop Bar,Remy Martin XO Cognac,97.8
2024-01-15,Rooftop Bar,Remy Martin XO Cognac,121.0
2024-01-16,Rooftop Bar,Remy Martin XO Cognac,0.0
2024-01-17,Rooftop Bar,Remy Martin XO Cognac,70.9
2024-01-18,Rooftop Bar,Remy Martin XO Cognac,165.3
2024-01-19,Rooftop Bar,Remy Martin XO Cognac,159.1
2024-01-20,Rooftop Bar,Remy Martin XO Cognac,104.5
2024-01-21,Rooftop Bar,Remy Martin XO Cognac,0.0
2024-01-22,Rooftop Bar,Remy Martin XO Cognac,180.1
2024-01-23,Rooftop Bar,Remy Martin XO Cognac,0.0
2024-01-24,Rooftop Bar,Remy Martin XO Cognac,0.0
2024-01-25,Rooftop Bar,Remy Martin XO Cognac,0.0
2024-01-26,Rooftop Bar,Remy Martin XO Cognac,86.8
2024-01-27,Rooftop Bar,Remy Martin XO Cognac,175.4
2024-01-28,Rooftop Bar,Remy Martin XO Cognac,208.7
2024-01-29,Rooftop Bar,Remy Martin XO Cognac,116.4
2024-01-30,Rooftop Bar,Remy Martin XO Cognac,72.5
2024-01-31,Rooftop Bar,Remy Martin XO Cognac,102.2
2024-02-01,Rooftop Bar,Remy Martin XO Cognac,0.0
2024-02-02,Rooftop Bar,Remy Martin XO Cognac,275.0
2024-02-03,Rooftop Bar,Remy Martin XO Cognac,225.7
2024-02-04,Rooftop Bar,Remy Martin XO Cognac,54.6
2024-02-05,Rooftop Bar,Remy Martin XO Cognac,52.1
2024-02-06,Rooftop Bar,Remy Martin XO Cognac,0.0
2024-02-07,Rooftop Bar,Remy Martin XO Cognac,98.5
2024-02-08,Rooftop Bar,Remy Martin XO Cognac,0.0
2024-02-09,Rooftop Bar,Remy Martin XO Cognac,143.4
2024-02-10,Rooftop Bar,Remy Martin XO Cognac,195.9
2024-02-11,Rooftop Bar,Remy Martin XO Cognac,0.0
2024-02-12,Rooftop Bar,Remy Martin XO Cognac,0.0
2024-02-13,Rooftop Bar,Remy Martin XO Cognac,0.0
2024-02-14,Rooftop Bar,Remy Martin XO Cognac,88.4
2024-02-15,Rooftop Bar,Remy Martin XO Cognac,104.0
2024-02-16,Rooftop Bar,Remy Martin XO Cognac,303.4
2024-02-17,Rooftop Bar,Remy Martin XO Cognac,68.2
2024-02-18,Rooftop Bar,Remy Martin XO Cognac,101.5
2024-02-19,Rooftop Bar,Remy Martin XO Cognac,0.0
2024-02-20,Rooftop Bar,Remy Martin XO Cognac,282.4
2024-02-21,Rooftop Bar,Remy Martin XO Cognac,215.4
2024-02-22,Rooftop Bar,Remy Martin XO Cognac,0.0
2024-02-23,Rooftop Bar,Remy Martin XO Cognac,88.7
2024-02-24,Rooftop Bar,Remy Martin XO Cognac,129.1
2024-02-25,Rooftop Bar,Remy Martin XO Cognac,47.5
2024-02-26,Rooftop Bar,Remy Martin XO Cognac,290.2
2024-02-27,Rooftop Bar,Remy Martin XO Cognac,0.0
2024-02-28,Rooftop Bar,Remy Martin XO Cognac,176.9
2024-02-29,Rooftop Bar,Remy Martin XO Cognac,175.1
2024-03-01,Rooftop Bar,Remy Martin XO Cognac,160.3
2024-03-02,Rooftop Bar,Remy Martin XO Cognac,187.6
2024-03-03,Rooftop Bar,Remy Martin XO Cognac,99.3
2024-03-04,Rooftop Bar,Remy Martin XO Cognac,76.2
2024-03-05,Rooftop Bar,Remy Martin XO Cognac,64.6
2024-03-06,Rooftop Bar,Remy Martin XO Cognac,0.0
2024-03-07,Rooftop Bar,Remy Martin XO Cognac,83.4
2024-03-08,Rooftop Bar,Remy Martin XO Cognac,175.6
2024-03-09,Rooftop Bar,Remy Martin XO Cognac,307.7
2024-03-10,Rooftop Bar,Remy Martin XO Cognac,0.0
2024-03-11,Rooftop Bar,Remy Martin XO Cognac,0.0
2024-03-12,Rooftop Bar,Remy Martin XO Cognac,50.1
2024-03-13,Rooftop Bar,Remy Martin XO Cognac,0.0
2024-03-14,Rooftop Bar,Remy Martin XO Cognac,0.0
2024-03-15,Rooftop Bar,Remy Martin XO Cognac,94.3
2024-03-16,Rooftop Bar,Remy Martin XO Cognac,146.1
2024-03-17,Rooftop Bar,Remy Martin XO Cognac,143.6
2024-03-18,Rooftop Bar,Remy Martin XO Cognac,82.7
2024-03-19,Rooftop Bar,Remy Martin XO Cognac,0.0
2024-03-20,Rooftop Bar,Remy Martin XO Cognac,0.0
2024-03-21,Rooftop Bar,Remy Martin XO Cognac,0.0
2024-03-22,Rooftop Bar,Remy Martin XO Cognac,241.7
2024-03-23,Rooftop Bar,Remy Martin XO Cognac,157.5
2024-03-24,Rooftop Bar,Remy Martin XO Cognac,194.4
2024-03-25,Rooftop Bar,Remy Martin XO Cognac,201.4
2024-03-26,Rooftop Bar,Remy Martin XO Cognac,113.4
2024-03-27,Rooftop Bar,Remy Martin XO Cognac,244.9
2024-03-28,Rooftop Bar,Remy Martin XO Cognac,0.0
2024-03-29,Rooftop Bar,Remy Martin XO Cognac,154.5
2024-03-30,Rooftop Bar,Remy Martin XO Cognac,60.6
2024-03-31,Rooftop Bar,Remy Martin XO Cognac,0.0
2024-04-01,Rooftop Bar,Remy Martin XO Cognac,0.0
2024-04-02,Rooftop Bar,Remy Martin XO Cognac,291.7
2024-04-03,Rooftop Bar,Remy Martin XO Cognac,71.5
2024-04-04,Rooftop Bar,Remy Martin XO Cognac,81.2
2024-04-05,Rooftop Bar,Remy Martin XO Cognac,111.9
2024-04-06,Rooftop Bar,Remy Martin XO Cognac,218.9
2024-04-07,Rooftop Bar,Remy Martin XO Cognac,0.0
2024-04-08,Rooftop Bar,Remy Martin XO Cognac,172.7
2024-04-09,Rooftop Bar,Remy Martin XO Cognac,127.2
2024-04-10,Rooftop Bar,Remy Martin XO Cognac,0.0
2024-04-11,Rooftop Bar,Remy Martin XO Cognac,0.0
2024-04-12,Rooftop Bar,Remy Martin XO Cognac,121.5
2024-04-13,Rooftop Bar,Remy Martin XO Cognac,211.2
2024-04-14,Rooftop Bar,Remy Martin XO Cognac,0.0
2024-04-15,Rooftop Bar,Remy Martin XO Cognac,0.0
2024-04-16,Rooftop Bar,Remy Martin XO Cognac,151.8
2024-04-17,Rooftop Bar,Remy Martin XO Cognac,0.0
2024-04-18,Rooftop Bar,Remy Martin XO Cognac,0.0
2024-04-19,Rooftop Bar,Remy Martin XO Cognac,318.0
2024-04-20,Rooftop Bar,Remy Martin XO Cognac,301.0
2024-04-21,Rooftop Bar,Remy Martin XO Cognac,163.0
2024-04-22,Rooftop Bar,Remy Martin XO Cognac,122.3
2024-04-23,Rooftop Bar,Remy Martin XO Cognac,0.0
2024-04-24,Rooftop Bar,Remy Martin XO Cognac,0.0
2024-04-25,Rooftop Bar,Remy Martin XO Cognac,0.0
2024-04-26,Rooftop Bar,Remy Martin XO Cognac,245.2
2024-04-27,Rooftop Bar,Remy Martin XO Cognac,131.9
2024-04-28,Rooftop Bar,Remy Martin XO Cognac,122.3
2024-04-29,Rooftop Bar,Remy Martin XO Cognac,154.6
2024-04-30,Rooftop Bar,Remy Martin XO Cognac,0.0
2024-05-01,Rooftop Bar,Remy Martin XO Cognac,102.4
2024-05-02,Rooftop Bar,Remy Martin XO Cognac,157.4
2024-05-03,Rooftop Bar,Remy Martin XO Cognac,108.9
2024-05-04,Rooftop Bar,Remy Martin XO Cognac,173.3
2024-05-05,Rooftop Bar,Remy Martin XO Cognac,92.5
2024-05-06,Rooftop Bar,Remy Martin XO Cognac,0.0
2024-05-07,Rooftop Bar,Remy Martin XO Cognac,114.7
2024-05-08,Rooftop Bar,Remy Martin XO Cognac,208.9
2024-05-09,Rooftop Bar,Remy Martin XO Cognac,0.0
2024-05-10,Rooftop Bar,Remy Martin XO Cognac,271.9
2024-05-11,Rooftop Bar,Remy Martin XO Cognac,182.2
2024-05-12,Rooftop Bar,Remy Martin XO Cognac,0.0
2024-05-13,Rooftop Bar,Remy Martin XO Cognac,270.6
2024-05-14,Rooftop Bar,Remy Martin XO Cognac,0.0
2024-05-15,Rooftop Bar,Remy Martin XO Cognac,126.6
2024-05-16,Rooftop Bar,Remy Martin XO Cognac,0.0
2024-05-17,Rooftop Bar,Remy Martin XO Cognac,96.6
2024-05-18,Rooftop Bar,Remy Martin XO Cognac,111.4
2024-05-19,Rooftop Bar,Remy Martin XO Cognac,0.0
2024-05-20,Rooftop Bar,Remy Martin XO Cognac,85.0
2024-05-21,Rooftop Bar,Remy Martin XO Cognac,0.0
2024-05-22,Rooftop Bar,Remy Martin XO Cognac,0.0
2024-05-23,Rooftop Bar,Remy Martin XO Cognac,48.0
2024-05-24,Rooftop Bar,Remy Martin XO Cognac,222.2
2024-05-25,Rooftop Bar,Remy Martin XO Cognac,160.9
2024-05-26,Rooftop Bar,Remy Martin XO Cognac,147.9
2024-05-27,Rooftop Bar,Remy Martin XO Cognac,151.2
2024-05-28,Rooftop Bar,Remy Martin XO Cognac,44.5
2024-05-29,Rooftop Bar,Remy Martin XO Cognac,0.0
2024-05-30,Rooftop Bar,Remy Martin XO Cognac,0.0
2024-05-31,Rooftop Bar,Remy Martin XO Cognac,91.9
2024-06-01,Rooftop Bar,Remy Martin XO Cognac,61.2
2024-06-02,Rooftop Bar,Remy Martin XO Cognac,141.3
2024-06-03,Rooftop Bar,Remy Martin XO Cognac,228.0
2024-06-04,Rooftop Bar,Remy Martin XO Cognac,0.0
2024-06-05,Rooftop Bar,Remy Martin XO Cognac,198.8
2024-06-06,Rooftop Bar,Remy Martin XO Cognac,0.0
2024-06-07,Rooftop Bar,Remy Martin XO Cognac,269.3
2024-06-08,Rooftop Bar,Remy Martin XO Cognac,209.4
2024-06-09,Rooftop Bar,Remy Martin XO Cognac,0.0
2024-06-10,Rooftop Bar,Remy Martin XO Cognac,52.0
2024-06-11,Rooftop Bar,Remy Martin XO Cognac,231.5
2024-06-12,Rooftop Bar,Remy Martin XO Cognac,0.0
2024-06-13,Rooftop Bar,Remy Martin XO Cognac,0.0
2024-06-14,Rooftop Bar,Remy Martin XO Cognac,213.1
2024-06-15,Rooftop Bar,Remy Martin XO Cognac,215.0
2024-06-16,Rooftop Bar,Remy Martin XO Cognac,242.5
2024-06-17,Rooftop Bar,Remy Martin XO Cognac,107.5
2024-06-18,Rooftop Bar,Remy Martin XO Cognac,280.0
2024-06-19,Rooftop Bar,Remy Martin XO Cognac,0.0
2024-06-20,Rooftop Bar,Remy Martin XO Cognac,170.5
2024-06-21,Rooftop Bar,Remy Martin XO Cognac,268.6
2024-06-22,Rooftop Bar,Remy Martin XO Cognac,157.7
2024-06-23,Rooftop Bar,Remy Martin XO Cognac,0.0
2024-06-24,Rooftop Bar,Remy Martin XO Cognac,0.0
2024-06-25,Rooftop Bar,Remy Martin XO Cognac,0.0
2024-06-26,Rooftop Bar,Remy Martin XO Cognac,182.2
2024-06-27,Rooftop Bar,Remy Martin XO Cognac,108.7
2024-06-28,Rooftop Bar,Remy Martin XO Cognac,275.2
