Transaction ID,Date Time Served,Bar Name,Brand Name,Opening Balance,Purchase,Consumed,Closing Balance
TXN-10001,2024-01-01 22:30:00,Main Lounge,Grey Goose Vodka,11000.0,0.0,1309.6,9690.4
TXN-10002,2024-01-02 20:30:00,Main Lounge,Grey Goose Vodka,9690.4,0.0,1794.5,7895.9
TXN-10003,2024-01-03 23:00:00,Main Lounge,Grey Goose Vodka,7895.9,0.0,1687.0,6208.9
TXN-10004,2024-01-04 21:15:00,Main Lounge,Grey Goose Vodka,6208.9,0.0,2019.8,4189.1
TXN-10005,2024-01-05 21:15:00,Main Lounge,Grey Goose Vodka,4189.1,0.0,3167.7,1021.4
TXN-10006,2024-01-06 18:30:00,Main Lounge,Grey Goose Vodka,1021.4,12000.0,3193.0,9813.4
TXN-10007,2024-01-07 23:15:00,Main Lounge,Grey Goose Vodka,9828.4,0.0,1099.2,8729.2
TXN-10008,2024-01-08 20:45:00,Main Lounge,Grey Goose Vodka,8729.2,0.0,1703.0,7026.2
TXN-10009,2024-01-09 20:30:00,Main Lounge,Grey Goose Vodka,7026.2,0.0,2724.6,4301.6
TXN-10010,2024-01-10 19:45:00,Main Lounge,Grey Goose Vodka,4301.6,0.0,1739.4,2562.2
TXN-10011,2024-01-11 19:00:00,Main Lounge,Grey Goose Vodka,2562.2,0.0,1603.3,958.9
TXN-10012,2024-01-12 21:30:00,Main Lounge,Grey Goose Vodka,958.9,12000.0,3734.4,9224.5
TXN-10013,2024-01-13 18:45:00,Main Lounge,Grey Goose Vodka,9224.5,0.0,3946.3,5278.2
TXN-10014,2024-01-14 21:15:00,Main Lounge,Grey Goose Vodka,5278.2,0.0,1729.8,3548.4
TXN-10015,2024-01-15 22:30:00,Main Lounge,Grey Goose Vodka,3548.4,0.0,933.0,2615.4
TXN-10016,2024-01-16 21:15:00,Main Lounge,Grey Goose Vodka,2615.4,0.0,1399.3,1216.1
TXN-10017,2024-01-17 23:30:00,Main Lounge,Grey Goose Vodka,1216.1,18000.0,1877.8,17338.3
TXN-10018,2024-01-18 23:45:00,Main Lounge,Grey Goose Vodka,17338.3,0.0,1481.9,15856.4
TXN-10019,2024-01-19 19:00:00,Main Lounge,Grey Goose Vodka,15856.4,0.0,3647.3,12209.1
TXN-10020,2024-01-20 21:00:00,Main Lounge,Grey Goose Vodka,12209.1,0.0,3731.9,8477.2
TXN-10021,2024-01-21 18:45:00,Main Lounge,Grey Goose Vodka,8477.2,0.0,1707.5,6769.7
TXN-10022,2024-01-22 20:30:00,Main Lounge,Grey Goose Vodka,6769.7,0.0,1384.8,5384.9
TXN-10023,2024-01-23 22:15:00,Main Lounge,Grey Goose Vodka,5384.9,0.0,2029.1,3355.8
TXN-10024,2024-01-24 18:45:00,Main Lounge,Grey Goose Vodka,3355.8,0.0,1983.7,1372.1
TXN-10025,2024-01-25 23:45:00,Main Lounge,Grey Goose Vodka,1372.1,12000.0,1710.7,11661.4
TXN-10026,2024-01-26 21:45:00,Main Lounge,Grey Goose Vodka,11661.4,0.0,3875.9,7785.5
TXN-10027,2024-01-27 23:30:00,Main Lounge,Grey Goose Vodka,7785.5,0.0,3640.3,4145.2
TXN-10028,2024-01-28 19:30:00,Main Lounge,Grey Goose Vodka,4145.2,0.0,793.6,3351.6
TXN-10029,2024-01-29 19:15:00,Main Lounge,Grey Goose Vodka,3351.6,0.0,1543.7,1807.9
TXN-10030,2024-01-30 18:45:00,Main Lounge,Grey Goose Vodka,1807.9,6000.0,2271.9,5536.0
TXN-10031,2024-01-31 22:30:00,Main Lounge,Grey Goose Vodka,5536.0,0.0,2376.4,3159.6
TXN-10032,2024-02-01 21:00:00,Main Lounge,Grey Goose Vodka,3159.6,0.0,1824.2,1335.4
TXN-10033,2024-02-02 19:00:00,Main Lounge,Grey Goose Vodka,1335.4,12000.0,3335.5,9999.9
TXN-10034,2024-02-03 22:15:00,Main Lounge,Grey Goose Vodka,9999.9,0.0,3237.8,6762.1
TXN-10035,2024-02-04 23:30:00,Main Lounge,Grey Goose Vodka,6762.1,0.0,885.5,5876.6
TXN-10036,2024-02-05 21:00:00,Main Lounge,Grey Goose Vodka,5876.6,0.0,1455.9,4420.7
TXN-10037,2024-02-06 23:00:00,Main Lounge,Grey Goose Vodka,4420.7,0.0,1240.6,3180.1
TXN-10038,2024-02-07 18:30:00,Main Lounge,Grey Goose Vodka,3180.1,0.0,1410.9,1769.2
TXN-10039,2024-02-08 18:30:00,Main Lounge,Grey Goose Vodka,1769.2,6000.0,1562.3,6206.9
TXN-10040,2024-02-09 20:15:00,Main Lounge,Grey Goose Vodka,6206.9,0.0,3325.3,2881.6
TXN-10041,2024-02-10 23:00:00,Main Lounge,Grey Goose Vodka,2881.6,0.0,2881.6,0.0
TXN-10042,2024-02-11 23:30:00,Main Lounge,Grey Goose Vodka,0.0,12000.0,896.4,11103.6
TXN-10043,2024-02-12 18:30:00,Main Lounge,Grey Goose Vodka,11103.6,0.0,687.0,10416.6
TXN-10044,2024-02-13 19:45:00,Main Lounge,Grey Goose Vodka,10416.6,0.0,1547.9,8868.7
TXN-10045,2024-02-14 21:15:00,Main Lounge,Grey Goose Vodka,8868.7,0.0,1472.5,7396.2
TXN-10046,2024-02-15 21:30:00,Main Lounge,Grey Goose Vodka,7396.2,0.0,1697.2,5699.0
TXN-10047,2024-02-16 22:45:00,Main Lounge,Grey Goose Vodka,5699.0,0.0,3079.2,2619.8
TXN-10048,2024-02-17 23:30:00,Main Lounge,Grey Goose Vodka,2619.8,0.0,2619.8,0.0
TXN-10049,2024-02-18 23:45:00,Main Lounge,Grey Goose Vodka,0.0,6000.0,1793.2,4206.8
TXN-10050,2024-02-19 21:45:00,Main Lounge,Grey Goose Vodka,4206.8,0.0,1807.3,2399.5
TXN-10051,2024-02-20 21:00:00,Main Lounge,Grey Goose Vodka,2399.5,0.0,854.4,1545.1
TXN-10052,2024-02-21 19:45:00,Main Lounge,Grey Goose Vodka,1545.1,6000.0,1591.2,5953.9
TXN-10053,2024-02-22 23:15:00,Main Lounge,Grey Goose Vodka,5953.9,0.0,1383.3,4570.6
TXN-10054,2024-02-23 21:45:00,Main Lounge,Grey Goose Vodka,4570.6,0.0,3029.1,1541.5
TXN-10055,2024-02-24 23:45:00,Main Lounge,Grey Goose Vodka,1541.5,6000.0,3535.5,4006.0
TXN-10056,2024-02-25 20:30:00,Main Lounge,Grey Goose Vodka,4006.0,0.0,2154.7,1851.3
TXN-10057,2024-02-26 23:45:00,Main Lounge,Grey Goose Vodka,1851.3,18000.0,997.2,18854.1
TXN-10058,2024-02-27 21:30:00,Main Lounge,Grey Goose Vodka,18854.1,0.0,959.2,17894.9
TXN-10059,2024-02-28 18:30:00,Main Lounge,Grey Goose Vodka,17894.9,0.0,1948.6,15946.3
TXN-10060,2024-02-29 19:45:00,Main Lounge,Grey Goose Vodka,15946.3,0.0,2373.8,13572.5
TXN-10061,2024-03-01 22:00:00,Main Lounge,Grey Goose Vodka,13572.5,0.0,3366.9,10205.6
TXN-10062,2024-03-02 21:00:00,Main Lounge,Grey Goose Vodka,10205.6,0.0,2551.8,7653.8
TXN-10063,2024-03-03 20:00:00,Main Lounge,Grey Goose Vodka,7653.8,0.0,954.8,6699.0
TXN-10064,2024-03-04 21:30:00,Main Lounge,Grey Goose Vodka,6699.0,0.0,1548.5,5150.5
TXN-10065,2024-03-05 23:15:00,Main Lounge,Grey Goose Vodka,5150.5,0.0,936.7,4213.8
TXN-10066,2024-03-06 23:45:00,Main Lounge,Grey Goose Vodka,4213.8,0.0,1208.8,3005.0
TXN-10067,2024-03-07 21:30:00,Main Lounge,Grey Goose Vodka,3005.0,0.0,2110.3,894.7
TXN-10068,2024-03-08 22:45:00,Main Lounge,Grey Goose Vodka,894.7,6000.0,3676.8,3217.9
TXN-10069,2024-03-09 22:15:00,Main Lounge,Grey Goose Vodka,3217.9,0.0,2944.7,273.2
TXN-10070,2024-03-10 21:00:00,Main Lounge,Grey Goose Vodka,273.2,6000.0,1779.5,4493.7
TXN-10071,2024-03-11 20:45:00,Main Lounge,Grey Goose Vodka,4493.7,0.0,1501.9,2991.8
TXN-10072,2024-03-12 22:00:00,Main Lounge,Grey Goose Vodka,2991.8,0.0,1715.4,1276.4
TXN-10073,2024-03-13 18:15:00,Main Lounge,Grey Goose Vodka,1276.4,18000.0,1282.7,17993.7
TXN-10074,2024-03-14 19:30:00,Main Lounge,Grey Goose Vodka,17993.7,0.0,1189.8,16803.9
TXN-10075,2024-03-15 23:30:00,Main Lounge,Grey Goose Vodka,16803.9,0.0,3029.8,13774.1
TXN-10076,2024-03-16 20:15:00,Main Lounge,Grey Goose Vodka,13774.1,0.0,3501.9,10272.2
TXN-10077,2024-03-17 20:15:00,Main Lounge,Grey Goose Vodka,10272.2,0.0,1722.8,8549.4
TXN-10078,2024-03-18 22:15:00,Main Lounge,Grey Goose Vodka,8549.4,0.0,1815.2,6734.2
TXN-10079,2024-03-19 22:45:00,Main Lounge,Grey Goose Vodka,6734.2,0.0,1794.3,4939.9
TXN-10080,2024-03-20 18:45:00,Main Lounge,Grey Goose Vodka,4939.9,0.0,1793.8,3146.1
TXN-10081,2024-03-21 23:45:00,Main Lounge,Grey Goose Vodka,3146.1,0.0,1819.8,1326.3
TXN-10082,2024-03-22 21:15:00,Main Lounge,Grey Goose Vodka,1326.3,18000.0,3948.7,15377.6
TXN-10083,2024-03-23 18:15:00,Main Lounge,Grey Goose Vodka,15377.6,0.0,3507.1,11870.5
TXN-10084,2024-03-24 22:15:00,Main Lounge,Grey Goose Vodka,11870.5,0.0,1170.6,10699.9
TXN-10085,2024-03-25 23:30:00,Main Lounge,Grey Goose Vodka,10699.9,0.0,1371.4,9328.5
TXN-10086,2024-03-26 21:00:00,Main Lounge,Grey Goose Vodka,9328.5,0.0,1596.5,7732.0
TXN-10087,2024-03-27 22:30:00,Main Lounge,Grey Goose Vodka,7732.0,0.0,2270.0,5462.0
TXN-10088,2024-03-28 22:45:00,Main Lounge,Grey Goose Vodka,5462.0,0.0,1618.5,3843.5
TXN-10089,2024-03-29 21:45:00,Main Lounge,Grey Goose Vodka,3843.5,0.0,3843.5,0.0
TXN-10090,2024-03-30 19:15:00,Main Lounge,Grey Goose Vodka,0.0,6000.0,4270.8,1729.2
TXN-10091,2024-03-31 19:00:00,Main Lounge,Grey Goose Vodka,1729.2,18000.0,1511.2,18218.0
TXN-10092,2024-04-01 23:30:00,Main Lounge,Grey Goose Vodka,18218.0,0.0,1338.8,16879.2
TXN-10093,2024-04-02 19:00:00,Main Lounge,Grey Goose Vodka,16879.2,0.0,2370.5,14508.7
TXN-10094,2024-04-03 23:15:00,Main Lounge,Grey Goose Vodka,14508.7,0.0,1251.8,13256.9
TXN-10095,2024-04-04 22:30:00,Main Lounge,Grey Goose Vodka,13256.9,0.0,1990.1,11266.8
TXN-10096,2024-04-05 22:15:00,Main Lounge,Grey Goose Vodka,11266.8,0.0,4008.2,7258.6
TXN-10097,2024-04-06 22:15:00,Main Lounge,Grey Goose Vodka,7258.6,0.0,2893.5,4365.1
TXN-10098,2024-04-07 18:15:00,Main Lounge,Grey Goose Vodka,4365.1,0.0,1664.2,2700.9
TXN-10099,2024-04-08 19:15:00,Main Lounge,Grey Goose Vodka,2700.9,0.0,1761.9,939.0
TXN-10100,2024-04-09 18:15:00,Main Lounge,Grey Goose Vodka,939.0,6000.0,1912.5,5026.5
TXN-10101,2024-04-10 22:45:00,Main Lounge,Grey Goose Vodka,5026.5,0.0,652.3,4374.2
TXN-10102,2024-04-11 19:15:00,Main Lounge,Grey Goose Vodka,4374.2,0.0,968.4,3405.8
TXN-10103,2024-04-12 22:45:00,Main Lounge,Grey Goose Vodka,3405.8,0.0,3405.8,0.0
TXN-10104,2024-04-13 21:45:00,Main Lounge,Grey Goose Vodka,0.0,18000.0,3776.0,14224.0
TXN-10105,2024-04-14 20:45:00,Main Lounge,Grey Goose Vodka,14224.0,0.0,2093.5,12130.5
TXN-10106,2024-04-15 22:30:00,Main Lounge,Grey Goose Vodka,12130.5,0.0,1801.8,10328.7
TXN-10107,2024-04-16 19:30:00,Main Lounge,Grey Goose Vodka,10328.7,0.0,1763.1,8565.6
TXN-10108,2024-04-17 22:45:00,Main Lounge,Grey Goose Vodka,8565.6,0.0,2077.0,6488.6
TXN-10109,2024-04-18 22:15:00,Main Lounge,Grey Goose Vodka,6488.6,0.0,1687.9,4800.7
TXN-10110,2024-04-19 23:15:00,Main Lounge,Grey Goose Vodka,4800.7,0.0,3148.7,1652.0
TXN-10111,2024-04-20 22:30:00,Main Lounge,Grey Goose Vodka,1652.0,12000.0,3419.1,10232.9
TXN-10112,2024-04-21 21:00:00,Main Lounge,Grey Goose Vodka,10232.9,0.0,779.0,9453.9
TXN-10113,2024-04-22 18:45:00,Main Lounge,Grey Goose Vodka,9453.9,0.0,1273.5,8180.4
TXN-10114,2024-04-23 18:30:00,Main Lounge,Grey Goose Vodka,8180.4,0.0,1958.9,6221.5
TXN-10115,2024-04-24 23:45:00,Main Lounge,Grey Goose Vodka,6221.5,0.0,746.6,5474.9
TXN-10116,2024-04-25 18:30:00,Main Lounge,Grey Goose Vodka,5474.9,0.0,1004.6,4470.3
TXN-10117,2024-04-26 18:00:00,Main Lounge,Grey Goose Vodka,4470.3,0.0,3807.6,662.7
TXN-10118,2024-04-27 18:15:00,Main Lounge,Grey Goose Vodka,662.7,12000.0,3802.1,8860.6
TXN-10119,2024-04-28 22:00:00,Main Lounge,Grey Goose Vodka,8860.6,0.0,1291.7,7568.9
TXN-10120,2024-04-29 18:30:00,Main Lounge,Grey Goose Vodka,7568.9,0.0,1424.3,6144.6
TXN-10121,2024-04-30 19:30:00,Main Lounge,Grey Goose Vodka,6144.6,0.0,1607.1,4537.5
TXN-10122,2024-05-01 22:30:00,Main Lounge,Grey Goose Vodka,4537.5,0.0,1681.8,2855.7
TXN-10123,2024-05-02 22:30:00,Main Lounge,Grey Goose Vodka,2855.7,0.0,2071.2,784.5
TXN-10124,2024-05-03 22:15:00,Main Lounge,Grey Goose Vodka,784.5,6000.0,4407.2,2377.3
TXN-10125,2024-05-04 18:15:00,Main Lounge,Grey Goose Vodka,2377.3,0.0,2377.3,0.0
TXN-10126,2024-05-05 22:15:00,Main Lounge,Grey Goose Vodka,0.0,12000.0,1744.1,10255.9
TXN-10127,2024-05-06 19:30:00,Main Lounge,Grey Goose Vodka,10255.9,0.0,1671.5,8584.4
TXN-10128,2024-05-07 22:00:00,Main Lounge,Grey Goose Vodka,8584.4,0.0,1329.3,7255.1
TXN-10129,2024-05-08 18:00:00,Main Lounge,Grey Goose Vodka,7255.1,0.0,901.1,6354.0
TXN-10130,2024-05-09 23:45:00,Main Lounge,Grey Goose Vodka,6354.0,0.0,919.6,5434.4
TXN-10131,2024-05-10 23:30:00,Main Lounge,Grey Goose Vodka,5434.4,0.0,2505.1,2929.3
TXN-10132,2024-05-11 19:45:00,Main Lounge,Grey Goose Vodka,2929.3,0.0,2929.3,0.0
TXN-10133,2024-05-12 18:30:00,Main Lounge,Grey Goose Vodka,0.0,6000.0,2283.5,3716.5
TXN-10134,2024-05-13 23:00:00,Main Lounge,Grey Goose Vodka,3716.5,0.0,1774.6,1941.9
TXN-10135,2024-05-14 23:15:00,Main Lounge,Grey Goose Vodka,1941.9,6000.0,902.2,7039.7
TXN-10136,2024-05-15 22:00:00,Main Lounge,Grey Goose Vodka,7039.7,0.0,1175.9,5863.8
TXN-10137,2024-05-16 21:00:00,Main Lounge,Grey Goose Vodka,5863.8,0.0,1438.3,4425.5
TXN-10138,2024-05-17 20:45:00,Main Lounge,Grey Goose Vodka,4425.5,0.0,3384.8,1040.7
TXN-10139,2024-05-18 23:30:00,Main Lounge,Grey Goose Vodka,1040.7,6000.0,3112.7,3928.0
TXN-10140,2024-05-19 18:30:00,Main Lounge,Grey Goose Vodka,3928.0,0.0,1120.0,2808.0
TXN-10141,2024-05-20 19:45:00,Main Lounge,Grey Goose Vodka,2808.0,0.0,1509.5,1298.5
TXN-10142,2024-05-21 21:15:00,Main Lounge,Grey Goose Vodka,1298.5,12000.0,2004.2,11294.3
TXN-10143,2024-05-22 20:15:00,Main Lounge,Grey Goose Vodka,11294.3,0.0,1196.8,10097.5
TXN-10144,2024-05-23 18:00:00,Main Lounge,Grey Goose Vodka,10097.5,0.0,951.3,9146.2
TXN-10145,2024-05-24 22:15:00,Main Lounge,Grey Goose Vodka,9146.2,0.0,4218.1,4928.1
TXN-10146,2024-05-25 23:15:00,Main Lounge,Grey Goose Vodka,4928.1,0.0,2752.9,2175.2
TXN-10147,2024-05-26 19:45:00,Main Lounge,Grey Goose Vodka,2175.2,0.0,2175.2,0.0
TXN-10148,2024-05-27 22:00:00,Main Lounge,Grey Goose Vodka,0.0,12000.0,772.7,11227.3
TXN-10149,2024-05-28 18:30:00,Main Lounge,Grey Goose Vodka,11227.3,0.0,1526.5,9700.8
TXN-10150,2024-05-29 18:15:00,Main Lounge,Grey Goose Vodka,9700.8,0.0,1431.6,8269.2
TXN-10151,2024-05-30 18:30:00,Main Lounge,Grey Goose Vodka,8269.2,0.0,1677.7,6591.5
TXN-10152,2024-05-31 22:45:00,Main Lounge,Grey Goose Vodka,6591.5,0.0,3992.8,2598.7
TXN-10153,2024-06-01 22:15:00,Main Lounge,Grey Goose Vodka,2598.7,0.0,2598.7,0.0
TXN-10154,2024-06-02 22:00:00,Main Lounge,Grey Goose Vodka,0.0,18000.0,1339.6,16660.4
TXN-10155,2024-06-03 20:00:00,Main Lounge,Grey Goose Vodka,16660.4,0.0,1417.6,15242.8
TXN-10156,2024-06-04 23:00:00,Main Lounge,Grey Goose Vodka,15242.8,0.0,832.4,14410.4
TXN-10157,2024-06-05 19:15:00,Main Lounge,Grey Goose Vodka,14410.4,0.0,2042.5,12367.9
TXN-10158,2024-06-06 23:30:00,Main Lounge,Grey Goose Vodka,12367.9,0.0,2261.3,10106.6
TXN-10159,2024-06-07 22:15:00,Main Lounge,Grey Goose Vodka,10106.6,0.0,3968.6,6138.0
TXN-10160,2024-06-08 18:00:00,Main Lounge,Grey Goose Vodka,6138.0,0.0,3462.7,2675.3
TXN-10161,2024-06-09 20:30:00,Main Lounge,Grey Goose Vodka,2675.3,0.0,1853.6,821.7
TXN-10162,2024-06-10 19:15:00,Main Lounge,Grey Goose Vodka,821.7,12000.0,2182.7,10639.0
TXN-10163,2024-06-11 20:30:00,Main Lounge,Grey Goose Vodka,10639.0,0.0,2292.8,8346.2
TXN-10164,2024-06-12 18:15:00,Main Lounge,Grey Goose Vodka,8346.2,0.0,2139.7,6206.5
TXN-10165,2024-06-13 19:30:00,Main Lounge,Grey Goose Vodka,6206.5,0.0,1954.1,4252.4
TXN-10166,2024-06-14 22:45:00,Main Lounge,Grey Goose Vodka,4252.4,0.0,3384.9,867.5
TXN-10167,2024-06-15 22:15:00,Main Lounge,Grey Goose Vodka,867.5,6000.0,3983.5,2884.0
TXN-10168,2024-06-16 19:00:00,Main Lounge,Grey Goose Vodka,2884.0,0.0,1494.5,1389.5
TXN-10169,2024-06-17 18:30:00,Main Lounge,Grey Goose Vodka,1389.5,18000.0,1730.9,17658.6
TXN-10170,2024-06-18 20:15:00,Main Lounge,Grey Goose Vodka,17658.6,0.0,935.9,16722.7
TXN-10171,2024-06-19 18:30:00,Main Lounge,Grey Goose Vodka,16722.7,0.0,1146.8,15575.9
TXN-10172,2024-06-20 20:00:00,Main Lounge,Grey Goose Vodka,15575.9,0.0,1815.3,13760.6
TXN-10173,2024-06-21 22:00:00,Main Lounge,Grey Goose Vodka,13760.6,0.0,3466.6,10294.0
TXN-10174,2024-06-22 19:00:00,Main Lounge,Grey Goose Vodka,10294.0,0.0,3592.6,6701.4
TXN-10175,2024-06-23 21:15:00,Main Lounge,Grey Goose Vodka,6701.4,0.0,1583.1,5118.3
TXN-10176,2024-06-24 18:15:00,Main Lounge,Grey Goose Vodka,5118.3,0.0,1337.7,3780.6
TXN-10177,2024-06-25 18:15:00,Main Lounge,Grey Goose Vodka,3780.6,0.0,1005.6,2775.0
TXN-10178,2024-06-26 23:30:00,Main Lounge,Grey Goose Vodka,2775.0,0.0,1032.1,1742.9
TXN-10179,2024-06-27 21:30:00,Main Lounge,Grey Goose Vodka,1742.9,6000.0,1947.4,5795.5
TXN-10180,2024-06-28 23:15:00,Main Lounge,Grey Goose Vodka,5795.5,0.0,3149.7,2645.8
TXN-10181,2024-01-01 19:15:00,Main Lounge,Jack Daniel's Bourbon,6000.0,0.0,1304.9,4695.1
TXN-10182,2024-01-02 20:30:00,Main Lounge,Jack Daniel's Bourbon,4695.1,0.0,1816.3,2878.8
TXN-10183,2024-01-03 21:00:00,Main Lounge,Jack Daniel's Bourbon,2878.8,0.0,1550.5,1328.3
TXN-10184,2024-01-04 20:30:00,Main Lounge,Jack Daniel's Bourbon,1328.3,12000.0,1406.5,11921.8
TXN-10185,2024-01-05 19:30:00,Main Lounge,Jack Daniel's Bourbon,11921.8,0.0,2175.0,9746.8
TXN-10186,2024-01-06 23:15:00,Main Lounge,Jack Daniel's Bourbon,9746.8,0.0,2140.7,7606.1
TXN-10187,2024-01-07 18:45:00,Main Lounge,Jack Daniel's Bourbon,7606.1,0.0,667.0,6939.1
TXN-10188,2024-01-08 18:00:00,Main Lounge,Jack Daniel's Bourbon,6939.1,0.0,1310.2,5628.9
TXN-10189,2024-01-09 18:45:00,Main Lounge,Jack Daniel's Bourbon,5628.9,0.0,2171.7,3457.2
TXN-10190,2024-01-10 18:00:00,Main Lounge,Jack Daniel's Bourbon,3457.2,0.0,1007.9,2449.3
TXN-10191,2024-01-11 20:00:00,Main Lounge,Jack Daniel's Bourbon,2449.3,0.0,1743.0,706.3
TXN-10192,2024-01-12 18:00:00,Main Lounge,Jack Daniel's Bourbon,706.3,12000.0,1993.3,10713.0
TXN-10193,2024-01-13 23:15:00,Main Lounge,Jack Daniel's Bourbon,10713.0,0.0,2233.2,8479.8
TXN-10194,2024-01-14 18:30:00,Main Lounge,Jack Daniel's Bourbon,8479.8,0.0,1057.7,7422.1
TXN-10195,2024-01-15 23:15:00,Main Lounge,Jack Daniel's Bourbon,7422.1,0.0,1298.3,6123.8
TXN-10196,2024-01-16 23:30:00,Main Lounge,Jack Daniel's Bourbon,6123.8,0.0,1565.5,4558.3
TXN-10197,2024-01-17 19:30:00,Main Lounge,Jack Daniel's Bourbon,4558.3,0.0,1441.1,3117.2
TXN-10198,2024-01-18 22:15:00,Main Lounge,Jack Daniel's Bourbon,3117.2,0.0,1537.8,1579.4
TXN-10199,2024-01-19 23:45:00,Main Lounge,Jack Daniel's Bourbon,1579.4,18000.0,2703.2,16876.2
TXN-10200,2024-01-20 23:30:00,Main Lounge,Jack Daniel's Bourbon,16876.2,0.0,2173.4,14702.8
TXN-10201,2024-01-21 23:15:00,Main Lounge,Jack Daniel's Bourbon,14702.8,0.0,1162.9,13539.9
TXN-10202,2024-01-22 22:30:00,Main Lounge,Jack Daniel's Bourbon,13539.9,0.0,1408.6,12131.3
TXN-10203,2024-01-23 21:00:00,Main Lounge,Jack Daniel's Bourbon,12131.3,0.0,725.3,11406.0
TXN-10204,2024-01-24 18:00:00,Main Lounge,Jack Daniel's Bourbon,11406.0,0.0,1318.6,10087.4
TXN-10205,2024-01-25 20:15:00,Main Lounge,Jack Daniel's Bourbon,10087.4,0.0,1208.9,8878.5
TXN-10206,2024-01-26 22:15:00,Main Lounge,Jack Daniel's Bourbon,8878.5,0.0,2097.3,6781.2
TXN-10207,2024-01-27 20:00:00,Main Lounge,Jack Daniel's Bourbon,6781.2,0.0,2266.3,4514.9
TXN-10208,2024-01-28 20:30:00,Main Lounge,Jack Daniel's Bourbon,4514.9,0.0,1782.8,2732.1
TXN-10209,2024-01-29 22:45:00,Main Lounge,Jack Daniel's Bourbon,2732.1,0.0,1301.8,1430.3
TXN-10210,2024-01-30 23:45:00,Main Lounge,Jack Daniel's Bourbon,1430.3,18000.0,1363.5,18066.8
TXN-10211,2024-01-31 20:15:00,Main Lounge,Jack Daniel's Bourbon,18066.8,0.0,1119.1,16947.7
TXN-10212,2024-02-01 21:00:00,Main Lounge,Jack Daniel's Bourbon,16947.7,0.0,1118.9,15828.8
TXN-10213,2024-02-02 23:45:00,Main Lounge,Jack Daniel's Bourbon,15828.8,0.0,2371.6,13457.2
TXN-10214,2024-02-03 23:00:00,Main Lounge,Jack Daniel's Bourbon,13457.2,0.0,2814.9,10642.3
TXN-10215,2024-02-04 18:30:00,Main Lounge,Jack Daniel's Bourbon,10642.3,0.0,1241.7,9400.6
TXN-10216,2024-02-05 23:00:00,Main Lounge,Jack Daniel's Bourbon,9400.6,0.0,1845.2,7555.4
TXN-10217,2024-02-06 23:30:00,Main Lounge,Jack Daniel's Bourbon,7555.4,0.0,1320.8,6234.6
TXN-10218,2024-02-07 19:45:00,Main Lounge,Jack Daniel's Bourbon,6234.6,0.0,1515.6,4719.0
TXN-10219,2024-02-08 22:15:00,Main Lounge,Jack Daniel's Bourbon,4719.0,0.0,1855.9,2863.1
TXN-10220,2024-02-09 22:00:00,Main Lounge,Jack Daniel's Bourbon,2863.1,0.0,2458.2,404.9
TXN-10221,2024-02-10 22:30:00,Main Lounge,Jack Daniel's Bourbon,404.9,12000.0,2289.1,10115.8
TXN-10222,2024-02-11 23:15:00,Main Lounge,Jack Daniel's Bourbon,10115.8,0.0,1376.2,8739.6
TXN-10223,2024-02-12 21:45:00,Main Lounge,Jack Daniel's Bourbon,8739.6,0.0,417.9,8321.7
TXN-10224,2024-02-13 22:00:00,Main Lounge,Jack Daniel's Bourbon,8321.7,0.0,1481.0,6840.7
TXN-10225,2024-02-14 20:30:00,Main Lounge,Jack Daniel's Bourbon,6840.7,0.0,1510.5,5330.2
TXN-10226,2024-02-15 19:30:00,Main Lounge,Jack Daniel's Bourbon,5330.2,0.0,899.3,4430.9
TXN-10227,2024-02-16 23:15:00,Main Lounge,Jack Daniel's Bourbon,4430.9,0.0,2900.2,1530.7
TXN-10228,2024-02-17 23:30:00,Main Lounge,Jack Daniel's Bourbon,1530.7,18000.0,2600.4,16930.3
TXN-10229,2024-02-18 18:00:00,Main Lounge,Jack Daniel's Bourbon,16930.3,0.0,1336.9,15593.4
TXN-10230,2024-02-19 21:30:00,Main Lounge,Jack Daniel's Bourbon,15593.4,0.0,825.3,14768.1
TXN-10231,2024-02-20 22:45:00,Main Lounge,Jack Daniel's Bourbon,14768.1,0.0,1274.8,13493.3
TXN-10232,2024-02-21 18:45:00,Main Lounge,Jack Daniel's Bourbon,13493.3,0.0,1499.2,11994.1
TXN-10233,2024-02-22 23:45:00,Main Lounge,Jack Daniel's Bourbon,11994.1,0.0,1005.7,10988.4
TXN-10234,2024-02-23 20:30:00,Main Lounge,Jack Daniel's Bourbon,10988.4,0.0,2403.2,8585.2
TXN-10235,2024-02-24 21:15:00,Main Lounge,Jack Daniel's Bourbon,8585.2,0.0,2350.1,6235.1
TXN-10236,2024-02-25 18:30:00,Main Lounge,Jack Daniel's Bourbon,6235.1,0.0,1063.8,5171.3
TXN-10237,2024-02-26 18:00:00,Main Lounge,Jack Daniel's Bourbon,5171.3,0.0,851.1,4320.2
TXN-10238,2024-02-27 21:00:00,Main Lounge,Jack Daniel's Bourbon,4320.2,0.0,969.5,3350.7
TXN-10239,2024-02-28 19:30:00,Main Lounge,Jack Daniel's Bourbon,3350.7,0.0,1545.2,1805.5
TXN-10240,2024-02-29 20:00:00,Main Lounge,Jack Daniel's Bourbon,1805.5,12000.0,390.3,13415.2
TXN-10241,2024-03-01 23:45:00,Main Lounge,Jack Daniel's Bourbon,13415.2,0.0,2308.6,11106.6
TXN-10242,2024-03-02 21:15:00,Main Lounge,Jack Daniel's Bourbon,11106.6,0.0,2500.1,8606.5
TXN-10243,2024-03-03 19:00:00,Main Lounge,Jack Daniel's Bourbon,8606.5,0.0,973.5,7633.0
TXN-10244,2024-03-04 18:45:00,Main Lounge,Jack Daniel's Bourbon,7633.0,0.0,1564.7,6068.3
TXN-10245,2024-03-05 22:45:00,Main Lounge,Jack Daniel's Bourbon,6068.3,0.0,2063.7,4004.6
TXN-10246,2024-03-06 18:45:00,Main Lounge,Jack Daniel's Bourbon,4004.6,0.0,641.9,3362.7
TXN-10247,2024-03-07 20:15:00,Main Lounge,Jack Daniel's Bourbon,3362.7,0.0,1240.1,2122.6
TXN-10248,2024-03-08 22:00:00,Main Lounge,Jack Daniel's Bourbon,2122.6,0.0,2122.6,0.0
TXN-10249,2024-03-09 23:30:00,Main Lounge,Jack Daniel's Bourbon,0.0,18000.0,2458.1,15541.9
TXN-10250,2024-03-10 19:15:00,Main Lounge,Jack Daniel's Bourbon,15541.9,0.0,1037.2,14504.7
TXN-10251,2024-03-11 21:00:00,Main Lounge,Jack Daniel's Bourbon,14504.7,0.0,478.5,14026.2
TXN-10252,2024-03-12 20:45:00,Main Lounge,Jack Daniel's Bourbon,14026.2,0.0,783.4,13242.8
TXN-10253,2024-03-13 18:30:00,Main Lounge,Jack Daniel's Bourbon,13242.8,0.0,1422.0,11820.8
TXN-10254,2024-03-14 19:30:00,Main Lounge,Jack Daniel's Bourbon,11820.8,0.0,1127.9,10692.9
TXN-10255,2024-03-15 20:30:00,Main Lounge,Jack Daniel's Bourbon,10692.9,0.0,2437.5,8255.4
TXN-10256,2024-03-16 23:00:00,Main Lounge,Jack Daniel's Bourbon,8255.4,0.0,2480.9,5774.5
TXN-10257,2024-03-17 19:30:00,Main Lounge,Jack Daniel's Bourbon,5774.5,0.0,1044.1,4730.4
TXN-10258,2024-03-18 23:45:00,Main Lounge,Jack Daniel's Bourbon,4730.4,0.0,1413.1,3317.3
TXN-10259,2024-03-19 22:15:00,Main Lounge,Jack Daniel's Bourbon,3317.3,0.0,1320.4,1996.9
TXN-10260,2024-03-20 19:30:00,Main Lounge,Jack Daniel's Bourbon,1996.9,6000.0,1327.0,6669.9
TXN-10261,2024-03-21 22:30:00,Main Lounge,Jack Daniel's Bourbon,6669.9,0.0,1731.2,4938.7
TXN-10262,2024-03-22 21:15:00,Main Lounge,Jack Daniel's Bourbon,4938.7,0.0,2750.3,2188.4
TXN-10263,2024-03-23 21:45:00,Main Lounge,Jack Daniel's Bourbon,2188.4,0.0,2018.1,170.3
TXN-10264,2024-03-24 23:00:00,Main Lounge,Jack Daniel's Bourbon,170.3,6000.0,937.9,5232.4
TXN-10265,2024-03-25 23:45:00,Main Lounge,Jack Daniel's Bourbon,5232.4,0.0,596.7,4635.7
TXN-10266,2024-03-26 19:15:00,Main Lounge,Jack Daniel's Bourbon,4635.7,0.0,1036.6,3599.1
TXN-10267,2024-03-27 18:15:00,Main Lounge,Jack Daniel's Bourbon,3599.1,0.0,1588.7,2010.4
TXN-10268,2024-03-28 23:00:00,Main Lounge,Jack Daniel's Bourbon,2010.4,0.0,1223.7,786.7
TXN-10269,2024-03-29 23:30:00,Main Lounge,Jack Daniel's Bourbon,786.7,18000.0,3254.5,15532.2
TXN-10270,2024-03-30 19:15:00,Main Lounge,Jack Daniel's Bourbon,15532.2,0.0,2714.7,12817.5
TXN-10271,2024-03-31 23:15:00,Main Lounge,Jack Daniel's Bourbon,12817.5,0.0,1343.2,11474.3
TXN-10272,2024-04-01 19:45:00,Main Lounge,Jack Daniel's Bourbon,11474.3,0.0,1461.7,10012.6
TXN-10273,2024-04-02 23:15:00,Main Lounge,Jack Daniel's Bourbon,10012.6,0.0,958.5,9054.1
TXN-10274,2024-04-03 22:15:00,Main Lounge,Jack Daniel's Bourbon,9054.1,0.0,1233.8,7820.3
TXN-10275,2024-04-04 20:45:00,Main Lounge,Jack Daniel's Bourbon,7820.3,0.0,1080.6,6739.7
TXN-10276,2024-04-05 22:00:00,Main Lounge,Jack Daniel's Bourbon,6739.7,0.0,2234.8,4504.9
TXN-10277,2024-04-06 22:45:00,Main Lounge,Jack Daniel's Bourbon,4504.9,0.0,3474.9,1030.0
TXN-10278,2024-04-07 19:45:00,Main Lounge,Jack Daniel's Bourbon,1030.0,12000.0,1156.5,11873.5
TXN-10279,2024-04-08 20:45:00,Main Lounge,Jack Daniel's Bourbon,11873.5,0.0,1288.6,10584.9
TXN-10280,2024-04-09 21:00:00,Main Lounge,Jack Daniel's Bourbon,10584.9,0.0,1154.0,9430.9
TXN-10281,2024-04-10 23:15:00,Main Lounge,Jack Daniel's Bourbon,9430.9,0.0,1507.3,7923.6
TXN-10282,2024-04-11 18:15:00,Main Lounge,Jack Daniel's Bourbon,7923.6,0.0,1781.4,6142.2
TXN-10283,2024-04-12 22:30:00,Main Lounge,Jack Daniel's Bourbon,6142.2,0.0,2260.5,3881.7
TXN-10284,2024-04-13 19:15:00,Main Lounge,Jack Daniel's Bourbon,3881.7,0.0,2514.4,1367.3
TXN-10285,2024-04-14 18:30:00,Main Lounge,Jack Daniel's Bourbon,1367.3,18000.0,1222.3,18145.0
TXN-10286,2024-04-15 19:00:00,Main Lounge,Jack Daniel's Bourbon,18145.0,0.0,1879.6,16265.4
TXN-10287,2024-04-16 18:15:00,Main Lounge,Jack Daniel's Bourbon,16265.4,0.0,1593.8,14671.6
TXN-10288,2024-04-17 18:30:00,Main Lounge,Jack Daniel's Bourbon,14671.6,0.0,1018.6,13653.0
TXN-10289,2024-04-18 22:15:00,Main Lounge,Jack Daniel's Bourbon,13653.0,0.0,1486.7,12166.3
TXN-10290,2024-04-19 18:15:00,Main Lounge,Jack Daniel's Bourbon,12166.3,0.0,2938.2,9228.1
TXN-10291,2024-04-20 22:15:00,Main Lounge,Jack Daniel's Bourbon,9228.1,0.0,1914.3,7313.8
TXN-10292,2024-04-21 19:45:00,Main Lounge,Jack Daniel's Bourbon,7313.8,0.0,1213.9,6099.9
TXN-10293,2024-04-22 22:30:00,Main Lounge,Jack Daniel's Bourbon,6099.9,0.0,1532.9,4567.0
TXN-10294,2024-04-23 19:30:00,Main Lounge,Jack Daniel's Bourbon,4567.0,0.0,1283.7,3283.3
TXN-10295,2024-04-24 20:15:00,Main Lounge,Jack Daniel's Bourbon,3283.3,0.0,1220.6,2062.7
TXN-10296,2024-04-25 18:15:00,Main Lounge,Jack Daniel's Bourbon,2062.7,0.0,1483.1,579.6
TXN-10297,2024-04-26 22:30:00,Main Lounge,Jack Daniel's Bourbon,579.6,6000.0,1958.5,4621.1
TXN-10298,2024-04-27 21:30:00,Main Lounge,Jack Daniel's Bourbon,4621.1,0.0,2652.4,1968.7
TXN-10299,2024-04-28 22:15:00,Main Lounge,Jack Daniel's Bourbon,1968.7,6000.0,1385.2,6583.5
TXN-10300,2024-04-29 22:15:00,Main Lounge,Jack Daniel's Bourbon,6583.5,0.0,532.6,6050.9
TXN-10301,2024-04-30 19:15:00,Main Lounge,Jack Daniel's Bourbon,6050.9,0.0,1155.6,4895.3
TXN-10302,2024-05-01 22:15:00,Main Lounge,Jack Daniel's Bourbon,4895.3,0.0,1597.5,3282.8
TXN-10303,2024-05-02 18:45:00,Main Lounge,Jack Daniel's Bourbon,3297.8,0.0,1046.7,2251.1
TXN-10304,2024-05-03 18:15:00,Main Lounge,Jack Daniel's Bourbon,2251.1,0.0,2251.1,0.0
TXN-10305,2024-05-04 18:30:00,Main Lounge,Jack Daniel's Bourbon,0.0,6000.0,2373.1,3626.9
TXN-10306,2024-05-05 23:15:00,Main Lounge,Jack Daniel's Bourbon,3626.9,0.0,993.1,2633.8
TXN-10307,2024-05-06 18:00:00,Main Lounge,Jack Daniel's Bourbon,2633.8,0.0,869.5,1764.3
TXN-10308,2024-05-07 18:00:00,Main Lounge,Jack Daniel's Bourbon,1764.3,12000.0,955.5,12808.8
TXN-10309,2024-05-08 22:00:00,Main Lounge,Jack Daniel's Bourbon,12808.8,0.0,845.3,11963.5
TXN-10310,2024-05-09 23:30:00,Main Lounge,Jack Daniel's Bourbon,11963.5,0.0,1483.5,10480.0
TXN-10311,2024-05-10 21:45:00,Main Lounge,Jack Daniel's Bourbon,10480.0,0.0,3310.7,7169.3
TXN-10312,2024-05-11 21:00:00,Main Lounge,Jack Daniel's Bourbon,7169.3,0.0,2228.3,4941.0
TXN-10313,2024-05-12 19:30:00,Main Lounge,Jack Daniel's Bourbon,4941.0,0.0,1659.8,3281.2
TXN-10314,2024-05-13 19:00:00,Main Lounge,Jack Daniel's Bourbon,3281.2,0.0,1825.1,1456.1
TXN-10315,2024-05-14 23:30:00,Main Lounge,Jack Daniel's Bourbon,1456.1,12000.0,1437.2,12018.9
TXN-10316,2024-05-15 18:30:00,Main Lounge,Jack Daniel's Bourbon,12018.9,0.0,1008.3,11010.6
TXN-10317,2024-05-16 20:15:00,Main Lounge,Jack Daniel's Bourbon,11010.6,0.0,1464.8,9545.8
TXN-10318,2024-05-17 18:45:00,Main Lounge,Jack Daniel's Bourbon,9545.8,0.0,3363.2,6182.6
TXN-10319,2024-05-18 22:30:00,Main Lounge,Jack Daniel's Bourbon,6182.6,0.0,2438.3,3744.3
TXN-10320,2024-05-19 21:15:00,Main Lounge,Jack Daniel's Bourbon,3744.3,0.0,1579.1,2165.2
TXN-10321,2024-05-20 20:45:00,Main Lounge,Jack Daniel's Bourbon,2165.2,0.0,1186.6,978.6
TXN-10322,2024-05-21 18:15:00,Main Lounge,Jack Daniel's Bourbon,978.6,6000.0,1644.7,5333.9
TXN-10323,2024-05-22 22:30:00,Main Lounge,Jack Daniel's Bourbon,5333.9,0.0,1339.1,3994.8
TXN-10324,2024-05-23 21:30:00,Main Lounge,Jack Daniel's Bourbon,3994.8,0.0,1356.7,2638.1
TXN-10325,2024-05-24 22:45:00,Main Lounge,Jack Daniel's Bourbon,2638.1,0.0,2486.6,151.5
TXN-10326,2024-05-25 19:45:00,Main Lounge,Jack Daniel's Bourbon,151.5,6000.0,2240.3,3911.2
TXN-10327,2024-05-26 20:45:00,Main Lounge,Jack Daniel's Bourbon,3911.2,0.0,1250.8,2660.4
TXN-10328,2024-05-27 20:00:00,Main Lounge,Jack Daniel's Bourbon,2660.4,0.0,1610.1,1050.3
TXN-10329,2024-05-28 21:00:00,Main Lounge,Jack Daniel's Bourbon,1050.3,18000.0,1447.5,17602.8
TXN-10330,2024-05-29 18:00:00,Main Lounge,Jack Daniel's Bourbon,17602.8,0.0,1104.2,16498.6
TXN-10331,2024-05-30 20:15:00,Main Lounge,Jack Daniel's Bourbon,16498.6,0.0,1417.9,15080.7
TXN-10332,2024-05-31 22:30:00,Main Lounge,Jack Daniel's Bourbon,15080.7,0.0,2782.1,12298.6
TXN-10333,2024-06-01 19:15:00,Main Lounge,Jack Daniel's Bourbon,12298.6,0.0,2454.8,9843.8
TXN-10334,2024-06-02 22:15:00,Main Lounge,Jack Daniel's Bourbon,9843.8,0.0,1437.4,8406.4
TXN-10335,2024-06-03 19:45:00,Main Lounge,Jack Daniel's Bourbon,8406.4,0.0,1805.5,6600.9
TXN-10336,2024-06-04 20:00:00,Main Lounge,Jack Daniel's Bourbon,6600.9,0.0,1359.9,5241.0
TXN-10337,2024-06-05 22:30:00,Main Lounge,Jack Daniel's Bourbon,5241.0,0.0,874.2,4366.8
TXN-10338,2024-06-06 20:15:00,Main Lounge,Jack Daniel's Bourbon,4366.8,0.0,1291.2,3075.6
TXN-10339,2024-06-07 21:45:00,Main Lounge,Jack Daniel's Bourbon,3075.6,0.0,2453.1,622.5
TXN-10340,2024-06-08 22:15:00,Main Lounge,Jack Daniel's Bourbon,622.5,18000.0,2349.9,16272.6
TXN-10341,2024-06-09 20:45:00,Main Lounge,Jack Daniel's Bourbon,16272.6,0.0,1298.9,14973.7
TXN-10342,2024-06-10 23:00:00,Main Lounge,Jack Daniel's Bourbon,14973.7,0.0,1383.7,13590.0
TXN-10343,2024-06-11 20:15:00,Main Lounge,Jack Daniel's Bourbon,13590.0,0.0,576.2,13013.8
TXN-10344,2024-06-12 22:45:00,Main Lounge,Jack Daniel's Bourbon,13013.8,0.0,1586.3,11427.5
TXN-10345,2024-06-13 22:30:00,Main Lounge,Jack Daniel's Bourbon,11427.5,0.0,1031.6,10395.9
TXN-10346,2024-06-14 20:30:00,Main Lounge,Jack Daniel's Bourbon,10395.9,0.0,2607.3,7788.6
TXN-10347,2024-06-15 22:45:00,Main Lounge,Jack Daniel's Bourbon,7788.6,0.0,2267.9,5520.7
TXN-10348,2024-06-16 22:00:00,Main Lounge,Jack Daniel's Bourbon,5520.7,0.0,1919.7,3601.0
TXN-10349,2024-06-17 21:45:00,Main Lounge,Jack Daniel's Bourbon,3601.0,0.0,1395.2,2205.8
TXN-10350,2024-06-18 23:45:00,Main Lounge,Jack Daniel's Bourbon,2205.8,0.0,1052.3,1153.5
TXN-10351,2024-06-19 21:00:00,Main Lounge,Jack Daniel's Bourbon,1153.5,6000.0,769.0,6384.5
TXN-10352,2024-06-20 22:30:00,Main Lounge,Jack Daniel's Bourbon,6384.5,0.0,1552.6,4831.9
TXN-10353,2024-06-21 23:30:00,Main Lounge,Jack Daniel's Bourbon,4831.9,0.0,1797.8,3034.1
TXN-10354,2024-06-22 20:45:00,Main Lounge,Jack Daniel's Bourbon,3034.1,0.0,2263.7,770.4
TXN-10355,2024-06-23 20:45:00,Main Lounge,Jack Daniel's Bourbon,770.4,12000.0,1381.6,11388.8
TXN-10356,2024-06-24 18:00:00,Main Lounge,Jack Daniel's Bourbon,11388.8,0.0,1486.1,9902.7
TXN-10357,2024-06-25 22:45:00,Main Lounge,Jack Daniel's Bourbon,9902.7,0.0,1827.1,8075.6
TXN-10358,2024-06-26 21:15:00,Main Lounge,Jack Daniel's Bourbon,8075.6,0.0,331.8,7743.8
TXN-10359,2024-06-27 23:30:00,Main Lounge,Jack Daniel's Bourbon,7743.8,0.0,1689.7,6054.1
TXN-10360,2024-06-28 21:45:00,Main Lounge,Jack Daniel's Bourbon,6054.1,0.0,2648.9,3405.2
TXN-10361,2024-01-01 23:15:00,Main Lounge,Hendrick's Gin,6000.0,0.0,556.8,5443.2
TXN-10362,2024-01-02 19:45:00,Main Lounge,Hendrick's Gin,5443.2,0.0,1142.8,4300.4
TXN-10363,2024-01-03 22:15:00,Main Lounge,Hendrick's Gin,4300.4,0.0,1136.3,3164.1
TXN-10364,2024-01-04 19:15:00,Main Lounge,Hendrick's Gin,3164.1,0.0,1026.7,2137.4
TXN-10365,2024-01-05 18:45:00,Main Lounge,Hendrick's Gin,2137.4,0.0,2137.4,0.0
TXN-10366,2024-01-06 18:00:00,Main Lounge,Hendrick's Gin,0.0,13500.0,2425.2,11074.8
TXN-10367,2024-01-07 23:15:00,Main Lounge,Hendrick's Gin,11074.8,0.0,1092.9,9981.9
TXN-10368,2024-01-08 18:15:00,Main Lounge,Hendrick's Gin,9981.9,0.0,743.7,9238.2
TXN-10369,2024-01-09 23:00:00,Main Lounge,Hendrick's Gin,9238.2,0.0,1060.3,8177.9
TXN-10370,2024-01-10 19:15:00,Main Lounge,Hendrick's Gin,8177.9,0.0,786.3,7391.6
TXN-10371,2024-01-11 19:30:00,Main Lounge,Hendrick's Gin,7391.6,0.0,1245.4,6146.2
TXN-10372,2024-01-12 20:00:00,Main Lounge,Hendrick's Gin,6146.2,0.0,1865.9,4280.3
TXN-10373,2024-01-13 19:45:00,Main Lounge,Hendrick's Gin,4280.3,0.0,2772.9,1507.4
TXN-10374,2024-01-14 23:30:00,Main Lounge,Hendrick's Gin,1507.4,0.0,1156.3,351.1
TXN-10375,2024-01-15 20:30:00,Main Lounge,Hendrick's Gin,351.1,9000.0,1077.2,8273.9
TXN-10376,2024-01-16 19:15:00,Main Lounge,Hendrick's Gin,8273.9,0.0,1348.8,6925.1
TXN-10377,2024-01-17 19:30:00,Main Lounge,Hendrick's Gin,6925.1,0.0,828.3,6096.8
TXN-10378,2024-01-18 21:00:00,Main Lounge,Hendrick's Gin,6096.8,0.0,882.7,5214.1
TXN-10379,2024-01-19 20:45:00,Main Lounge,Hendrick's Gin,5214.1,0.0,2353.9,2860.2
TXN-10380,2024-01-20 19:30:00,Main Lounge,Hendrick's Gin,2860.2,0.0,1997.5,862.7
TXN-10381,2024-01-21 22:00:00,Main Lounge,Hendrick's Gin,862.7,9000.0,1052.4,8810.3
TXN-10382,2024-01-22 18:30:00,Main Lounge,Hendrick's Gin,8810.3,0.0,1079.0,7731.3
TXN-10383,2024-01-23 22:45:00,Main Lounge,Hendrick's Gin,7731.3,0.0,1394.6,6336.7
TXN-10384,2024-01-24 21:45:00,Main Lounge,Hendrick's Gin,6336.7,0.0,1004.0,5332.7
TXN-10385,2024-01-25 21:15:00,Main Lounge,Hendrick's Gin,5332.7,0.0,532.4,4800.3
TXN-10386,2024-01-26 21:15:00,Main Lounge,Hendrick's Gin,4800.3,0.0,2834.6,1965.7
TXN-10387,2024-01-27 19:45:00,Main Lounge,Hendrick's Gin,1965.7,0.0,1895.3,70.4
TXN-10388,2024-01-28 20:15:00,Main Lounge,Hendrick's Gin,70.4,4500.0,597.0,3973.4
TXN-10389,2024-01-29 21:15:00,Main Lounge,Hendrick's Gin,3973.4,0.0,1200.6,2772.8
TXN-10390,2024-01-30 22:00:00,Main Lounge,Hendrick's Gin,2772.8,0.0,1124.7,1648.1
TXN-10391,2024-01-31 22:30:00,Main Lounge,Hendrick's Gin,1648.1,0.0,1005.1,643.0
TXN-10392,2024-02-01 18:45:00,Main Lounge,Hendrick's Gin,643.0,9000.0,800.8,8842.2
TXN-10393,2024-02-02 18:45:00,Main Lounge,Hendrick's Gin,8842.2,0.0,1808.4,7033.8
TXN-10394,2024-02-03 22:00:00,Main Lounge,Hendrick's Gin,7033.8,0.0,2287.7,4746.1
TXN-10395,2024-02-04 22:30:00,Main Lounge,Hendrick's Gin,4746.1,0.0,1400.0,3346.1
TXN-10396,2024-02-05 20:15:00,Main Lounge,Hendrick's Gin,3346.1,0.0,809.9,2536.2
TXN-10397,2024-02-06 18:00:00,Main Lounge,Hendrick's Gin,2536.2,0.0,359.1,2177.1
TXN-10398,2024-02-07 20:45:00,Main Lounge,Hendrick's Gin,2177.1,0.0,1122.6,1054.5
TXN-10399,2024-02-08 22:45:00,Main Lounge,Hendrick's Gin,1054.5,4500.0,767.5,4787.0
TXN-10400,2024-02-09 18:45:00,Main Lounge,Hendrick's Gin,4787.0,0.0,2353.2,2433.8
TXN-10401,2024-02-10 21:30:00,Main Lounge,Hendrick's Gin,2433.8,0.0,2301.9,131.9
TXN-10402,2024-02-11 23:15:00,Main Lounge,Hendrick's Gin,131.9,4500.0,1462.1,3169.8
TXN-10403,2024-02-12 18:30:00,Main Lounge,Hendrick's Gin,3169.8,0.0,935.5,2234.3
TXN-10404,2024-02-13 22:00:00,Main Lounge,Hendrick's Gin,2234.3,0.0,893.4,1340.9
TXN-10405,2024-02-14 20:30:00,Main Lounge,Hendrick's Gin,1340.9,4500.0,1597.6,4243.3
TXN-10406,2024-02-15 18:15:00,Main Lounge,Hendrick's Gin,4243.3,0.0,1290.9,2952.4
TXN-10407,2024-02-16 20:15:00,Main Lounge,Hendrick's Gin,2952.4,0.0,2206.0,746.4
TXN-10408,2024-02-17 21:30:00,Main Lounge,Hendrick's Gin,746.4,13500.0,2314.0,11932.4
TXN-10409,2024-02-18 19:00:00,Main Lounge,Hendrick's Gin,11932.4,0.0,735.0,11197.4
TXN-10410,2024-02-19 22:45:00,Main Lounge,Hendrick's Gin,11197.4,0.0,1249.4,9948.0
TXN-10411,2024-02-20 20:15:00,Main Lounge,Hendrick's Gin,9948.0,0.0,1301.7,8646.3
TXN-10412,2024-02-21 19:00:00,Main Lounge,Hendrick's Gin,8646.3,0.0,643.8,8002.5
TXN-10413,2024-02-22 20:45:00,Main Lounge,Hendrick's Gin,8002.5,0.0,1099.7,6902.8
TXN-10414,2024-02-23 21:00:00,Main Lounge,Hendrick's Gin,6902.8,0.0,2238.2,4664.6
TXN-10415,2024-02-24 22:00:00,Main Lounge,Hendrick's Gin,4664.6,0.0,2384.9,2279.7
TXN-10416,2024-02-25 21:15:00,Main Lounge,Hendrick's Gin,2279.7,0.0,1085.8,1193.9
TXN-10417,2024-02-26 22:30:00,Main Lounge,Hendrick's Gin,1193.9,4500.0,1019.2,4674.7
TXN-10418,2024-02-27 21:15:00,Main Lounge,Hendrick's Gin,4674.7,0.0,1146.8,3527.9
TXN-10419,2024-02-28 23:15:00,Main Lounge,Hendrick's Gin,3527.9,0.0,492.4,3035.5
TXN-10420,2024-02-29 18:30:00,Main Lounge,Hendrick's Gin,3035.5,0.0,736.5,2299.0
TXN-10421,2024-03-01 23:30:00,Main Lounge,Hendrick's Gin,2299.0,0.0,2299.0,0.0
TXN-10422,2024-03-02 18:45:00,Main Lounge,Hendrick's Gin,0.0,4500.0,2099.0,2401.0
TXN-10423,2024-03-03 22:00:00,Main Lounge,Hendrick's Gin,2401.0,0.0,1420.8,980.2
TXN-10424,2024-03-04 18:30:00,Main Lounge,Hendrick's Gin,980.2,4500.0,1699.2,3781.0
TXN-10425,2024-03-05 23:00:00,Main Lounge,Hendrick's Gin,3781.0,0.0,1573.7,2207.3
TXN-10426,2024-03-06 19:45:00,Main Lounge,Hendrick's Gin,2207.3,0.0,1368.2,839.1
TXN-10427,2024-03-07 18:45:00,Main Lounge,Hendrick's Gin,839.1,4500.0,227.7,5111.4
TXN-10428,2024-03-08 22:30:00,Main Lounge,Hendrick's Gin,5111.4,0.0,2928.6,2182.8
TXN-10429,2024-03-09 23:15:00,Main Lounge,Hendrick's Gin,2182.8,0.0,2182.8,0.0
TXN-10430,2024-03-10 20:00:00,Main Lounge,Hendrick's Gin,0.0,9000.0,1275.7,7724.3
TXN-10431,2024-03-11 22:45:00,Main Lounge,Hendrick's Gin,7724.3,0.0,952.1,6772.2
TXN-10432,2024-03-12 21:30:00,Main Lounge,Hendrick's Gin,6772.2,0.0,1450.1,5322.1
TXN-10433,2024-03-13 20:15:00,Main Lounge,Hendrick's Gin,5322.1,0.0,644.4,4677.7
TXN-10434,2024-03-14 21:45:00,Main Lounge,Hendrick's Gin,4677.7,0.0,883.3,3794.4
TXN-10435,2024-03-15 21:30:00,Main Lounge,Hendrick's Gin,3794.4,0.0,2850.0,944.4
TXN-10436,2024-03-16 19:15:00,Main Lounge,Hendrick's Gin,944.4,9000.0,2274.4,7670.0
TXN-10437,2024-03-17 20:30:00,Main Lounge,Hendrick's Gin,7670.0,0.0,843.9,6826.1
TXN-10438,2024-03-18 19:30:00,Main Lounge,Hendrick's Gin,6826.1,0.0,524.3,6301.8
TXN-10439,2024-03-19 19:00:00,Main Lounge,Hendrick's Gin,6301.8,0.0,1640.2,4661.6
TXN-10440,2024-03-20 21:45:00,Main Lounge,Hendrick's Gin,4661.6,0.0,1112.2,3549.4
TXN-10441,2024-03-21 22:15:00,Main Lounge,Hendrick's Gin,3549.4,0.0,1494.2,2055.2
TXN-10442,2024-03-22 22:30:00,Main Lounge,Hendrick's Gin,2055.2,0.0,2055.2,0.0
TXN-10443,2024-03-23 19:45:00,Main Lounge,Hendrick's Gin,0.0,4500.0,2264.4,2235.6
TXN-10444,2024-03-24 22:15:00,Main Lounge,Hendrick's Gin,2235.6,0.0,1771.4,464.2
TXN-10445,2024-03-25 21:15:00,Main Lounge,Hendrick's Gin,464.2,9000.0,950.5,8513.7
TXN-10446,2024-03-26 21:45:00,Main Lounge,Hendrick's Gin,8513.7,0.0,1284.2,7229.5
TXN-10447,2024-03-27 19:00:00,Main Lounge,Hendrick's Gin,7229.5,0.0,1374.4,5855.1
TXN-10448,2024-03-28 22:30:00,Main Lounge,Hendrick's Gin,5855.1,0.0,1225.2,4629.9
TXN-10449,2024-03-29 22:00:00,Main Lounge,Hendrick's Gin,4629.9,0.0,2347.4,2282.5
TXN-10450,2024-03-30 22:30:00,Main Lounge,Hendrick's Gin,2282.5,0.0,2066.8,215.7
TXN-10451,2024-03-31 23:00:00,Main Lounge,Hendrick's Gin,215.7,13500.0,812.4,12903.3
TXN-10452,2024-04-01 23:00:00,Main Lounge,Hendrick's Gin,12903.3,0.0,831.0,12072.3
TXN-10453,2024-04-02 18:00:00,Main Lounge,Hendrick's Gin,12072.3,0.0,778.8,11293.5
TXN-10454,2024-04-03 21:15:00,Main Lounge,Hendrick's Gin,11293.5,0.0,1572.7,9720.8
TXN-10455,2024-04-04 22:15:00,Main Lounge,Hendrick's Gin,9720.8,0.0,1138.4,8582.4
TXN-10456,2024-04-05 22:00:00,Main Lounge,Hendrick's Gin,8582.4,0.0,2010.4,6572.0
TXN-10457,2024-04-06 23:00:00,Main Lounge,Hendrick's Gin,6572.0,0.0,1653.8,4918.2
TXN-10458,2024-04-07 22:00:00,Main Lounge,Hendrick's Gin,4918.2,0.0,1553.8,3364.4
TXN-10459,2024-04-08 22:45:00,Main Lounge,Hendrick's Gin,3364.4,0.0,1200.3,2164.1
TXN-10460,2024-04-09 19:30:00,Main Lounge,Hendrick's Gin,2164.1,0.0,1353.8,810.3
TXN-10461,2024-04-10 19:30:00,Main Lounge,Hendrick's Gin,810.3,13500.0,392.0,13918.3
TXN-10462,2024-04-11 23:00:00,Main Lounge,Hendrick's Gin,13918.3,0.0,1161.6,12756.7
TXN-10463,2024-04-12 23:45:00,Main Lounge,Hendrick's Gin,12756.7,0.0,2180.0,10576.7
TXN-10464,2024-04-13 22:00:00,Main Lounge,Hendrick's Gin,10576.7,0.0,2220.9,8355.8
TXN-10465,2024-04-14 19:15:00,Main Lounge,Hendrick's Gin,8355.8,0.0,1466.1,6889.7
TXN-10466,2024-04-15 21:00:00,Main Lounge,Hendrick's Gin,6889.7,0.0,1265.7,5624.0
TXN-10467,2024-04-16 20:45:00,Main Lounge,Hendrick's Gin,5624.0,0.0,280.9,5343.1
TXN-10468,2024-04-17 21:45:00,Main Lounge,Hendrick's Gin,5343.1,0.0,877.7,4465.4
TXN-10469,2024-04-18 21:15:00,Main Lounge,Hendrick's Gin,4465.4,0.0,795.2,3670.2
TXN-10470,2024-04-19 18:00:00,Main Lounge,Hendrick's Gin,3670.2,0.0,2440.5,1229.7
TXN-10471,2024-04-20 21:00:00,Main Lounge,Hendrick's Gin,1229.7,9000.0,2347.7,7882.0
TXN-10472,2024-04-21 22:15:00,Main Lounge,Hendrick's Gin,7882.0,0.0,1229.3,6652.7
TXN-10473,2024-04-22 18:30:00,Main Lounge,Hendrick's Gin,6652.7,0.0,540.7,6112.0
TXN-10474,2024-04-23 23:30:00,Main Lounge,Hendrick's Gin,6112.0,0.0,653.0,5459.0
TXN-10475,2024-04-24 21:00:00,Main Lounge,Hendrick's Gin,5459.0,0.0,1185.9,4273.1
TXN-10476,2024-04-25 21:30:00,Main Lounge,Hendrick's Gin,4273.1,0.0,867.6,3405.5
TXN-10477,2024-04-26 23:45:00,Main Lounge,Hendrick's Gin,3405.5,0.0,2472.1,933.4
TXN-10478,2024-04-27 23:30:00,Main Lounge,Hendrick's Gin,933.4,9000.0,1438.5,8494.9
TXN-10479,2024-04-28 22:30:00,Main Lounge,Hendrick's Gin,8494.9,0.0,822.9,7672.0
TXN-10480,2024-04-29 19:30:00,Main Lounge,Hendrick's Gin,7672.0,0.0,1362.4,6309.6
TXN-10481,2024-04-30 18:15:00,Main Lounge,Hendrick's Gin,6309.6,0.0,1049.2,5260.4
TXN-10482,2024-05-01 23:00:00,Main Lounge,Hendrick's Gin,5260.4,0.0,1037.0,4223.4
TXN-10483,2024-05-02 23:15:00,Main Lounge,Hendrick's Gin,4223.4,0.0,1031.9,3191.5
TXN-10484,2024-05-03 20:30:00,Main Lounge,Hendrick's Gin,3191.5,0.0,2449.8,741.7
TXN-10485,2024-05-04 22:15:00,Main Lounge,Hendrick's Gin,741.7,4500.0,1837.8,3403.9
TXN-10486,2024-05-05 21:00:00,Main Lounge,Hendrick's Gin,3403.9,0.0,940.8,2463.1
TXN-10487,2024-05-06 22:30:00,Main Lounge,Hendrick's Gin,2463.1,0.0,1205.0,1258.1
TXN-10488,2024-05-07 22:45:00,Main Lounge,Hendrick's Gin,1258.1,9000.0,1057.5,9200.6
TXN-10489,2024-05-08 20:00:00,Main Lounge,Hendrick's Gin,9200.6,0.0,1055.9,8144.7
TXN-10490,2024-05-09 19:00:00,Main Lounge,Hendrick's Gin,8144.7,0.0,965.0,7179.7
TXN-10491,2024-05-10 20:00:00,Main Lounge,Hendrick's Gin,7179.7,0.0,2232.3,4947.4
TXN-10492,2024-05-11 18:45:00,Main Lounge,Hendrick's Gin,4947.4,0.0,2074.4,2873.0
TXN-10493,2024-05-12 21:00:00,Main Lounge,Hendrick's Gin,2873.0,0.0,840.6,2032.4
TXN-10494,2024-05-13 18:00:00,Main Lounge,Hendrick's Gin,2032.4,0.0,941.7,1090.7
TXN-10495,2024-05-14 22:45:00,Main Lounge,Hendrick's Gin,1090.7,9000.0,541.4,9549.3
TXN-10496,2024-05-15 22:30:00,Main Lounge,Hendrick's Gin,9549.3,0.0,1336.5,8212.8
TXN-10497,2024-05-16 22:00:00,Main Lounge,Hendrick's Gin,8212.8,0.0,659.7,7553.1
TXN-10498,2024-05-17 23:30:00,Main Lounge,Hendrick's Gin,7553.1,0.0,1598.4,5954.7
TXN-10499,2024-05-18 22:15:00,Main Lounge,Hendrick's Gin,5954.7,0.0,1996.6,3958.1
TXN-10500,2024-05-19 22:00:00,Main Lounge,Hendrick's Gin,3958.1,0.0,197.9,3760.2
TXN-10501,2024-05-20 22:15:00,Main Lounge,Hendrick's Gin,3760.2,0.0,1344.0,2416.2
TXN-10502,2024-05-21 21:00:00,Main Lounge,Hendrick's Gin,2416.2,0.0,879.5,1536.7
TXN-10503,2024-05-22 21:45:00,Main Lounge,Hendrick's Gin,1536.7,0.0,1078.9,457.8
TXN-10504,2024-05-23 23:45:00,Main Lounge,Hendrick's Gin,457.8,13500.0,723.8,13234.0
TXN-10505,2024-05-24 20:00:00,Main Lounge,Hendrick's Gin,13234.0,0.0,2057.4,11176.6
TXN-10506,2024-05-25 22:15:00,Main Lounge,Hendrick's Gin,11176.6,0.0,2364.0,8812.6
TXN-10507,2024-05-26 18:45:00,Main Lounge,Hendrick's Gin,8812.6,0.0,1200.7,7611.9
TXN-10508,2024-05-27 18:15:00,Main Lounge,Hendrick's Gin,7611.9,0.0,1002.1,6609.8
TXN-10509,2024-05-28 19:45:00,Main Lounge,Hendrick's Gin,6609.8,0.0,520.3,6089.5
TXN-10510,2024-05-29 22:45:00,Main Lounge,Hendrick's Gin,6089.5,0.0,907.8,5181.7
TXN-10511,2024-05-30 18:30:00,Main Lounge,Hendrick's Gin,5181.7,0.0,1498.4,3683.3
TXN-10512,2024-05-31 22:30:00,Main Lounge,Hendrick's Gin,3683.3,0.0,2578.7,1104.6
TXN-10513,2024-06-01 18:00:00,Main Lounge,Hendrick's Gin,1104.6,4500.0,1987.6,3617.0
TXN-10514,2024-06-02 20:45:00,Main Lounge,Hendrick's Gin,3617.0,0.0,1015.4,2601.6
TXN-10515,2024-06-03 23:45:00,Main Lounge,Hendrick's Gin,2601.6,0.0,1043.3,1558.3
TXN-10516,2024-06-04 20:30:00,Main Lounge,Hendrick's Gin,1558.3,0.0,863.7,694.6
TXN-10517,2024-06-05 23:15:00,Main Lounge,Hendrick's Gin,694.6,9000.0,841.5,8853.1
TXN-10518,2024-06-06 19:15:00,Main Lounge,Hendrick's Gin,8853.1,0.0,1428.2,7424.9
TXN-10519,2024-06-07 18:00:00,Main Lounge,Hendrick's Gin,7424.9,0.0,2193.7,5231.2
TXN-10520,2024-06-08 19:30:00,Main Lounge,Hendrick's Gin,5231.2,0.0,1908.4,3322.8
TXN-10521,2024-06-09 18:00:00,Main Lounge,Hendrick's Gin,3322.8,0.0,1131.4,2191.4
TXN-10522,2024-06-10 23:30:00,Main Lounge,Hendrick's Gin,2191.4,0.0,739.2,1452.2
TXN-10523,2024-06-11 21:15:00,Main Lounge,Hendrick's Gin,1452.2,13500.0,1513.1,13439.1
TXN-10524,2024-06-12 18:45:00,Main Lounge,Hendrick's Gin,13439.1,0.0,1624.8,11814.3
TXN-10525,2024-06-13 23:45:00,Main Lounge,Hendrick's Gin,11814.3,0.0,770.6,11043.7
TXN-10526,2024-06-14 19:15:00,Main Lounge,Hendrick's Gin,11043.7,0.0,2249.6,8794.1
TXN-10527,2024-06-15 20:15:00,Main Lounge,Hendrick's Gin,8794.1,0.0,2286.4,6507.7
TXN-10528,2024-06-16 22:30:00,Main Lounge,Hendrick's Gin,6507.7,0.0,985.9,5521.8
TXN-10529,2024-06-17 21:00:00,Main Lounge,Hendrick's Gin,5521.8,0.0,646.0,4875.8
TXN-10530,2024-06-18 22:00:00,Main Lounge,Hendrick's Gin,4875.8,0.0,1409.0,3466.8
TXN-10531,2024-06-19 20:45:00,Main Lounge,Hendrick's Gin,3466.8,0.0,1161.1,2305.7
TXN-10532,2024-06-20 20:00:00,Main Lounge,Hendrick's Gin,2305.7,0.0,1559.7,746.0
TXN-10533,2024-06-21 19:30:00,Main Lounge,Hendrick's Gin,746.0,13500.0,2153.3,12092.7
TXN-10534,2024-06-22 21:00:00,Main Lounge,Hendrick's Gin,12092.7,0.0,2156.1,9936.6
TXN-10535,2024-06-23 20:30:00,Main Lounge,Hendrick's Gin,9936.6,0.0,1520.4,8416.2
TXN-10536,2024-06-24 22:15:00,Main Lounge,Hendrick's Gin,8416.2,0.0,878.9,7537.3
TXN-10537,2024-06-25 19:15:00,Main Lounge,Hendrick's Gin,7537.3,0.0,1146.8,6390.5
TXN-10538,2024-06-26 21:00:00,Main Lounge,Hendrick's Gin,6390.5,0.0,1332.6,5042.9
TXN-10539,2024-06-27 19:15:00,Main Lounge,Hendrick's Gin,5057.9,0.0,924.5,4133.4
TXN-10540,2024-06-28 19:00:00,Main Lounge,Hendrick's Gin,4133.4,0.0,2382.3,1751.1
TXN-10541,2024-01-01 22:00:00,Main Lounge,Macallan 12 Scotch,7500.0,0.0,302.3,7197.7
TXN-10542,2024-01-02 23:15:00,Main Lounge,Macallan 12 Scotch,7197.7,0.0,600.9,6596.8
TXN-10543,2024-01-03 18:45:00,Main Lounge,Macallan 12 Scotch,6596.8,0.0,377.1,6219.7
TXN-10544,2024-01-04 20:30:00,Main Lounge,Macallan 12 Scotch,6219.7,0.0,638.0,5581.7
TXN-10545,2024-01-05 21:30:00,Main Lounge,Macallan 12 Scotch,5581.7,0.0,963.5,4618.2
TXN-10546,2024-01-06 21:15:00,Main Lounge,Macallan 12 Scotch,4618.2,0.0,764.1,3854.1
TXN-10547,2024-01-07 22:15:00,Main Lounge,Macallan 12 Scotch,3854.1,0.0,560.9,3293.2
TXN-10548,2024-01-08 22:15:00,Main Lounge,Macallan 12 Scotch,3293.2,0.0,689.7,2603.5
TXN-10549,2024-01-09 21:00:00,Main Lounge,Macallan 12 Scotch,2603.5,0.0,242.3,2361.2
TXN-10550,2024-01-10 21:00:00,Main Lounge,Macallan 12 Scotch,2361.2,0.0,749.8,1611.4
TXN-10551,2024-01-11 21:45:00,Main Lounge,Macallan 12 Scotch,1611.4,0.0,417.3,1194.1
TXN-10552,2024-01-12 23:15:00,Main Lounge,Macallan 12 Scotch,1194.1,9000.0,865.6,9328.5
TXN-10553,2024-01-13 23:30:00,Main Lounge,Macallan 12 Scotch,9328.5,0.0,776.2,8552.3
TXN-10554,2024-01-14 22:45:00,Main Lounge,Macallan 12 Scotch,8552.3,0.0,531.9,8020.4
TXN-10555,2024-01-15 20:45:00,Main Lounge,Macallan 12 Scotch,8020.4,0.0,646.7,7373.7
TXN-10556,2024-01-16 23:30:00,Main Lounge,Macallan 12 Scotch,7373.7,0.0,693.9,6679.8
TXN-10557,2024-01-17 18:30:00,Main Lounge,Macallan 12 Scotch,6679.8,0.0,360.3,6319.5
TXN-10558,2024-01-18 20:00:00,Main Lounge,Macallan 12 Scotch,6319.5,0.0,662.4,5657.1
TXN-10559,2024-01-19 21:45:00,Main Lounge,Macallan 12 Scotch,5657.1,0.0,866.6,4790.5
TXN-10560,2024-01-20 20:30:00,Main Lounge,Macallan 12 Scotch,4790.5,0.0,937.0,3853.5
TXN-10561,2024-01-21 18:15:00,Main Lounge,Macallan 12 Scotch,3853.5,0.0,728.8,3124.7
TXN-10562,2024-01-22 18:45:00,Main Lounge,Macallan 12 Scotch,3124.7,0.0,464.6,2660.1
TXN-10563,2024-01-23 18:15:00,Main Lounge,Macallan 12 Scotch,2660.1,0.0,263.2,2396.9
TXN-10564,2024-01-24 22:15:00,Main Lounge,Macallan 12 Scotch,2396.9,0.0,306.2,2090.7
TXN-10565,2024-01-25 19:30:00,Main Lounge,Macallan 12 Scotch,2090.7,0.0,174.9,1915.8
TXN-10566,2024-01-26 20:00:00,Main Lounge,Macallan 12 Scotch,1915.8,0.0,863.0,1052.8
TXN-10567,2024-01-27 22:45:00,Main Lounge,Macallan 12 Scotch,1052.8,4500.0,764.9,4787.9
TXN-10568,2024-01-28 21:15:00,Main Lounge,Macallan 12 Scotch,4787.9,0.0,593.1,4194.8
TXN-10569,2024-01-29 18:45:00,Main Lounge,Macallan 12 Scotch,4194.8,0.0,515.0,3679.8
TXN-10570,2024-01-30 23:15:00,Main Lounge,Macallan 12 Scotch,3679.8,0.0,842.5,2837.3
TXN-10571,2024-01-31 18:45:00,Main Lounge,Macallan 12 Scotch,2837.3,0.0,338.3,2499.0
TXN-10572,2024-02-01 21:15:00,Main Lounge,Macallan 12 Scotch,2499.0,0.0,574.9,1924.1
TXN-10573,2024-02-02 21:15:00,Main Lounge,Macallan 12 Scotch,1924.1,0.0,654.3,1269.8
TXN-10574,2024-02-03 23:30:00,Main Lounge,Macallan 12 Scotch,1269.8,9000.0,669.6,9600.2
TXN-10575,2024-02-04 22:45:00,Main Lounge,Macallan 12 Scotch,9600.2,0.0,791.7,8808.5
TXN-10576,2024-02-05 21:15:00,Main Lounge,Macallan 12 Scotch,8808.5,0.0,470.7,8337.8
TXN-10577,2024-02-06 19:45:00,Main Lounge,Macallan 12 Scotch,8337.8,0.0,78.8,8259.0
TXN-10578,2024-02-07 21:45:00,Main Lounge,Macallan 12 Scotch,8259.0,0.0,680.9,7578.1
TXN-10579,2024-02-08 21:45:00,Main Lounge,Macallan 12 Scotch,7578.1,0.0,647.8,6930.3
TXN-10580,2024-02-09 18:00:00,Main Lounge,Macallan 12 Scotch,6930.3,0.0,849.6,6080.7
TXN-10581,2024-02-10 20:30:00,Main Lounge,Macallan 12 Scotch,6080.7,0.0,629.9,5450.8
TXN-10582,2024-02-11 21:00:00,Main Lounge,Macallan 12 Scotch,5450.8,0.0,623.2,4827.6
TXN-10583,2024-02-12 23:30:00,Main Lounge,Macallan 12 Scotch,4827.6,0.0,409.5,4418.1
TXN-10584,2024-02-13 22:00:00,Main Lounge,Macallan 12 Scotch,4418.1,0.0,816.5,3601.6
TXN-10585,2024-02-14 23:00:00,Main Lounge,Macallan 12 Scotch,3601.6,0.0,598.0,3003.6
TXN-10586,2024-02-15 23:15:00,Main Lounge,Macallan 12 Scotch,3003.6,0.0,646.1,2357.5
TXN-10587,2024-02-16 19:15:00,Main Lounge,Macallan 12 Scotch,2357.5,0.0,636.9,1720.6
TXN-10588,2024-02-17 19:15:00,Main Lounge,Macallan 12 Scotch,1720.6,0.0,300.3,1420.3
TXN-10589,2024-02-18 21:45:00,Main Lounge,Macallan 12 Scotch,1420.3,4500.0,89.9,5830.4
TXN-10590,2024-02-19 23:45:00,Main Lounge,Macallan 12 Scotch,5830.4,0.0,336.2,5494.2
TXN-10591,2024-02-20 18:45:00,Main Lounge,Macallan 12 Scotch,5494.2,0.0,533.2,4961.0
TXN-10592,2024-02-21 22:45:00,Main Lounge,Macallan 12 Scotch,4961.0,0.0,516.0,4445.0
TXN-10593,2024-02-22 22:30:00,Main Lounge,Macallan 12 Scotch,4445.0,0.0,808.1,3636.9
TXN-10594,2024-02-23 21:15:00,Main Lounge,Macallan 12 Scotch,3636.9,0.0,882.0,2754.9
TXN-10595,2024-02-24 19:00:00,Main Lounge,Macallan 12 Scotch,2754.9,0.0,778.9,1976.0
TXN-10596,2024-02-25 18:45:00,Main Lounge,Macallan 12 Scotch,1976.0,0.0,235.5,1740.5
TXN-10597,2024-02-26 21:30:00,Main Lounge,Macallan 12 Scotch,1740.5,0.0,680.7,1059.8
TXN-10598,2024-02-27 18:30:00,Main Lounge,Macallan 12 Scotch,1059.8,9000.0,505.8,9554.0
TXN-10599,2024-02-28 21:15:00,Main Lounge,Macallan 12 Scotch,9554.0,0.0,758.3,8795.7
TXN-10600,2024-02-29 21:45:00,Main Lounge,Macallan 12 Scotch,8795.7,0.0,416.6,8379.1
TXN-10601,2024-03-01 18:30:00,Main Lounge,Macallan 12 Scotch,8379.1,0.0,684.4,7694.7
TXN-10602,2024-03-02 23:45:00,Main Lounge,Macallan 12 Scotch,7694.7,0.0,1002.0,6692.7
TXN-10603,2024-03-03 19:30:00,Main Lounge,Macallan 12 Scotch,6692.7,0.0,17.8,6674.9
TXN-10604,2024-03-04 22:30:00,Main Lounge,Macallan 12 Scotch,6674.9,0.0,713.5,5961.4
TXN-10605,2024-03-05 22:45:00,Main Lounge,Macallan 12 Scotch,5961.4,0.0,982.9,4978.5
TXN-10606,2024-03-06 20:00:00,Main Lounge,Macallan 12 Scotch,4978.5,0.0,553.3,4425.2
TXN-10607,2024-03-07 18:45:00,Main Lounge,Macallan 12 Scotch,4425.2,0.0,895.4,3529.8
TXN-10608,2024-03-08 18:30:00,Main Lounge,Macallan 12 Scotch,3529.8,0.0,637.7,2892.1
TXN-10609,2024-03-09 19:45:00,Main Lounge,Macallan 12 Scotch,2892.1,0.0,639.5,2252.6
TXN-10610,2024-03-10 19:30:00,Main Lounge,Macallan 12 Scotch,2252.6,0.0,512.5,1740.1
TXN-10611,2024-03-11 20:00:00,Main Lounge,Macallan 12 Scotch,1740.1,0.0,363.1,1377.0
TXN-10612,2024-03-12 19:15:00,Main Lounge,Macallan 12 Scotch,1377.0,4500.0,586.2,5290.8
TXN-10613,2024-03-13 18:45:00,Main Lounge,Macallan 12 Scotch,5290.8,0.0,573.4,4717.4
TXN-10614,2024-03-14 23:30:00,Main Lounge,Macallan 12 Scotch,4717.4,0.0,506.4,4211.0
TXN-10615,2024-03-15 19:15:00,Main Lounge,Macallan 12 Scotch,4211.0,0.0,882.4,3328.6
TXN-10616,2024-03-16 21:15:00,Main Lounge,Macallan 12 Scotch,3328.6,0.0,965.2,2363.4
TXN-10617,2024-03-17 23:00:00,Main Lounge,Macallan 12 Scotch,2363.4,0.0,619.3,1744.1
TXN-10618,2024-03-18 21:15:00,Main Lounge,Macallan 12 Scotch,1744.1,0.0,367.1,1377.0
TXN-10619,2024-03-19 23:00:00,Main Lounge,Macallan 12 Scotch,1377.0,9000.0,399.4,9977.6
TXN-10620,2024-03-20 20:15:00,Main Lounge,Macallan 12 Scotch,9977.6,0.0,150.6,9827.0
TXN-10621,2024-03-21 19:15:00,Main Lounge,Macallan 12 Scotch,9827.0,0.0,526.9,9300.1
TXN-10622,2024-03-22 21:30:00,Main Lounge,Macallan 12 Scotch,9300.1,0.0,856.7,8443.4
TXN-10623,2024-03-23 20:45:00,Main Lounge,Macallan 12 Scotch,8443.4,0.0,883.6,7559.8
TXN-10624,2024-03-24 23:30:00,Main Lounge,Macallan 12 Scotch,7559.8,0.0,472.9,7086.9
TXN-10625,2024-03-25 21:00:00,Main Lounge,Macallan 12 Scotch,7086.9,0.0,707.2,6379.7
TXN-10626,2024-03-26 20:45:00,Main Lounge,Macallan 12 Scotch,6379.7,0.0,280.4,6099.3
TXN-10627,2024-03-27 20:30:00,Main Lounge,Macallan 12 Scotch,6099.3,0.0,299.4,5799.9
TXN-10628,2024-03-28 20:15:00,Main Lounge,Macallan 12 Scotch,5799.9,0.0,671.8,5128.1
TXN-10629,2024-03-29 23:30:00,Main Lounge,Macallan 12 Scotch,5128.1,0.0,521.7,4606.4
TXN-10630,2024-03-30 23:30:00,Main Lounge,Macallan 12 Scotch,4606.4,0.0,417.6,4188.8
TXN-10631,2024-03-31 19:15:00,Main Lounge,Macallan 12 Scotch,4188.8,0.0,422.6,3766.2
TXN-10632,2024-04-01 18:30:00,Main Lounge,Macallan 12 Scotch,3766.2,0.0,503.5,3262.7
TXN-10633,2024-04-02 23:30:00,Main Lounge,Macallan 12 Scotch,3262.7,0.0,673.5,2589.2
TXN-10634,2024-04-03 21:30:00,Main Lounge,Macallan 12 Scotch,2589.2,0.0,610.1,1979.1
TXN-10635,2024-04-04 23:00:00,Main Lounge,Macallan 12 Scotch,1979.1,0.0,920.3,1058.8
TXN-10636,2024-04-05 18:15:00,Main Lounge,Macallan 12 Scotch,1058.8,4500.0,928.8,4630.0
TXN-10637,2024-04-06 23:30:00,Main Lounge,Macallan 12 Scotch,4630.0,0.0,847.6,3782.4
TXN-10638,2024-04-07 18:30:00,Main Lounge,Macallan 12 Scotch,3782.4,0.0,414.4,3368.0
TXN-10639,2024-04-08 21:45:00,Main Lounge,Macallan 12 Scotch,3368.0,0.0,639.3,2728.7
TXN-10640,2024-04-09 22:15:00,Main Lounge,Macallan 12 Scotch,2728.7,0.0,798.0,1930.7
TXN-10641,2024-04-10 23:45:00,Main Lounge,Macallan 12 Scotch,1930.7,0.0,621.8,1308.9
TXN-10642,2024-04-11 23:15:00,Main Lounge,Macallan 12 Scotch,1308.9,13500.0,930.0,13878.9
TXN-10643,2024-04-12 22:30:00,Main Lounge,Macallan 12 Scotch,13878.9,0.0,1170.6,12708.3
TXN-10644,2024-04-13 22:00:00,Main Lounge,Macallan 12 Scotch,12708.3,0.0,988.4,11719.9
TXN-10645,2024-04-14 19:45:00,Main Lounge,Macallan 12 Scotch,11719.9,0.0,426.6,11293.3
TXN-10646,2024-04-15 22:30:00,Main Lounge,Macallan 12 Scotch,11293.3,0.0,525.0,10768.3
TXN-10647,2024-04-16 18:30:00,Main Lounge,Macallan 12 Scotch,10768.3,0.0,190.6,10577.7
TXN-10648,2024-04-17 22:15:00,Main Lounge,Macallan 12 Scotch,10577.7,0.0,394.8,10182.9
TXN-10649,2024-04-18 22:30:00,Main Lounge,Macallan 12 Scotch,10182.9,0.0,813.4,9369.5
TXN-10650,2024-04-19 21:45:00,Main Lounge,Macallan 12 Scotch,9369.5,0.0,1071.3,8298.2
TXN-10651,2024-04-20 21:15:00,Main Lounge,Macallan 12 Scotch,8298.2,0.0,964.4,7333.8
TXN-10652,2024-04-21 20:30:00,Main Lounge,Macallan 12 Scotch,7333.8,0.0,397.3,6936.5
TXN-10653,2024-04-22 21:15:00,Main Lounge,Macallan 12 Scotch,6936.5,0.0,685.0,6236.5
TXN-10654,2024-04-23 20:45:00,Main Lounge,Macallan 12 Scotch,6251.5,0.0,480.8,5770.7
TXN-10655,2024-04-24 20:45:00,Main Lounge,Macallan 12 Scotch,5770.7,0.0,64.7,5706.0
TXN-10656,2024-04-25 22:45:00,Main Lounge,Macallan 12 Scotch,5706.0,0.0,240.9,5465.1
TXN-10657,2024-04-26 18:15:00,Main Lounge,Macallan 12 Scotch,5465.1,0.0,847.0,4638.1
TXN-10658,2024-04-27 21:45:00,Main Lounge,Macallan 12 Scotch,4618.1,0.0,566.7,4051.4
TXN-10659,2024-04-28 23:15:00,Main Lounge,Macallan 12 Scotch,4051.4,0.0,463.6,3587.8
TXN-10660,2024-04-29 23:00:00,Main Lounge,Macallan 12 Scotch,3587.8,0.0,193.4,3394.4
TXN-10661,2024-04-30 22:30:00,Main Lounge,Macallan 12 Scotch,3394.4,0.0,378.2,3016.2
TXN-10662,2024-05-01 18:30:00,Main Lounge,Macallan 12 Scotch,3016.2,0.0,484.6,2531.6
TXN-10663,2024-05-02 22:30:00,Main Lounge,Macallan 12 Scotch,2531.6,0.0,866.0,1665.6
TXN-10664,2024-05-03 18:45:00,Main Lounge,Macallan 12 Scotch,1665.6,0.0,821.0,844.6
TXN-10665,2024-05-04 21:00:00,Main Lounge,Macallan 12 Scotch,844.6,4500.0,503.8,4840.8
TXN-10666,2024-05-05 22:15:00,Main Lounge,Macallan 12 Scotch,4840.8,0.0,231.7,4609.1
TXN-10667,2024-05-06 19:45:00,Main Lounge,Macallan 12 Scotch,4609.1,0.0,546.4,4062.7
TXN-10668,2024-05-07 21:15:00,Main Lounge,Macallan 12 Scotch,4062.7,0.0,408.1,3654.6
TXN-10669,2024-05-08 18:00:00,Main Lounge,Macallan 12 Scotch,3654.6,0.0,555.2,3099.4
TXN-10670,2024-05-09 20:30:00,Main Lounge,Macallan 12 Scotch,3099.4,0.0,371.0,2728.4
TXN-10671,2024-05-10 19:15:00,Main Lounge,Macallan 12 Scotch,2728.4,0.0,736.2,1992.2
TXN-10672,2024-05-11 22:15:00,Main Lounge,Macallan 12 Scotch,1992.2,0.0,1106.1,886.1
TXN-10673,2024-05-12 21:30:00,Main Lounge,Macallan 12 Scotch,886.1,4500.0,312.4,5073.7
TXN-10674,2024-05-13 20:00:00,Main Lounge,Macallan 12 Scotch,5073.7,0.0,521.2,4552.5
TXN-10675,2024-05-14 21:30:00,Main Lounge,Macallan 12 Scotch,4552.5,0.0,311.8,4260.7
TXN-10676,2024-05-15 22:30:00,Main Lounge,Macallan 12 Scotch,4240.7,0.0,539.8,3700.9
TXN-10677,2024-05-16 18:15:00,Main Lounge,Macallan 12 Scotch,3700.9,0.0,163.4,3537.5
TXN-10678,2024-05-17 23:30:00,Main Lounge,Macallan 12 Scotch,3537.5,0.0,965.3,2572.2
TXN-10679,2024-05-18 22:15:00,Main Lounge,Macallan 12 Scotch,2572.2,0.0,1166.9,1405.3
TXN-10680,2024-05-19 21:15:00,Main Lounge,Macallan 12 Scotch,1405.3,9000.0,384.3,10021.0
TXN-10681,2024-05-20 18:30:00,Main Lounge,Macallan 12 Scotch,10021.0,0.0,350.9,9670.1
TXN-10682,2024-05-21 20:45:00,Main Lounge,Macallan 12 Scotch,9670.1,0.0,127.6,9542.5
TXN-10683,2024-05-22 19:45:00,Main Lounge,Macallan 12 Scotch,9542.5,0.0,505.8,9036.7
TXN-10684,2024-05-23 21:00:00,Main Lounge,Macallan 12 Scotch,9036.7,0.0,457.1,8579.6
TXN-10685,2024-05-24 22:15:00,Main Lounge,Macallan 12 Scotch,8579.6,0.0,775.9,7803.7
TXN-10686,2024-05-25 21:30:00,Main Lounge,Macallan 12 Scotch,7803.7,0.0,973.9,6829.8
TXN-10687,2024-05-26 18:00:00,Main Lounge,Macallan 12 Scotch,6829.8,0.0,417.7,6412.1
TXN-10688,2024-05-27 22:45:00,Main Lounge,Macallan 12 Scotch,6412.1,0.0,481.9,5930.2
TXN-10689,2024-05-28 18:30:00,Main Lounge,Macallan 12 Scotch,5930.2,0.0,295.3,5634.9
TXN-10690,2024-05-29 22:15:00,Main Lounge,Macallan 12 Scotch,5634.9,0.0,412.2,5222.7
TXN-10691,2024-05-30 20:00:00,Main Lounge,Macallan 12 Scotch,5222.7,0.0,433.8,4788.9
TXN-10692,2024-05-31 20:15:00,Main Lounge,Macallan 12 Scotch,4788.9,0.0,829.4,3959.5
TXN-10693,2024-06-01 19:15:00,Main Lounge,Macallan 12 Scotch,3959.5,0.0,815.9,3143.6
TXN-10694,2024-06-02 22:15:00,Main Lounge,Macallan 12 Scotch,3143.6,0.0,452.7,2690.9
TXN-10695,2024-06-03 21:00:00,Main Lounge,Macallan 12 Scotch,2690.9,0.0,528.4,2162.5
TXN-10696,2024-06-04 23:45:00,Main Lounge,Macallan 12 Scotch,2162.5,0.0,510.7,1651.8
TXN-10697,2024-06-05 20:30:00,Main Lounge,Macallan 12 Scotch,1651.8,0.0,522.6,1129.2
TXN-10698,2024-06-06 22:45:00,Main Lounge,Macallan 12 Scotch,1129.2,9000.0,548.4,9580.8
TXN-10699,2024-06-07 18:00:00,Main Lounge,Macallan 12 Scotch,9580.8,0.0,928.3,8652.5
TXN-10700,2024-06-08 23:00:00,Main Lounge,Macallan 12 Scotch,8652.5,0.0,460.9,8191.6
TXN-10701,2024-06-09 22:30:00,Main Lounge,Macallan 12 Scotch,8191.6,0.0,480.1,7711.5
TXN-10702,2024-06-10 22:15:00,Main Lounge,Macallan 12 Scotch,7711.5,0.0,743.4,6968.1
TXN-10703,2024-06-11 21:30:00,Main Lounge,Macallan 12 Scotch,6968.1,0.0,317.1,6651.0
TXN-10704,2024-06-12 22:30:00,Main Lounge,Macallan 12 Scotch,6651.0,0.0,655.8,5995.2
TXN-10705,2024-06-13 22:00:00,Main Lounge,Macallan 12 Scotch,5995.2,0.0,579.0,5416.2
TXN-10706,2024-06-14 19:45:00,Main Lounge,Macallan 12 Scotch,5416.2,0.0,766.9,4649.3
TXN-10707,2024-06-15 22:45:00,Main Lounge,Macallan 12 Scotch,4649.3,0.0,1025.9,3623.4
TXN-10708,2024-06-16 18:00:00,Main Lounge,Macallan 12 Scotch,3623.4,0.0,404.5,3218.9
TXN-10709,2024-06-17 22:15:00,Main Lounge,Macallan 12 Scotch,3218.9,0.0,242.5,2976.4
TXN-10710,2024-06-18 22:30:00,Main Lounge,Macallan 12 Scotch,2976.4,0.0,563.8,2412.6
TXN-10711,2024-06-19 21:00:00,Main Lounge,Macallan 12 Scotch,2412.6,0.0,454.2,1958.4
TXN-10712,2024-06-20 21:15:00,Main Lounge,Macallan 12 Scotch,1958.4,0.0,571.0,1387.4
TXN-10713,2024-06-21 19:45:00,Main Lounge,Macallan 12 Scotch,1387.4,9000.0,809.3,9578.1
TXN-10714,2024-06-22 18:15:00,Main Lounge,Macallan 12 Scotch,9578.1,0.0,618.6,8959.5
TXN-10715,2024-06-23 18:30:00,Main Lounge,Macallan 12 Scotch,8959.5,0.0,411.6,8547.9
TXN-10716,2024-06-24 20:00:00,Main Lounge,Macallan 12 Scotch,8547.9,0.0,770.1,7777.8
TXN-10717,2024-06-25 21:30:00,Main Lounge,Macallan 12 Scotch,7777.8,0.0,510.0,7267.8
TXN-10718,2024-06-26 18:45:00,Main Lounge,Macallan 12 Scotch,7267.8,0.0,572.0,6695.8
TXN-10719,2024-06-27 20:30:00,Main Lounge,Macallan 12 Scotch,6695.8,0.0,484.5,6211.3
TXN-10720,2024-06-28 20:00:00,Main Lounge,Macallan 12 Scotch,6211.3,0.0,1038.3,5173.0
TXN-10721,2024-01-01 23:30:00,Main Lounge,Patron Silver Tequila,6750.0,0.0,933.7,5816.3
TXN-10722,2024-01-02 19:15:00,Main Lounge,Patron Silver Tequila,5816.3,0.0,909.9,4906.4
TXN-10723,2024-01-03 18:45:00,Main Lounge,Patron Silver Tequila,4906.4,0.0,1067.2,3839.2
TXN-10724,2024-01-04 23:00:00,Main Lounge,Patron Silver Tequila,3839.2,0.0,1038.1,2801.1
TXN-10725,2024-01-05 22:00:00,Main Lounge,Patron Silver Tequila,2801.1,0.0,1613.9,1187.2
TXN-10726,2024-01-06 18:30:00,Main Lounge,Patron Silver Tequila,1187.2,4500.0,1556.5,4130.7
TXN-10727,2024-01-07 18:15:00,Main Lounge,Patron Silver Tequila,4130.7,0.0,801.2,3329.5
TXN-10728,2024-01-08 21:15:00,Main Lounge,Patron Silver Tequila,3329.5,0.0,880.7,2448.8
TXN-10729,2024-01-09 19:00:00,Main Lounge,Patron Silver Tequila,2448.8,0.0,1236.0,1212.8
TXN-10730,2024-01-10 23:45:00,Main Lounge,Patron Silver Tequila,1212.8,4500.0,908.8,4804.0
TXN-10731,2024-01-11 21:45:00,Main Lounge,Patron Silver Tequila,4804.0,0.0,538.2,4265.8
TXN-10732,2024-01-12 19:15:00,Main Lounge,Patron Silver Tequila,4265.8,0.0,1727.5,2538.3
TXN-10733,2024-01-13 19:30:00,Main Lounge,Patron Silver Tequila,2538.3,0.0,1886.9,651.4
TXN-10734,2024-01-14 23:45:00,Main Lounge,Patron Silver Tequila,651.4,13500.0,1020.2,13131.2
TXN-10735,2024-01-15 22:30:00,Main Lounge,Patron Silver Tequila,13131.2,0.0,919.9,12211.3
TXN-10736,2024-01-16 18:15:00,Main Lounge,Patron Silver Tequila,12211.3,0.0,667.1,11544.2
TXN-10737,2024-01-17 18:00:00,Main Lounge,Patron Silver Tequila,11544.2,0.0,729.8,10814.4
TXN-10738,2024-01-18 18:30:00,Main Lounge,Patron Silver Tequila,10814.4,0.0,783.5,10030.9
TXN-10739,2024-01-19 23:45:00,Main Lounge,Patron Silver Tequila,10030.9,0.0,898.7,9132.2
TXN-10740,2024-01-20 19:15:00,Main Lounge,Patron Silver Tequila,9132.2,0.0,1689.9,7442.3
TXN-10741,2024-01-21 23:15:00,Main Lounge,Patron Silver Tequila,7442.3,0.0,328.5,7113.8
TXN-10742,2024-01-22 22:30:00,Main Lounge,Patron Silver Tequila,7113.8,0.0,661.4,6452.4
TXN-10743,2024-01-23 23:15:00,Main Lounge,Patron Silver Tequila,6452.4,0.0,532.5,5919.9
TXN-10744,2024-01-24 19:30:00,Main Lounge,Patron Silver Tequila,5919.9,0.0,934.8,4985.1
TXN-10745,2024-01-25 23:00:00,Main Lounge,Patron Silver Tequila,4985.1,0.0,560.3,4424.8
TXN-10746,2024-01-26 19:45:00,Main Lounge,Patron Silver Tequila,4424.8,0.0,1648.3,2776.5
TXN-10747,2024-01-27 18:30:00,Main Lounge,Patron Silver Tequila,2776.5,0.0,1432.5,1344.0
TXN-10748,2024-01-28 19:45:00,Main Lounge,Patron Silver Tequila,1344.0,13500.0,993.0,13851.0
TXN-10749,2024-01-29 20:00:00,Main Lounge,Patron Silver Tequila,13851.0,0.0,927.1,12923.9
TXN-10750,2024-01-30 21:30:00,Main Lounge,Patron Silver Tequila,12923.9,0.0,752.4,12171.5
TXN-10751,2024-01-31 18:45:00,Main Lounge,Patron Silver Tequila,12171.5,0.0,780.5,11391.0
TXN-10752,2024-02-01 19:30:00,Main Lounge,Patron Silver Tequila,11391.0,0.0,571.1,10819.9
TXN-10753,2024-02-02 18:45:00,Main Lounge,Patron Silver Tequila,10819.9,0.0,1773.5,9046.4
TXN-10754,2024-02-03 18:45:00,Main Lounge,Patron Silver Tequila,9046.4,0.0,1442.8,7603.6
TXN-10755,2024-02-04 20:30:00,Main Lounge,Patron Silver Tequila,7603.6,0.0,454.3,7149.3
TXN-10756,2024-02-05 19:00:00,Main Lounge,Patron Silver Tequila,7149.3,0.0,976.4,6172.9
TXN-10757,2024-02-06 18:30:00,Main Lounge,Patron Silver Tequila,6172.9,0.0,815.8,5357.1
TXN-10758,2024-02-07 19:45:00,Main Lounge,Patron Silver Tequila,5357.1,0.0,684.1,4673.0
TXN-10759,2024-02-08 18:00:00,Main Lounge,Patron Silver Tequila,4673.0,0.0,368.1,4304.9
TXN-10760,2024-02-09 22:45:00,Main Lounge,Patron Silver Tequila,4304.9,0.0,1294.6,3010.3
TXN-10761,2024-02-10 20:15:00,Main Lounge,Patron Silver Tequila,3010.3,0.0,1546.5,1463.8
TXN-10762,2024-02-11 22:30:00,Main Lounge,Patron Silver Tequila,1463.8,9000.0,834.2,9629.6
TXN-10763,2024-02-12 21:15:00,Main Lounge,Patron Silver Tequila,9629.6,0.0,331.2,9298.4
TXN-10764,2024-02-13 23:45:00,Main Lounge,Patron Silver Tequila,9298.4,0.0,917.0,8381.4
TXN-10765,2024-02-14 18:45:00,Main Lounge,Patron Silver Tequila,8381.4,0.0,749.2,7632.2
TXN-10766,2024-02-15 20:30:00,Main Lounge,Patron Silver Tequila,7632.2,0.0,631.0,7001.2
TXN-10767,2024-02-16 22:45:00,Main Lounge,Patron Silver Tequila,7001.2,0.0,1892.0,5109.2
TXN-10768,2024-02-17 19:15:00,Main Lounge,Patron Silver Tequila,5109.2,0.0,1772.2,3337.0
TXN-10769,2024-02-18 18:45:00,Main Lounge,Patron Silver Tequila,3337.0,0.0,787.1,2549.9
TXN-10770,2024-02-19 20:00:00,Main Lounge,Patron Silver Tequila,2549.9,0.0,669.8,1880.1
TXN-10771,2024-02-20 21:45:00,Main Lounge,Patron Silver Tequila,1880.1,0.0,502.8,1377.3
TXN-10772,2024-02-21 21:15:00,Main Lounge,Patron Silver Tequila,1377.3,4500.0,1010.2,4867.1
TXN-10773,2024-02-22 21:45:00,Main Lounge,Patron Silver Tequila,4867.1,0.0,1213.4,3653.7
TXN-10774,2024-02-23 21:15:00,Main Lounge,Patron Silver Tequila,3653.7,0.0,1697.9,1955.8
TXN-10775,2024-02-24 23:00:00,Main Lounge,Patron Silver Tequila,1955.8,0.0,1701.7,254.1
TXN-10776,2024-02-25 22:00:00,Main Lounge,Patron Silver Tequila,254.1,9000.0,986.2,8267.9
TXN-10777,2024-02-26 23:45:00,Main Lounge,Patron Silver Tequila,8267.9,0.0,740.2,7527.7
TXN-10778,2024-02-27 22:45:00,Main Lounge,Patron Silver Tequila,7527.7,0.0,1097.6,6420.1
TXN-10779,2024-02-28 20:45:00,Main Lounge,Patron Silver Tequila,6430.1,0.0,968.8,5461.3
TXN-10780,2024-02-29 18:45:00,Main Lounge,Patron Silver Tequila,5461.3,0.0,747.4,4713.9
TXN-10781,2024-03-01 20:00:00,Main Lounge,Patron Silver Tequila,4713.9,0.0,1082.9,3631.0
TXN-10782,2024-03-02 19:15:00,Main Lounge,Patron Silver Tequila,3631.0,0.0,1413.2,2217.8
TXN-10783,2024-03-03 19:45:00,Main Lounge,Patron Silver Tequila,2217.8,0.0,1127.9,1089.9
TXN-10784,2024-03-04 22:45:00,Main Lounge,Patron Silver Tequila,1089.9,9000.0,688.4,9401.5
TXN-10785,2024-03-05 21:15:00,Main Lounge,Patron Silver Tequila,9401.5,0.0,720.2,8681.3
TXN-10786,2024-03-06 20:15:00,Main Lounge,Patron Silver Tequila,8681.3,0.0,772.0,7909.3
TXN-10787,2024-03-07 19:30:00,Main Lounge,Patron Silver Tequila,7909.3,0.0,622.3,7287.0
TXN-10788,2024-03-08 20:00:00,Main Lounge,Patron Silver Tequila,7287.0,0.0,1566.0,5721.0
TXN-10789,2024-03-09 21:30:00,Main Lounge,Patron Silver Tequila,5721.0,0.0,1767.6,3953.4
TXN-10790,2024-03-10 18:30:00,Main Lounge,Patron Silver Tequila,3953.4,0.0,996.6,2956.8
TXN-10791,2024-03-11 18:15:00,Main Lounge,Patron Silver Tequila,2956.8,0.0,657.2,2299.6
TXN-10792,2024-03-12 18:15:00,Main Lounge,Patron Silver Tequila,2299.6,0.0,830.2,1469.4
TXN-10793,2024-03-13 19:30:00,Main Lounge,Patron Silver Tequila,1469.4,9000.0,446.0,10023.4
TXN-10794,2024-03-14 19:00:00,Main Lounge,Patron Silver Tequila,10023.4,0.0,676.5,9346.9
TXN-10795,2024-03-15 23:15:00,Main Lounge,Patron Silver Tequila,9346.9,0.0,1671.1,7675.8
TXN-10796,2024-03-16 23:00:00,Main Lounge,Patron Silver Tequila,7675.8,0.0,1746.2,5929.6
TXN-10797,2024-03-17 21:00:00,Main Lounge,Patron Silver Tequila,5929.6,0.0,1280.4,4649.2
TXN-10798,2024-03-18 18:00:00,Main Lounge,Patron Silver Tequila,4649.2,0.0,330.5,4318.7
TXN-10799,2024-03-19 21:30:00,Main Lounge,Patron Silver Tequila,4318.7,0.0,609.0,3709.7
TXN-10800,2024-03-20 20:15:00,Main Lounge,Patron Silver Tequila,3709.7,0.0,860.4,2849.3
TXN-10801,2024-03-21 19:30:00,Main Lounge,Patron Silver Tequila,2849.3,0.0,342.1,2507.2
TXN-10802,2024-03-22 23:15:00,Main Lounge,Patron Silver Tequila,2507.2,0.0,1674.4,832.8
TXN-10803,2024-03-23 20:30:00,Main Lounge,Patron Silver Tequila,832.8,4500.0,1776.7,3556.1
TXN-10804,2024-03-24 19:15:00,Main Lounge,Patron Silver Tequila,3556.1,0.0,902.6,2653.5
TXN-10805,2024-03-25 21:30:00,Main Lounge,Patron Silver Tequila,2653.5,0.0,556.6,2096.9
TXN-10806,2024-03-26 20:30:00,Main Lounge,Patron Silver Tequila,2096.9,0.0,835.5,1261.4
TXN-10807,2024-03-27 21:00:00,Main Lounge,Patron Silver Tequila,1261.4,4500.0,853.9,4907.5
TXN-10808,2024-03-28 21:15:00,Main Lounge,Patron Silver Tequila,4907.5,0.0,818.1,4089.4
TXN-10809,2024-03-29 20:15:00,Main Lounge,Patron Silver Tequila,4089.4,0.0,1523.5,2565.9
TXN-10810,2024-03-30 18:00:00,Main Lounge,Patron Silver Tequila,2565.9,0.0,1760.2,805.7
TXN-10811,2024-03-31 23:45:00,Main Lounge,Patron Silver Tequila,805.7,9000.0,1233.6,8572.1
TXN-10812,2024-04-01 19:30:00,Main Lounge,Patron Silver Tequila,8572.1,0.0,654.0,7918.1
TXN-10813,2024-04-02 20:45:00,Main Lounge,Patron Silver Tequila,7918.1,0.0,1578.5,6339.6
TXN-10814,2024-04-03 23:30:00,Main Lounge,Patron Silver Tequila,6339.6,0.0,353.5,5986.1
TXN-10815,2024-04-04 18:15:00,Main Lounge,Patron Silver Tequila,5986.1,0.0,694.1,5292.0
TXN-10816,2024-04-05 22:45:00,Main Lounge,Patron Silver Tequila,5292.0,0.0,1478.4,3813.6
TXN-10817,2024-04-06 18:15:00,Main Lounge,Patron Silver Tequila,3813.6,0.0,1189.9,2623.7
TXN-10818,2024-04-07 21:45:00,Main Lounge,Patron Silver Tequila,2623.7,0.0,1112.7,1511.0
TXN-10819,2024-04-08 23:15:00,Main Lounge,Patron Silver Tequila,1511.0,0.0,516.4,994.6
TXN-10820,2024-04-09 21:00:00,Main Lounge,Patron Silver Tequila,994.6,4500.0,899.3,4595.3
TXN-10821,2024-04-10 21:15:00,Main Lounge,Patron Silver Tequila,4595.3,0.0,836.5,3758.8
TXN-10822,2024-04-11 22:45:00,Main Lounge,Patron Silver Tequila,3758.8,0.0,1135.4,2623.4
TXN-10823,2024-04-12 22:00:00,Main Lounge,Patron Silver Tequila,2623.4,0.0,1861.7,761.7
TXN-10824,2024-04-13 19:45:00,Main Lounge,Patron Silver Tequila,761.7,9000.0,1606.9,8154.8
TXN-10825,2024-04-14 18:45:00,Main Lounge,Patron Silver Tequila,8154.8,0.0,356.6,7798.2
TXN-10826,2024-04-15 23:45:00,Main Lounge,Patron Silver Tequila,7798.2,0.0,712.0,7086.2
TXN-10827,2024-04-16 20:00:00,Main Lounge,Patron Silver Tequila,7086.2,0.0,373.9,6712.3
TXN-10828,2024-04-17 20:45:00,Main Lounge,Patron Silver Tequila,6712.3,0.0,1057.1,5655.2
TXN-10829,2024-04-18 19:00:00,Main Lounge,Patron Silver Tequila,5655.2,0.0,553.7,5101.5
TXN-10830,2024-04-19 22:45:00,Main Lounge,Patron Silver Tequila,5101.5,0.0,1944.2,3157.3
TXN-10831,2024-04-20 22:15:00,Main Lounge,Patron Silver Tequila,3157.3,0.0,1735.5,1421.8
TXN-10832,2024-04-21 21:15:00,Main Lounge,Patron Silver Tequila,1421.8,4500.0,670.7,5236.1
TXN-10833,2024-04-22 23:00:00,Main Lounge,Patron Silver Tequila,5251.1,0.0,1052.6,4198.5
TXN-10834,2024-04-23 20:45:00,Main Lounge,Patron Silver Tequila,4198.5,0.0,506.5,3692.0
TXN-10835,2024-04-24 19:15:00,Main Lounge,Patron Silver Tequila,3692.0,0.0,1015.7,2676.3
TXN-10836,2024-04-25 22:00:00,Main Lounge,Patron Silver Tequila,2676.3,0.0,917.7,1758.6
TXN-10837,2024-04-26 20:30:00,Main Lounge,Patron Silver Tequila,1758.6,0.0,1433.6,325.0
TXN-10838,2024-04-27 23:00:00,Main Lounge,Patron Silver Tequila,325.0,9000.0,1416.4,7908.6
TXN-10839,2024-04-28 19:15:00,Main Lounge,Patron Silver Tequila,7908.6,0.0,425.6,7483.0
TXN-10840,2024-04-29 19:30:00,Main Lounge,Patron Silver Tequila,7483.0,0.0,750.1,6732.9
TXN-10841,2024-04-30 23:00:00,Main Lounge,Patron Silver Tequila,6732.9,0.0,283.1,6449.8
TXN-10842,2024-05-01 21:30:00,Main Lounge,Patron Silver Tequila,6449.8,0.0,747.9,5701.9
TXN-10843,2024-05-02 18:30:00,Main Lounge,Patron Silver Tequila,5701.9,0.0,954.7,4747.2
TXN-10844,2024-05-03 21:00:00,Main Lounge,Patron Silver Tequila,4747.2,0.0,1842.9,2904.3
TXN-10845,2024-05-04 18:30:00,Main Lounge,Patron Silver Tequila,2904.3,0.0,1911.7,992.6
TXN-10846,2024-05-05 22:15:00,Main Lounge,Patron Silver Tequila,992.6,13500.0,960.9,13531.7
TXN-10847,2024-05-06 18:00:00,Main Lounge,Patron Silver Tequila,13531.7,0.0,664.4,12867.3
TXN-10848,2024-05-07 21:45:00,Main Lounge,Patron Silver Tequila,12867.3,0.0,698.2,12169.1
TXN-10849,2024-05-08 18:00:00,Main Lounge,Patron Silver Tequila,12169.1,0.0,897.1,11272.0
TXN-10850,2024-05-09 21:45:00,Main Lounge,Patron Silver Tequila,11272.0,0.0,996.9,10275.1
TXN-10851,2024-05-10 20:45:00,Main Lounge,Patron Silver Tequila,10275.1,0.0,1840.7,8434.4
TXN-10852,2024-05-11 23:15:00,Main Lounge,Patron Silver Tequila,8434.4,0.0,1590.1,6844.3
TXN-10853,2024-05-12 20:00:00,Main Lounge,Patron Silver Tequila,6844.3,0.0,980.6,5863.7
TXN-10854,2024-05-13 18:00:00,Main Lounge,Patron Silver Tequila,5863.7,0.0,804.7,5059.0
TXN-10855,2024-05-14 22:45:00,Main Lounge,Patron Silver Tequila,5059.0,0.0,1164.3,3894.7
TXN-10856,2024-05-15 20:30:00,Main Lounge,Patron Silver Tequila,3894.7,0.0,724.9,3169.8
TXN-10857,2024-05-16 21:30:00,Main Lounge,Patron Silver Tequila,3169.8,0.0,468.9,2700.9
TXN-10858,2024-05-17 19:45:00,Main Lounge,Patron Silver Tequila,2700.9,0.0,1575.4,1125.5
TXN-10859,2024-05-18 20:15:00,Main Lounge,Patron Silver Tequila,1125.5,13500.0,1646.1,12979.4
TXN-10860,2024-05-19 20:30:00,Main Lounge,Patron Silver Tequila,12979.4,0.0,1049.2,11930.2
TXN-10861,2024-05-20 20:00:00,Main Lounge,Patron Silver Tequila,11930.2,0.0,732.2,11198.0
TXN-10862,2024-05-21 18:15:00,Main Lounge,Patron Silver Tequila,11198.0,0.0,557.0,10641.0
TXN-10863,2024-05-22 23:45:00,Main Lounge,Patron Silver Tequila,10641.0,0.0,1015.8,9625.2
TXN-10864,2024-05-23 23:15:00,Main Lounge,Patron Silver Tequila,9625.2,0.0,500.5,9124.7
TXN-10865,2024-05-24 19:15:00,Main Lounge,Patron Silver Tequila,9124.7,0.0,2092.4,7032.3
TXN-10866,2024-05-25 21:00:00,Main Lounge,Patron Silver Tequila,7032.3,0.0,1482.1,5550.2
TXN-10867,2024-05-26 23:30:00,Main Lounge,Patron Silver Tequila,5550.2,0.0,1057.7,4492.5
TXN-10868,2024-05-27 23:00:00,Main Lounge,Patron Silver Tequila,4492.5,0.0,998.2,3494.3
TXN-10869,2024-05-28 19:00:00,Main Lounge,Patron Silver Tequila,3494.3,0.0,642.3,2852.0
TXN-10870,2024-05-29 19:15:00,Main Lounge,Patron Silver Tequila,2852.0,0.0,584.6,2267.4
TXN-10871,2024-05-30 22:45:00,Main Lounge,Patron Silver Tequila,2267.4,0.0,386.9,1880.5
TXN-10872,2024-05-31 22:15:00,Main Lounge,Patron Silver Tequila,1880.5,0.0,1663.6,216.9
TXN-10873,2024-06-01 20:30:00,Main Lounge,Patron Silver Tequila,216.9,13500.0,1485.7,12231.2
TXN-10874,2024-06-02 18:30:00,Main Lounge,Patron Silver Tequila,12231.2,0.0,1135.3,11095.9
TXN-10875,2024-06-03 23:15:00,Main Lounge,Patron Silver Tequila,11095.9,0.0,487.3,10608.6
TXN-10876,2024-06-04 20:00:00,Main Lounge,Patron Silver Tequila,10608.6,0.0,467.0,10141.6
TXN-10877,2024-06-05 20:30:00,Main Lounge,Patron Silver Tequila,10141.6,0.0,1151.1,8990.5
TXN-10878,2024-06-06 22:15:00,Main Lounge,Patron Silver Tequila,8990.5,0.0,559.9,8430.6
TXN-10879,2024-06-07 18:00:00,Main Lounge,Patron Silver Tequila,8430.6,0.0,1421.0,7009.6
TXN-10880,2024-06-08 23:00:00,Main Lounge,Patron Silver Tequila,7009.6,0.0,2003.9,5005.7
TXN-10881,2024-06-09 20:15:00,Main Lounge,Patron Silver Tequila,5005.7,0.0,308.0,4682.7
TXN-10882,2024-06-10 22:30:00,Main Lounge,Patron Silver Tequila,4697.7,0.0,756.9,3940.8
TXN-10883,2024-06-11 18:00:00,Main Lounge,Patron Silver Tequila,3940.8,0.0,358.2,3582.6
TXN-10884,2024-06-12 18:00:00,Main Lounge,Patron Silver Tequila,3582.6,0.0,1068.3,2514.3
TXN-10885,2024-06-13 22:15:00,Main Lounge,Patron Silver Tequila,2514.3,0.0,856.3,1658.0
TXN-10886,2024-06-14 23:45:00,Main Lounge,Patron Silver Tequila,1658.0,0.0,1629.1,28.9
TXN-10887,2024-06-15 20:45:00,Main Lounge,Patron Silver Tequila,28.9,13500.0,1638.3,11890.6
TXN-10888,2024-06-16 18:45:00,Main Lounge,Patron Silver Tequila,11890.6,0.0,1235.1,10655.5
TXN-10889,2024-06-17 20:15:00,Main Lounge,Patron Silver Tequila,10655.5,0.0,779.4,9876.1
TXN-10890,2024-06-18 21:00:00,Main Lounge,Patron Silver Tequila,9876.1,0.0,788.4,9087.7
TXN-10891,2024-06-19 22:45:00,Main Lounge,Patron Silver Tequila,9087.7,0.0,1200.4,7887.3
TXN-10892,2024-06-20 22:30:00,Main Lounge,Patron Silver Tequila,7887.3,0.0,848.3,7039.0
TXN-10893,2024-06-21 20:45:00,Main Lounge,Patron Silver Tequila,7039.0,0.0,1626.2,5412.8
TXN-10894,2024-06-22 20:00:00,Main Lounge,Patron Silver Tequila,5412.8,0.0,1584.7,3828.1
TXN-10895,2024-06-23 19:15:00,Main Lounge,Patron Silver Tequila,3828.1,0.0,367.4,3460.7
TXN-10896,2024-06-24 19:15:00,Main Lounge,Patron Silver Tequila,3460.7,0.0,623.1,2837.6
TXN-10897,2024-06-25 22:45:00,Main Lounge,Patron Silver Tequila,2837.6,0.0,838.4,1999.2
TXN-10898,2024-06-26 19:15:00,Main Lounge,Patron Silver Tequila,1999.2,0.0,831.6,1167.6
TXN-10899,2024-06-27 23:15:00,Main Lounge,Patron Silver Tequila,1167.6,9000.0,929.7,9237.9
TXN-10900,2024-06-28 22:15:00,Main Lounge,Patron Silver Tequila,9237.9,0.0,1863.7,7374.2
TXN-10901,2024-01-01 18:15:00,Main Lounge,Remy Martin XO Cognac,4900.0,0.0,84.5,4815.5
TXN-10902,2024-01-02 22:15:00,Main Lounge,Remy Martin XO Cognac,4815.5,0.0,30.3,4785.2
TXN-10903,2024-01-03 19:45:00,Main Lounge,Remy Martin XO Cognac,4785.2,0.0,0.0,4785.2
TXN-10904,2024-01-04 19:30:00,Main Lounge,Remy Martin XO Cognac,4785.2,0.0,205.0,4580.2
TXN-10905,2024-01-05 20:15:00,Main Lounge,Remy Martin XO Cognac,4580.2,0.0,219.6,4360.6
TXN-10906,2024-01-06 21:45:00,Main Lounge,Remy Martin XO Cognac,4360.6,0.0,140.0,4220.6
TXN-10907,2024-01-07 23:15:00,Main Lounge,Remy Martin XO Cognac,4220.6,0.0,0.0,4220.6
TXN-10908,2024-01-08 23:00:00,Main Lounge,Remy Martin XO Cognac,4220.6,0.0,156.4,4064.2
TXN-10909,2024-01-09 19:45:00,Main Lounge,Remy Martin XO Cognac,4064.2,0.0,0.0,4064.2
TXN-10910,2024-01-10 20:45:00,Main Lounge,Remy Martin XO Cognac,4064.2,0.0,168.4,3895.8
TXN-10911,2024-01-11 21:30:00,Main Lounge,Remy Martin XO Cognac,3895.8,0.0,0.0,3895.8
TXN-10912,2024-01-12 18:00:00,Main Lounge,Remy Martin XO Cognac,3895.8,0.0,217.8,3678.0
TXN-10913,2024-01-13 22:30:00,Main Lounge,Remy Martin XO Cognac,3678.0,0.0,178.1,3499.9
TXN-10914,2024-01-14 22:45:00,Main Lounge,Remy Martin XO Cognac,3499.9,0.0,0.0,3499.9
TXN-10915,2024-01-15 19:30:00,Main Lounge,Remy Martin XO Cognac,3499.9,0.0,170.2,3329.7
TXN-10916,2024-01-16 22:00:00,Main Lounge,Remy Martin XO Cognac,3329.7,0.0,0.0,3329.7
TXN-10917,2024-01-17 23:00:00,Main Lounge,Remy Martin XO Cognac,3329.7,0.0,0.0,3329.7
TXN-10918,2024-01-18 20:15:00,Main Lounge,Remy Martin XO Cognac,3329.7,0.0,239.9,3089.8
TXN-10919,2024-01-19 23:00:00,Main Lounge,Remy Martin XO Cognac,3089.8,0.0,246.7,2843.1
TXN-10920,2024-01-20 23:45:00,Main Lounge,Remy Martin XO Cognac,2843.1,0.0,245.9,2597.2
TXN-10921,2024-01-21 18:30:00,Main Lounge,Remy Martin XO Cognac,2597.2,0.0,0.0,2597.2
TXN-10922,2024-01-22 23:45:00,Main Lounge,Remy Martin XO Cognac,2597.2,0.0,0.0,2597.2
TXN-10923,2024-01-23 18:15:00,Main Lounge,Remy Martin XO Cognac,2597.2,0.0,71.7,2525.5
TXN-10924,2024-01-24 19:30:00,Main Lounge,Remy Martin XO Cognac,2525.5,0.0,0.0,2525.5
TXN-10925,2024-01-25 21:30:00,Main Lounge,Remy Martin XO Cognac,2525.5,0.0,0.0,2525.5
TXN-10926,2024-01-26 23:30:00,Main Lounge,Remy Martin XO Cognac,2525.5,0.0,212.4,2313.1
TXN-10927,2024-01-27 23:30:00,Main Lounge,Remy Martin XO Cognac,2313.1,0.0,63.8,2249.3
TXN-10928,2024-01-28 21:45:00,Main Lounge,Remy Martin XO Cognac,2249.3,0.0,0.0,2249.3
TXN-10929,2024-01-29 20:30:00,Main Lounge,Remy Martin XO Cognac,2249.3,0.0,0.0,2249.3
TXN-10930,2024-01-30 18:00:00,Main Lounge,Remy Martin XO Cognac,2249.3,0.0,284.6,1964.7
TXN-10931,2024-01-31 22:45:00,Main Lounge,Remy Martin XO Cognac,1964.7,0.0,248.4,1716.3
TXN-10932,2024-02-01 22:30:00,Main Lounge,Remy Martin XO Cognac,1716.3,0.0,134.0,1582.3
TXN-10933,2024-02-02 22:15:00,Main Lounge,Remy Martin XO Cognac,1582.3,0.0,242.2,1340.1
TXN-10934,2024-02-03 19:00:00,Main Lounge,Remy Martin XO Cognac,1340.1,4200.0,129.4,5410.7
TXN-10935,2024-02-04 20:00:00,Main Lounge,Remy Martin XO Cognac,5410.7,0.0,204.9,5205.8
TXN-10936,2024-02-05 20:45:00,Main Lounge,Remy Martin XO Cognac,5205.8,0.0,277.4,4928.4
TXN-10937,2024-02-06 18:00:00,Main Lounge,Remy Martin XO Cognac,4928.4,0.0,187.8,4740.6
TXN-10938,2024-02-07 20:45:00,Main Lounge,Remy Martin XO Cognac,4740.6,0.0,208.5,4532.1
TXN-10939,2024-02-08 23:00:00,Main Lounge,Remy Martin XO Cognac,4532.1,0.0,0.0,4532.1
TXN-10940,2024-02-09 20:30:00,Main Lounge,Remy Martin XO Cognac,4532.1,0.0,233.2,4298.9
TXN-10941,2024-02-10 23:00:00,Main Lounge,Remy Martin XO Cognac,4298.9,0.0,175.7,4123.2
TXN-10942,2024-02-11 23:15:00,Main Lounge,Remy Martin XO Cognac,4123.2,0.0,152.1,3971.1
TXN-10943,2024-02-12 21:30:00,Main Lounge,Remy Martin XO Cognac,3971.1,0.0,0.0,3971.1
TXN-10944,2024-02-13 22:15:00,Main Lounge,Remy Martin XO Cognac,3971.1,0.0,0.0,3971.1
TXN-10945,2024-02-14 21:45:00,Main Lounge,Remy Martin XO Cognac,3971.1,0.0,0.0,3971.1
TXN-10946,2024-02-15 20:30:00,Main Lounge,Remy Martin XO Cognac,3971.1,0.0,161.3,3809.8
TXN-10947,2024-02-16 23:45:00,Main Lounge,Remy Martin XO Cognac,3809.8,0.0,216.5,3593.3
TXN-10948,2024-02-17 21:30:00,Main Lounge,Remy Martin XO Cognac,3593.3,0.0,177.0,3416.3
TXN-10949,2024-02-18 21:30:00,Main Lounge,Remy Martin XO Cognac,3416.3,0.0,215.3,3201.0
TXN-10950,2024-02-19 18:45:00,Main Lounge,Remy Martin XO Cognac,3201.0,0.0,52.5,3148.5
TXN-10951,2024-02-20 19:45:00,Main Lounge,Remy Martin XO Cognac,3148.5,0.0,283.1,2865.4
TXN-10952,2024-02-21 21:00:00,Main Lounge,Remy Martin XO Cognac,2865.4,0.0,0.0,2865.4
TXN-10953,2024-02-22 21:15:00,Main Lounge,Remy Martin XO Cognac,2865.4,0.0,0.0,2865.4
TXN-10954,2024-02-23 18:45:00,Main Lounge,Remy Martin XO Cognac,2865.4,0.0,240.5,2624.9
TXN-10955,2024-02-24 21:15:00,Main Lounge,Remy Martin XO Cognac,2624.9,0.0,252.1,2372.8
TXN-10956,2024-02-25 19:45:00,Main Lounge,Remy Martin XO Cognac,2372.8,0.0,287.2,2085.6
TXN-10957,2024-02-26 20:00:00,Main Lounge,Remy Martin XO Cognac,2085.6,0.0,66.1,2019.5
TXN-10958,2024-02-27 23:15:00,Main Lounge,Remy Martin XO Cognac,2019.5,0.0,0.0,2019.5
TXN-10959,2024-02-28 18:15:00,Main Lounge,Remy Martin XO Cognac,2019.5,0.0,240.9,1778.6
TXN-10960,2024-02-29 18:45:00,Main Lounge,Remy Martin XO Cognac,1778.6,0.0,261.2,1517.4
TXN-10961,2024-03-01 18:30:00,Main Lounge,Remy Martin XO Cognac,1517.4,0.0,164.5,1352.9
TXN-10962,2024-03-02 22:45:00,Main Lounge,Remy Martin XO Cognac,1352.9,4200.0,322.9,5230.0
TXN-10963,2024-03-03 22:30:00,Main Lounge,Remy Martin XO Cognac,5230.0,0.0,0.0,5230.0
TXN-10964,2024-03-04 22:30:00,Main Lounge,Remy Martin XO Cognac,5230.0,0.0,222.2,5007.8
TXN-10965,2024-03-05 19:00:00,Main Lounge,Remy Martin XO Cognac,5007.8,0.0,187.8,4820.0
TXN-10966,2024-03-06 18:00:00,Main Lounge,Remy Martin XO Cognac,4820.0,0.0,153.5,4666.5
TXN-10967,2024-03-07 22:45:00,Main Lounge,Remy Martin XO Cognac,4666.5,0.0,0.0,4666.5
TXN-10968,2024-03-08 19:45:00,Main Lounge,Remy Martin XO Cognac,4666.5,0.0,234.6,4431.9
TXN-10969,2024-03-09 23:30:00,Main Lounge,Remy Martin XO Cognac,4431.9,0.0,60.4,4371.5
TXN-10970,2024-03-10 19:15:00,Main Lounge,Remy Martin XO Cognac,4371.5,0.0,116.0,4255.5
TXN-10971,2024-03-11 22:45:00,Main Lounge,Remy Martin XO Cognac,4255.5,0.0,304.6,3950.9
TXN-10972,2024-03-12 22:00:00,Main Lounge,Remy Martin XO Cognac,3950.9,0.0,378.9,3572.0
TXN-10973,2024-03-13 22:30:00,Main Lounge,Remy Martin XO Cognac,3572.0,0.0,49.0,3523.0
TXN-10974,2024-03-14 20:15:00,Main Lounge,Remy Martin XO Cognac,3523.0,0.0,62.1,3460.9
TXN-10975,2024-03-15 22:00:00,Main Lounge,Remy Martin XO Cognac,3460.9,0.0,304.1,3156.8
TXN-10976,2024-03-16 22:30:00,Main Lounge,Remy Martin XO Cognac,3156.8,0.0,52.4,3104.4
TXN-10977,2024-03-17 22:30:00,Main Lounge,Remy Martin XO Cognac,3104.4,0.0,21.8,3082.6
TXN-10978,2024-03-18 19:30:00,Main Lounge,Remy Martin XO Cognac,3082.6,0.0,252.0,2830.6
TXN-10979,2024-03-19 22:30:00,Main Lounge,Remy Martin XO Cognac,2830.6,0.0,174.1,2656.5
TXN-10980,2024-03-20 23:00:00,Main Lounge,Remy Martin XO Cognac,2656.5,0.0,259.8,2396.7
TXN-10981,2024-03-21 22:15:00,Main Lounge,Remy Martin XO Cognac,2396.7,0.0,154.3,2242.4
TXN-10982,2024-03-22 20:00:00,Main Lounge,Remy Martin XO Cognac,2242.4,0.0,288.2,1954.2
TXN-10983,2024-03-23 18:30:00,Main Lounge,Remy Martin XO Cognac,1954.2,0.0,170.5,1783.7
TXN-10984,2024-03-24 21:00:00,Main Lounge,Remy Martin XO Cognac,1783.7,0.0,36.6,1747.1
TXN-10985,2024-03-25 23:15:00,Main Lounge,Remy Martin XO Cognac,1747.1,0.0,0.0,1747.1
TXN-10986,2024-03-26 23:15:00,Main Lounge,Remy Martin XO Cognac,1747.1,0.0,235.0,1512.1
TXN-10987,2024-03-27 20:30:00,Main Lounge,Remy Martin XO Cognac,1512.1,0.0,0.0,1512.1
TXN-10988,2024-03-28 21:45:00,Main Lounge,Remy Martin XO Cognac,1512.1,0.0,329.4,1182.7
TXN-10989,2024-03-29 22:15:00,Main Lounge,Remy Martin XO Cognac,1182.7,8400.0,160.7,9422.0
TXN-10990,2024-03-30 19:30:00,Main Lounge,Remy Martin XO Cognac,9422.0,0.0,52.2,9369.8
TXN-10991,2024-03-31 23:45:00,Main Lounge,Remy Martin XO Cognac,9369.8,0.0,205.0,9164.8
TXN-10992,2024-04-01 23:00:00,Main Lounge,Remy Martin XO Cognac,9164.8,0.0,0.0,9164.8
TXN-10993,2024-04-02 20:00:00,Main Lounge,Remy Martin XO Cognac,9164.8,0.0,53.1,9111.7
TXN-10994,2024-04-03 18:30:00,Main Lounge,Remy Martin XO Cognac,9111.7,0.0,212.7,8899.0
TXN-10995,2024-04-04 18:30:00,Main Lounge,Remy Martin XO Cognac,8899.0,0.0,0.0,8899.0
TXN-10996,2024-04-05 22:15:00,Main Lounge,Remy Martin XO Cognac,8899.0,0.0,350.7,8548.3
TXN-10997,2024-04-06 21:30:00,Main Lounge,Remy Martin XO Cognac,8548.3,0.0,330.9,8217.4
TXN-10998,2024-04-07 22:30:00,Main Lounge,Remy Martin XO Cognac,8217.4,0.0,305.0,7912.4
TXN-10999,2024-04-08 21:15:00,Main Lounge,Remy Martin XO Cognac,7912.4,0.0,64.5,7847.9
TXN-11000,2024-04-09 23:45:00,Main Lounge,Remy Martin XO Cognac,7847.9,0.0,0.0,7847.9
TXN-11001,2024-04-10 22:45:00,Main Lounge,Remy Martin XO Cognac,7847.9,0.0,0.0,7847.9
TXN-11002,2024-04-11 23:45:00,Main Lounge,Remy Martin XO Cognac,7847.9,0.0,1.1,7846.8
TXN-11003,2024-04-12 23:45:00,Main Lounge,Remy Martin XO Cognac,7846.8,0.0,160.7,7686.1
TXN-11004,2024-04-13 22:00:00,Main Lounge,Remy Martin XO Cognac,7686.1,0.0,168.1,7518.0
TXN-11005,2024-04-14 23:45:00,Main Lounge,Remy Martin XO Cognac,7518.0,0.0,0.0,7518.0
TXN-11006,2024-04-15 23:15:00,Main Lounge,Remy Martin XO Cognac,7518.0,0.0,0.0,7518.0
TXN-11007,2024-04-16 23:45:00,Main Lounge,Remy Martin XO Cognac,7518.0,0.0,103.2,7414.8
TXN-11008,2024-04-17 19:45:00,Main Lounge,Remy Martin XO Cognac,7414.8,0.0,0.0,7414.8
TXN-11009,2024-04-18 21:45:00,Main Lounge,Remy Martin XO Cognac,7414.8,0.0,0.0,7414.8
TXN-11010,2024-04-19 19:00:00,Main Lounge,Remy Martin XO Cognac,7414.8,0.0,213.4,7201.4
TXN-11011,2024-04-20 22:45:00,Main Lounge,Remy Martin XO Cognac,7201.4,0.0,193.6,7007.8
TXN-11012,2024-04-21 18:45:00,Main Lounge,Remy Martin XO Cognac,7007.8,0.0,0.0,7007.8
TXN-11013,2024-04-22 21:15:00,Main Lounge,Remy Martin XO Cognac,7007.8,0.0,171.8,6836.0
TXN-11014,2024-04-23 18:30:00,Main Lounge,Remy Martin XO Cognac,6836.0,0.0,0.0,6836.0
TXN-11015,2024-04-24 21:30:00,Main Lounge,Remy Martin XO Cognac,6836.0,0.0,61.4,6774.6
TXN-11016,2024-04-25 21:30:00,Main Lounge,Remy Martin XO Cognac,6774.6,0.0,0.0,6774.6
TXN-11017,2024-04-26 18:00:00,Main Lounge,Remy Martin XO Cognac,6774.6,0.0,158.1,6616.5
TXN-11018,2024-04-27 20:00:00,Main Lounge,Remy Martin XO Cognac,6616.5,0.0,234.2,6382.3
TXN-11019,2024-04-28 18:00:00,Main Lounge,Remy Martin XO Cognac,6382.3,0.0,357.9,6024.4
TXN-11020,2024-04-29 23:45:00,Main Lounge,Remy Martin XO Cognac,6024.4,0.0,141.5,5882.9
TXN-11021,2024-04-30 21:30:00,Main Lounge,Remy Martin XO Cognac,5882.9,0.0,0.0,5882.9
TXN-11022,2024-05-01 23:45:00,Main Lounge,Remy Martin XO Cognac,5882.9,0.0,0.0,5882.9
TXN-11023,2024-05-02 23:45:00,Main Lounge,Remy Martin XO Cognac,5882.9,0.0,162.1,5720.8
TXN-11024,2024-05-03 20:45:00,Main Lounge,Remy Martin XO Cognac,5720.8,0.0,243.3,5477.5
TXN-11025,2024-05-04 22:15:00,Main Lounge,Remy Martin XO Cognac,5477.5,0.0,213.4,5264.1
TXN-11026,2024-05-05 23:00:00,Main Lounge,Remy Martin XO Cognac,5264.1,0.0,79.1,5185.0
TXN-11027,2024-05-06 19:15:00,Main Lounge,Remy Martin XO Cognac,5185.0,0.0,79.7,5095.3
TXN-11028,2024-05-07 18:15:00,Main Lounge,Remy Martin XO Cognac,5105.3,0.0,0.0,5105.3
TXN-11029,2024-05-08 22:00:00,Main Lounge,Remy Martin XO Cognac,5105.3,0.0,0.0,5105.3
TXN-11030,2024-05-09 20:00:00,Main Lounge,Remy Martin XO Cognac,5105.3,0.0,0.0,5105.3
TXN-11031,2024-05-10 20:15:00,Main Lounge,Remy Martin XO Cognac,5105.3,0.0,122.1,4983.2
TXN-11032,2024-05-11 22:45:00,Main Lounge,Remy Martin XO Cognac,4983.2,0.0,241.9,4726.3
TXN-11033,2024-05-12 18:15:00,Main Lounge,Remy Martin XO Cognac,4741.3,0.0,280.2,4461.1
TXN-11034,2024-05-13 22:30:00,Main Lounge,Remy Martin XO Cognac,4461.1,0.0,108.1,4353.0
TXN-11035,2024-05-14 18:45:00,Main Lounge,Remy Martin XO Cognac,4353.0,0.0,0.0,4353.0
TXN-11036,2024-05-15 21:15:00,Main Lounge,Remy Martin XO Cognac,4353.0,0.0,0.0,4353.0
TXN-11037,2024-05-16 21:15:00,Main Lounge,Remy Martin XO Cognac,4353.0,0.0,282.3,4070.7
TXN-11038,2024-05-17 18:45:00,Main Lounge,Remy Martin XO Cognac,4070.7,0.0,13.1,4057.6
TXN-11039,2024-05-18 19:45:00,Main Lounge,Remy Martin XO Cognac,4057.6,0.0,359.7,3697.9
TXN-11040,2024-05-19 18:00:00,Main Lounge,Remy Martin XO Cognac,3697.9,0.0,0.0,3697.9
TXN-11041,2024-05-20 20:15:00,Main Lounge,Remy Martin XO Cognac,3697.9,0.0,0.0,3697.9
TXN-11042,2024-05-21 20:30:00,Main Lounge,Remy Martin XO Cognac,3697.9,0.0,41.9,3656.0
TXN-11043,2024-05-22 22:00:00,Main Lounge,Remy Martin XO Cognac,3656.0,0.0,198.1,3457.9
TXN-11044,2024-05-23 22:00:00,Main Lounge,Remy Martin XO Cognac,3457.9,0.0,140.0,3317.9
TXN-11045,2024-05-24 23:45:00,Main Lounge,Remy Martin XO Cognac,3317.9,0.0,263.6,3054.3
TXN-11046,2024-05-25 18:00:00,Main Lounge,Remy Martin XO Cognac,3054.3,0.0,137.4,2916.9
TXN-11047,2024-05-26 20:30:00,Main Lounge,Remy Martin XO Cognac,2916.9,0.0,223.8,2693.1
TXN-11048,2024-05-27 20:45:00,Main Lounge,Remy Martin XO Cognac,2693.1,0.0,0.0,2693.1
TXN-11049,2024-05-28 22:30:00,Main Lounge,Remy Martin XO Cognac,2693.1,0.0,0.0,2693.1
TXN-11050,2024-05-29 22:45:00,Main Lounge,Remy Martin XO Cognac,2693.1,0.0,217.6,2475.5
TXN-11051,2024-05-30 21:30:00,Main Lounge,Remy Martin XO Cognac,2475.5,0.0,133.7,2341.8
TXN-11052,2024-05-31 23:45:00,Main Lounge,Remy Martin XO Cognac,2341.8,0.0,329.3,2012.5
TXN-11053,2024-06-01 21:00:00,Main Lounge,Remy Martin XO Cognac,2012.5,0.0,175.2,1837.3
TXN-11054,2024-06-02 18:30:00,Main Lounge,Remy Martin XO Cognac,1837.3,0.0,0.0,1837.3
TXN-11055,2024-06-03 20:00:00,Main Lounge,Remy Martin XO Cognac,1837.3,0.0,149.1,1688.2
TXN-11056,2024-06-04 23:00:00,Main Lounge,Remy Martin XO Cognac,1688.2,0.0,0.0,1688.2
TXN-11057,2024-06-05 19:45:00,Main Lounge,Remy Martin XO Cognac,1688.2,0.0,219.8,1468.4
TXN-11058,2024-06-06 19:30:00,Main Lounge,Remy Martin XO Cognac,1468.4,0.0,265.7,1202.7
TXN-11059,2024-06-07 20:15:00,Main Lounge,Remy Martin XO Cognac,1202.7,12600.0,273.5,13529.2
TXN-11060,2024-06-08 19:30:00,Main Lounge,Remy Martin XO Cognac,13529.2,0.0,303.5,13225.7
TXN-11061,2024-06-09 21:30:00,Main Lounge,Remy Martin XO Cognac,13225.7,0.0,145.6,13080.1
TXN-11062,2024-06-10 23:00:00,Main Lounge,Remy Martin XO Cognac,13080.1,0.0,0.0,13080.1
TXN-11063,2024-06-11 21:15:00,Main Lounge,Remy Martin XO Cognac,13080.1,0.0,169.2,12910.9
TXN-11064,2024-06-12 21:15:00,Main Lounge,Remy Martin XO Cognac,12910.9,0.0,0.0,12910.9
TXN-11065,2024-06-13 23:45:00,Main Lounge,Remy Martin XO Cognac,12910.9,0.0,212.1,12698.8
TXN-11066,2024-06-14 19:00:00,Main Lounge,Remy Martin XO Cognac,12698.8,0.0,273.4,12425.4
TXN-11067,2024-06-15 20:45:00,Main Lounge,Remy Martin XO Cognac,12425.4,0.0,327.7,12097.7
TXN-11068,2024-06-16 20:15:00,Main Lounge,Remy Martin XO Cognac,12097.7,0.0,0.0,12097.7
TXN-11069,2024-06-17 20:45:00,Main Lounge,Remy Martin XO Cognac,12097.7,0.0,0.0,12097.7
TXN-11070,2024-06-18 18:45:00,Main Lounge,Remy Martin XO Cognac,12097.7,0.0,0.0,12097.7
TXN-11071,2024-06-19 22:45:00,Main Lounge,Remy Martin XO Cognac,12097.7,0.0,144.8,11952.9
TXN-11072,2024-06-20 22:00:00,Main Lounge,Remy Martin XO Cognac,11952.9,0.0,0.0,11952.9
TXN-11073,2024-06-21 19:00:00,Main Lounge,Remy Martin XO Cognac,11952.9,0.0,211.3,11741.6
TXN-11074,2024-06-22 21:45:00,Main Lounge,Remy Martin XO Cognac,11741.6,0.0,283.5,11458.1
TXN-11075,2024-06-23 22:00:00,Main Lounge,Remy Martin XO Cognac,11458.1,0.0,293.8,11164.3
TXN-11076,2024-06-24 21:00:00,Main Lounge,Remy Martin XO Cognac,11164.3,0.0,150.0,11014.3
TXN-11077,2024-06-25 22:30:00,Main Lounge,Remy Martin XO Cognac,11014.3,0.0,197.0,10817.3
TXN-11078,2024-06-26 18:15:00,Main Lounge,Remy Martin XO Cognac,10817.3,0.0,193.9,10623.4
TXN-11079,2024-06-27 23:30:00,Main Lounge,Remy Martin XO Cognac,10623.4,0.0,83.4,10540.0
TXN-11080,2024-06-28 23:00:00,Main Lounge,Remy Martin XO Cognac,10540.0,0.0,210.1,10329.9
TXN-11081,2024-01-01 23:30:00,Main Lounge,Chartreuse Herbal Liqueur,7000.0,0.0,41.1,6958.9
TXN-11082,2024-01-02 22:30:00,Main Lounge,Chartreuse Herbal Liqueur,6958.9,0.0,0.0,6958.9
TXN-11083,2024-01-03 22:15:00,Main Lounge,Chartreuse Herbal Liqueur,6958.9,0.0,27.1,6931.8
TXN-11084,2024-01-04 19:15:00,Main Lounge,Chartreuse Herbal Liqueur,6931.8,0.0,0.0,6931.8
TXN-11085,2024-01-05 19:45:00,Main Lounge,Chartreuse Herbal Liqueur,6931.8,0.0,55.0,6876.8
TXN-11086,2024-01-06 21:00:00,Main Lounge,Chartreuse Herbal Liqueur,6876.8,0.0,138.3,6738.5
TXN-11087,2024-01-07 21:30:00,Main Lounge,Chartreuse Herbal Liqueur,6738.5,0.0,5.4,6733.1
TXN-11088,2024-01-08 20:45:00,Main Lounge,Chartreuse Herbal Liqueur,6733.1,0.0,138.4,6594.7
TXN-11089,2024-01-09 22:00:00,Main Lounge,Chartreuse Herbal Liqueur,6594.7,0.0,156.7,6438.0
TXN-11090,2024-01-10 18:30:00,Main Lounge,Chartreuse Herbal Liqueur,6438.0,0.0,0.0,6438.0
TXN-11091,2024-01-11 19:45:00,Main Lounge,Chartreuse Herbal Liqueur,6438.0,0.0,0.0,6438.0
TXN-11092,2024-01-12 21:45:00,Main Lounge,Chartreuse Herbal Liqueur,6438.0,0.0,61.1,6376.9
TXN-11093,2024-01-13 21:45:00,Main Lounge,Chartreuse Herbal Liqueur,6376.9,0.0,105.6,6271.3
TXN-11094,2024-01-14 21:45:00,Main Lounge,Chartreuse Herbal Liqueur,6271.3,0.0,0.0,6271.3
TXN-11095,2024-01-15 20:30:00,Main Lounge,Chartreuse Herbal Liqueur,6271.3,0.0,0.0,6271.3
TXN-11096,2024-01-16 21:30:00,Main Lounge,Chartreuse Herbal Liqueur,6271.3,0.0,96.8,6174.5
TXN-11097,2024-01-17 20:15:00,Main Lounge,Chartreuse Herbal Liqueur,6174.5,0.0,0.0,6174.5
TXN-11098,2024-01-18 21:15:00,Main Lounge,Chartreuse Herbal Liqueur,6174.5,0.0,194.4,5980.1
TXN-11099,2024-01-19 22:30:00,Main Lounge,Chartreuse Herbal Liqueur,5980.1,0.0,114.1,5866.0
TXN-11100,2024-01-20 23:45:00,Main Lounge,Chartreuse Herbal Liqueur,5866.0,0.0,102.5,5763.5
TXN-11101,2024-01-21 19:15:00,Main Lounge,Chartreuse Herbal Liqueur,5763.5,0.0,0.0,5763.5
TXN-11102,2024-01-22 18:00:00,Main Lounge,Chartreuse Herbal Liqueur,5763.5,0.0,0.0,5763.5
TXN-11103,2024-01-23 20:30:00,Main Lounge,Chartreuse Herbal Liqueur,5763.5,0.0,151.4,5612.1
TXN-11104,2024-01-24 21:30:00,Main Lounge,Chartreuse Herbal Liqueur,5612.1,0.0,0.0,5597.1
TXN-11105,2024-01-25 22:45:00,Main Lounge,Chartreuse Herbal Liqueur,5612.1,0.0,0.0,5612.1
TXN-11106,2024-01-26 21:15:00,Main Lounge,Chartreuse Herbal Liqueur,5612.1,0.0,154.5,5457.6
TXN-11107,2024-01-27 20:00:00,Main Lounge,Chartreuse Herbal Liqueur,5457.6,0.0,127.7,5329.9
TXN-11108,2024-01-28 18:15:00,Main Lounge,Chartreuse Herbal Liqueur,5329.9,0.0,82.3,5247.6
TXN-11109,2024-01-29 19:30:00,Main Lounge,Chartreuse Herbal Liqueur,5247.6,0.0,0.0,5247.6
TXN-11110,2024-01-30 21:45:00,Main Lounge,Chartreuse Herbal Liqueur,5247.6,0.0,58.3,5189.3
TXN-11111,2024-01-31 18:15:00,Main Lounge,Chartreuse Herbal Liqueur,5189.3,0.0,51.4,5137.9
TXN-11112,2024-02-01 19:15:00,Main Lounge,Chartreuse Herbal Liqueur,5137.9,0.0,97.9,5040.0
TXN-11113,2024-02-02 20:30:00,Main Lounge,Chartreuse Herbal Liqueur,5040.0,0.0,154.9,4885.1
TXN-11114,2024-02-03 22:15:00,Main Lounge,Chartreuse Herbal Liqueur,4885.1,0.0,190.4,4694.7
TXN-11115,2024-02-04 21:00:00,Main Lounge,Chartreuse Herbal Liqueur,4694.7,0.0,56.1,4638.6
TXN-11116,2024-02-05 20:45:00,Main Lounge,Chartreuse Herbal Liqueur,4638.6,0.0,48.3,4590.3
TXN-11117,2024-02-06 23:00:00,Main Lounge,Chartreuse Herbal Liqueur,4590.3,0.0,57.0,4533.3
TXN-11118,2024-02-07 19:45:00,Main Lounge,Chartreuse Herbal Liqueur,4533.3,0.0,73.2,4460.1
TXN-11119,2024-02-08 23:15:00,Main Lounge,Chartreuse Herbal Liqueur,4460.1,0.0,0.0,4460.1
TXN-11120,2024-02-09 23:30:00,Main Lounge,Chartreuse Herbal Liqueur,4460.1,0.0,97.0,4363.1
TXN-11121,2024-02-10 21:00:00,Main Lounge,Chartreuse Herbal Liqueur,4363.1,0.0,51.7,4311.4
TXN-11122,2024-02-11 22:45:00,Main Lounge,Chartreuse Herbal Liqueur,4311.4,0.0,43.4,4268.0
TXN-11123,2024-02-12 21:15:00,Main Lounge,Chartreuse Herbal Liqueur,4268.0,0.0,116.3,4151.7
TXN-11124,2024-02-13 23:30:00,Main Lounge,Chartreuse Herbal Liqueur,4151.7,0.0,0.0,4151.7
TXN-11125,2024-02-14 22:45:00,Main Lounge,Chartreuse Herbal Liqueur,4151.7,0.0,0.0,4151.7
TXN-11126,2024-02-15 23:45:00,Main Lounge,Chartreuse Herbal Liqueur,4151.7,0.0,0.0,4151.7
TXN-11127,2024-02-16 19:00:00,Main Lounge,Chartreuse Herbal Liqueur,4151.7,0.0,54.1,4097.6
TXN-11128,2024-02-17 21:00:00,Main Lounge,Chartreuse Herbal Liqueur,4097.6,0.0,129.2,3968.4
TXN-11129,2024-02-18 23:45:00,Main Lounge,Chartreuse Herbal Liqueur,3968.4,0.0,0.0,3968.4
TXN-11130,2024-02-19 21:15:00,Main Lounge,Chartreuse Herbal Liqueur,3968.4,0.0,119.8,3848.6
TXN-11131,2024-02-20 22:30:00,Main Lounge,Chartreuse Herbal Liqueur,3848.6,0.0,0.0,3848.6
TXN-11132,2024-02-21 21:00:00,Main Lounge,Chartreuse Herbal Liqueur,3848.6,0.0,108.6,3740.0
TXN-11133,2024-02-22 23:45:00,Main Lounge,Chartreuse Herbal Liqueur,3740.0,0.0,0.0,3740.0
TXN-11134,2024-02-23 18:45:00,Main Lounge,Chartreuse Herbal Liqueur,3740.0,0.0,74.6,3665.4
TXN-11135,2024-02-24 21:30:00,Main Lounge,Chartreuse Herbal Liqueur,3665.4,0.0,150.8,3514.6
TXN-11136,2024-02-25 19:45:00,Main Lounge,Chartreuse Herbal Liqueur,3514.6,0.0,108.5,3406.1
TXN-11137,2024-02-26 19:00:00,Main Lounge,Chartreuse Herbal Liqueur,3406.1,0.0,0.0,3406.1
TXN-11138,2024-02-27 20:15:00,Main Lounge,Chartreuse Herbal Liqueur,3406.1,0.0,0.0,3406.1
TXN-11139,2024-02-28 20:30:00,Main Lounge,Chartreuse Herbal Liqueur,3406.1,0.0,130.2,3275.9
TXN-11140,2024-02-29 21:15:00,Main Lounge,Chartreuse Herbal Liqueur,3275.9,0.0,185.0,3090.9
TXN-11141,2024-03-01 23:30:00,Main Lounge,Chartreuse Herbal Liqueur,3090.9,0.0,0.0,3090.9
TXN-11142,2024-03-02 20:45:00,Main Lounge,Chartreuse Herbal Liqueur,3090.9,0.0,47.7,3043.2
TXN-11143,2024-03-03 19:45:00,Main Lounge,Chartreuse Herbal Liqueur,3043.2,0.0,164.0,2879.2
TXN-11144,2024-03-04 21:45:00,Main Lounge,Chartreuse Herbal Liqueur,2879.2,0.0,0.0,2879.2
TXN-11145,2024-03-05 19:30:00,Main Lounge,Chartreuse Herbal Liqueur,2879.2,0.0,0.0,2879.2
TXN-11146,2024-03-06 21:30:00,Main Lounge,Chartreuse Herbal Liqueur,2879.2,0.0,0.0,2879.2
TXN-11147,2024-03-07 20:30:00,Main Lounge,Chartreuse Herbal Liqueur,2879.2,0.0,0.0,2879.2
TXN-11148,2024-03-08 21:30:00,Main Lounge,Chartreuse Herbal Liqueur,2879.2,0.0,110.9,2768.3
TXN-11149,2024-03-09 19:45:00,Main Lounge,Chartreuse Herbal Liqueur,2768.3,0.0,146.3,2622.0
TXN-11150,2024-03-10 21:00:00,Main Lounge,Chartreuse Herbal Liqueur,2622.0,0.0,0.0,2622.0
TXN-11151,2024-03-11 19:45:00,Main Lounge,Chartreuse Herbal Liqueur,2622.0,0.0,0.0,2622.0
TXN-11152,2024-03-12 23:15:00,Main Lounge,Chartreuse Herbal Liqueur,2622.0,0.0,0.0,2622.0
TXN-11153,2024-03-13 22:15:00,Main Lounge,Chartreuse Herbal Liqueur,2622.0,0.0,0.0,2622.0
TXN-11154,2024-03-14 20:00:00,Main Lounge,Chartreuse Herbal Liqueur,2622.0,0.0,0.0,2622.0
TXN-11155,2024-03-15 19:00:00,Main Lounge,Chartreuse Herbal Liqueur,2622.0,0.0,192.4,2429.6
TXN-11156,2024-03-16 18:15:00,Main Lounge,Chartreuse Herbal Liqueur,2429.6,0.0,81.4,2348.2
TXN-11157,2024-03-17 21:30:00,Main Lounge,Chartreuse Herbal Liqueur,2348.2,0.0,0.0,2348.2
TXN-11158,2024-03-18 21:45:00,Main Lounge,Chartreuse Herbal Liqueur,2348.2,0.0,109.2,2239.0
TXN-11159,2024-03-19 18:15:00,Main Lounge,Chartreuse Herbal Liqueur,2239.0,0.0,0.0,2239.0
TXN-11160,2024-03-20 22:45:00,Main Lounge,Chartreuse Herbal Liqueur,2239.0,0.0,0.0,2239.0
TXN-11161,2024-03-21 22:15:00,Main Lounge,Chartreuse Herbal Liqueur,2239.0,0.0,0.0,2239.0
TXN-11162,2024-03-22 19:45:00,Main Lounge,Chartreuse Herbal Liqueur,2239.0,0.0,164.8,2074.2
TXN-11163,2024-03-23 23:45:00,Main Lounge,Chartreuse Herbal Liqueur,2074.2,0.0,103.4,1970.8
TXN-11164,2024-03-24 21:15:00,Main Lounge,Chartreuse Herbal Liqueur,1970.8,0.0,0.0,1970.8
TXN-11165,2024-03-25 22:30:00,Main Lounge,Chartreuse Herbal Liqueur,1970.8,0.0,129.1,1841.7
TXN-11166,2024-03-26 22:45:00,Main Lounge,Chartreuse Herbal Liqueur,1841.7,0.0,0.0,1841.7
TXN-11167,2024-03-27 23:15:00,Main Lounge,Chartreuse Herbal Liqueur,1841.7,0.0,0.0,1841.7
TXN-11168,2024-03-28 20:45:00,Main Lounge,Chartreuse Herbal Liqueur,1841.7,0.0,73.1,1768.6
TXN-11169,2024-03-29 20:15:00,Main Lounge,Chartreuse Herbal Liqueur,1768.6,0.0,0.0,1768.6
TXN-11170,2024-03-30 23:15:00,Main Lounge,Chartreuse Herbal Liqueur,1768.6,0.0,40.0,1728.6
TXN-11171,2024-03-31 20:45:00,Main Lounge,Chartreuse Herbal Liqueur,1728.6,0.0,157.3,1571.3
TXN-11172,2024-04-01 23:15:00,Main Lounge,Chartreuse Herbal Liqueur,1571.3,0.0,27.6,1543.7
TXN-11173,2024-04-02 18:45:00,Main Lounge,Chartreuse Herbal Liqueur,1543.7,0.0,79.8,1463.9
TXN-11174,2024-04-03 20:30:00,Main Lounge,Chartreuse Herbal Liqueur,1463.9,0.0,0.0,1463.9
TXN-11175,2024-04-04 20:45:00,Main Lounge,Chartreuse Herbal Liqueur,1463.9,0.0,161.0,1302.9
TXN-11176,2024-04-05 19:00:00,Main Lounge,Chartreuse Herbal Liqueur,1302.9,8400.0,0.0,9702.9
TXN-11177,2024-04-06 23:45:00,Main Lounge,Chartreuse Herbal Liqueur,9702.9,0.0,45.8,9657.1
TXN-11178,2024-04-07 20:45:00,Main Lounge,Chartreuse Herbal Liqueur,9657.1,0.0,0.0,9657.1
TXN-11179,2024-04-08 21:45:00,Main Lounge,Chartreuse Herbal Liqueur,9657.1,0.0,0.0,9657.1
TXN-11180,2024-04-09 21:30:00,Main Lounge,Chartreuse Herbal Liqueur,9657.1,0.0,0.0,9657.1
TXN-11181,2024-04-10 21:00:00,Main Lounge,Chartreuse Herbal Liqueur,9657.1,0.0,121.6,9535.5
TXN-11182,2024-04-11 22:00:00,Main Lounge,Chartreuse Herbal Liqueur,9535.5,0.0,0.0,9535.5
TXN-11183,2024-04-12 20:45:00,Main Lounge,Chartreuse Herbal Liqueur,9535.5,0.0,177.8,9357.7
TXN-11184,2024-04-13 21:00:00,Main Lounge,Chartreuse Herbal Liqueur,9357.7,0.0,90.4,9267.3
TXN-11185,2024-04-14 20:45:00,Main Lounge,Chartreuse Herbal Liqueur,9267.3,0.0,0.0,9267.3
TXN-11186,2024-04-15 20:15:00,Main Lounge,Chartreuse Herbal Liqueur,9267.3,0.0,20.5,9246.8
TXN-11187,2024-04-16 19:30:00,Main Lounge,Chartreuse Herbal Liqueur,9246.8,0.0,0.0,9246.8
TXN-11188,2024-04-17 21:15:00,Main Lounge,Chartreuse Herbal Liqueur,9246.8,0.0,0.0,9246.8
TXN-11189,2024-04-18 20:30:00,Main Lounge,Chartreuse Herbal Liqueur,9246.8,0.0,13.4,9233.4
TXN-11190,2024-04-19 18:45:00,Main Lounge,Chartreuse Herbal Liqueur,9233.4,0.0,101.5,9131.9
TXN-11191,2024-04-20 22:00:00,Main Lounge,Chartreuse Herbal Liqueur,9131.9,0.0,123.0,9008.9
TXN-11192,2024-04-21 18:00:00,Main Lounge,Chartreuse Herbal Liqueur,9008.9,0.0,0.0,9008.9
TXN-11193,2024-04-22 18:45:00,Main Lounge,Chartreuse Herbal Liqueur,9008.9,0.0,183.1,8825.8
TXN-11194,2024-04-23 20:45:00,Main Lounge,Chartreuse Herbal Liqueur,8825.8,0.0,161.4,8664.4
TXN-11195,2024-04-24 19:45:00,Main Lounge,Chartreuse Herbal Liqueur,8664.4,0.0,44.1,8620.3
TXN-11196,2024-04-25 18:45:00,Main Lounge,Chartreuse Herbal Liqueur,8620.3,0.0,140.4,8479.9
TXN-11197,2024-04-26 20:15:00,Main Lounge,Chartreuse Herbal Liqueur,8479.9,0.0,63.1,8416.8
TXN-11198,2024-04-27 21:00:00,Main Lounge,Chartreuse Herbal Liqueur,8416.8,0.0,36.4,8380.4
TXN-11199,2024-04-28 18:30:00,Main Lounge,Chartreuse Herbal Liqueur,8380.4,0.0,77.9,8302.5
TXN-11200,2024-04-29 22:45:00,Main Lounge,Chartreuse Herbal Liqueur,8302.5,0.0,0.0,8302.5
TXN-11201,2024-04-30 23:00:00,Main Lounge,Chartreuse Herbal Liqueur,8302.5,0.0,21.2,8281.3
TXN-11202,2024-05-01 19:00:00,Main Lounge,Chartreuse Herbal Liqueur,8281.3,0.0,0.0,8281.3
TXN-11203,2024-05-02 18:45:00,Main Lounge,Chartreuse Herbal Liqueur,8281.3,0.0,0.0,8281.3
TXN-11204,2024-05-03 19:45:00,Main Lounge,Chartreuse Herbal Liqueur,8281.3,0.0,180.8,8100.5
TXN-11205,2024-05-04 18:30:00,Main Lounge,Chartreuse Herbal Liqueur,8100.5,0.0,44.4,8056.1
TXN-11206,2024-05-05 20:45:00,Main Lounge,Chartreuse Herbal Liqueur,8056.1,0.0,117.6,7938.5
TXN-11207,2024-05-06 19:45:00,Main Lounge,Chartreuse Herbal Liqueur,7938.5,0.0,0.0,7938.5
TXN-11208,2024-05-07 23:00:00,Main Lounge,Chartreuse Herbal Liqueur,7938.5,0.0,0.0,7938.5
TXN-11209,2024-05-08 20:30:00,Main Lounge,Chartreuse Herbal Liqueur,7938.5,0.0,0.0,7938.5
TXN-11210,2024-05-09 23:15:00,Main Lounge,Chartreuse Herbal Liqueur,7938.5,0.0,158.4,7780.1
TXN-11211,2024-05-10 18:45:00,Main Lounge,Chartreuse Herbal Liqueur,7780.1,0.0,3.3,7776.8
TXN-11212,2024-05-11 21:15:00,Main Lounge,Chartreuse Herbal Liqueur,7776.8,0.0,57.1,7719.7
TXN-11213,2024-05-12 22:00:00,Main Lounge,Chartreuse Herbal Liqueur,7719.7,0.0,0.0,7719.7
TXN-11214,2024-05-13 19:00:00,Main Lounge,Chartreuse Herbal Liqueur,7719.7,0.0,0.0,7719.7
TXN-11215,2024-05-14 23:30:00,Main Lounge,Chartreuse Herbal Liqueur,7719.7,0.0,0.0,7719.7
TXN-11216,2024-05-15 22:15:00,Main Lounge,Chartreuse Herbal Liqueur,7719.7,0.0,19.0,7700.7
TXN-11217,2024-05-16 20:30:00,Main Lounge,Chartreuse Herbal Liqueur,7700.7,0.0,158.7,7542.0
TXN-11218,2024-05-17 22:45:00,Main Lounge,Chartreuse Herbal Liqueur,7542.0,0.0,88.7,7453.3
TXN-11219,2024-05-18 19:45:00,Main Lounge,Chartreuse Herbal Liqueur,7453.3,0.0,59.1,7394.2
TXN-11220,2024-05-19 19:30:00,Main Lounge,Chartreuse Herbal Liqueur,7394.2,0.0,0.0,7394.2
TXN-11221,2024-05-20 23:00:00,Main Lounge,Chartreuse Herbal Liqueur,7394.2,0.0,0.0,7394.2
TXN-11222,2024-05-21 19:30:00,Main Lounge,Chartreuse Herbal Liqueur,7394.2,0.0,127.4,7266.8
TXN-11223,2024-05-22 23:15:00,Main Lounge,Chartreuse Herbal Liqueur,7266.8,0.0,0.0,7266.8
TXN-11224,2024-05-23 18:30:00,Main Lounge,Chartreuse Herbal Liqueur,7266.8,0.0,140.2,7126.6
TXN-11225,2024-05-24 23:30:00,Main Lounge,Chartreuse Herbal Liqueur,7126.6,0.0,4.6,7122.0
TXN-11226,2024-05-25 21:30:00,Main Lounge,Chartreuse Herbal Liqueur,7122.0,0.0,195.8,6926.2
TXN-11227,2024-05-26 22:15:00,Main Lounge,Chartreuse Herbal Liqueur,6926.2,0.0,2.6,6923.6
TXN-11228,2024-05-27 20:30:00,Main Lounge,Chartreuse Herbal Liqueur,6923.6,0.0,0.0,6923.6
TXN-11229,2024-05-28 20:30:00,Main Lounge,Chartreuse Herbal Liqueur,6923.6,0.0,0.0,6923.6
TXN-11230,2024-05-29 22:30:00,Main Lounge,Chartreuse Herbal Liqueur,6923.6,0.0,0.0,6923.6
TXN-11231,2024-05-30 23:00:00,Main Lounge,Chartreuse Herbal Liqueur,6923.6,0.0,95.1,6828.5
TXN-11232,2024-05-31 20:00:00,Main Lounge,Chartreuse Herbal Liqueur,6828.5,0.0,45.1,6783.4
TXN-11233,2024-06-01 22:30:00,Main Lounge,Chartreuse Herbal Liqueur,6783.4,0.0,57.2,6726.2
TXN-11234,2024-06-02 23:15:00,Main Lounge,Chartreuse Herbal Liqueur,6726.2,0.0,110.0,6616.2
TXN-11235,2024-06-03 22:45:00,Main Lounge,Chartreuse Herbal Liqueur,6616.2,0.0,0.0,6616.2
TXN-11236,2024-06-04 23:45:00,Main Lounge,Chartreuse Herbal Liqueur,6616.2,0.0,0.0,6616.2
TXN-11237,2024-06-05 21:00:00,Main Lounge,Chartreuse Herbal Liqueur,6616.2,0.0,0.0,6616.2
TXN-11238,2024-06-06 23:00:00,Main Lounge,Chartreuse Herbal Liqueur,6616.2,0.0,0.0,6616.2
TXN-11239,2024-06-07 20:15:00,Main Lounge,Chartreuse Herbal Liqueur,6616.2,0.0,97.6,6518.6
TXN-11240,2024-06-08 22:30:00,Main Lounge,Chartreuse Herbal Liqueur,6518.6,0.0,112.3,6406.3
TXN-11241,2024-06-09 21:30:00,Main Lounge,Chartreuse Herbal Liqueur,6406.3,0.0,85.7,6320.6
TXN-11242,2024-06-10 21:45:00,Main Lounge,Chartreuse Herbal Liqueur,6320.6,0.0,12.9,6307.7
TXN-11243,2024-06-11 19:45:00,Main Lounge,Chartreuse Herbal Liqueur,6307.7,0.0,0.0,6307.7
TXN-11244,2024-06-12 23:00:00,Main Lounge,Chartreuse Herbal Liqueur,6307.7,0.0,181.6,6126.1
TXN-11245,2024-06-13 23:15:00,Main Lounge,Chartreuse Herbal Liqueur,6126.1,0.0,0.0,6126.1
TXN-11246,2024-06-14 19:30:00,Main Lounge,Chartreuse Herbal Liqueur,6126.1,0.0,129.9,5996.2
TXN-11247,2024-06-15 22:15:00,Main Lounge,Chartreuse Herbal Liqueur,5996.2,0.0,154.5,5841.7
TXN-11248,2024-06-16 19:15:00,Main Lounge,Chartreuse Herbal Liqueur,5841.7,0.0,135.9,5705.8
TXN-11249,2024-06-17 18:00:00,Main Lounge,Chartreuse Herbal Liqueur,5705.8,0.0,102.8,5603.0
TXN-11250,2024-06-18 21:45:00,Main Lounge,Chartreuse Herbal Liqueur,5603.0,0.0,43.1,5559.9
TXN-11251,2024-06-19 20:45:00,Main Lounge,Chartreuse Herbal Liqueur,5559.9,0.0,141.1,5418.8
TXN-11252,2024-06-20 20:45:00,Main Lounge,Chartreuse Herbal Liqueur,5418.8,0.0,87.3,5331.5
TXN-11253,2024-06-21 22:15:00,Main Lounge,Chartreuse Herbal Liqueur,5331.5,0.0,72.2,5259.3
TXN-11254,2024-06-22 20:45:00,Main Lounge,Chartreuse Herbal Liqueur,5259.3,0.0,102.8,5156.5
TXN-11255,2024-06-23 23:00:00,Main Lounge,Chartreuse Herbal Liqueur,5156.5,0.0,78.4,5068.1
TXN-11256,2024-06-24 20:45:00,Main Lounge,Chartreuse Herbal Liqueur,5078.1,0.0,63.7,5014.4
TXN-11257,2024-06-25 23:00:00,Main Lounge,Chartreuse Herbal Liqueur,5014.4,0.0,19.4,4995.0
TXN-11258,2024-06-26 20:00:00,Main Lounge,Chartreuse Herbal Liqueur,4995.0,0.0,9.0,4986.0
TXN-11259,2024-06-27 20:15:00,Main Lounge,Chartreuse Herbal Liqueur,4986.0,0.0,0.0,4986.0
TXN-11260,2024-06-28 21:30:00,Main Lounge,Chartreuse Herbal Liqueur,4986.0,0.0,109.0,4877.0
TXN-11261,2024-01-01 22:15:00,Rooftop Bar,Grey Goose Vodka,10000.0,0.0,1775.9,8224.1
TXN-11262,2024-01-02 22:00:00,Rooftop Bar,Grey Goose Vodka,8224.1,0.0,1004.4,7219.7
TXN-11263,2024-01-03 21:00:00,Rooftop Bar,Grey Goose Vodka,7219.7,0.0,603.9,6615.8
TXN-11264,2024-01-04 19:00:00,Rooftop Bar,Grey Goose Vodka,6615.8,0.0,1086.9,5528.9
TXN-11265,2024-01-05 22:15:00,Rooftop Bar,Grey Goose Vodka,5528.9,0.0,2591.9,2937.0
TXN-11266,2024-01-06 20:15:00,Rooftop Bar,Grey Goose Vodka,2937.0,0.0,2235.6,701.4
TXN-11267,2024-01-07 18:45:00,Rooftop Bar,Grey Goose Vodka,701.4,18000.0,1061.4,17640.0
TXN-11268,2024-01-08 22:30:00,Rooftop Bar,Grey Goose Vodka,17640.0,0.0,1363.5,16276.5
TXN-11269,2024-01-09 21:15:00,Rooftop Bar,Grey Goose Vodka,16276.5,0.0,1305.3,14971.2
TXN-11270,2024-01-10 18:45:00,Rooftop Bar,Grey Goose Vodka,14971.2,0.0,1339.2,13632.0
TXN-11271,2024-01-11 23:30:00,Rooftop Bar,Grey Goose Vodka,13632.0,0.0,1802.4,11829.6
TXN-11272,2024-01-12 19:30:00,Rooftop Bar,Grey Goose Vodka,11829.6,0.0,3054.8,8774.8
TXN-11273,2024-01-13 19:15:00,Rooftop Bar,Grey Goose Vodka,8774.8,0.0,2756.4,6018.4
TXN-11274,2024-01-14 22:15:00,Rooftop Bar,Grey Goose Vodka,6018.4,0.0,1164.7,4853.7
TXN-11275,2024-01-15 20:30:00,Rooftop Bar,Grey Goose Vodka,4853.7,0.0,1054.8,3798.9
TXN-11276,2024-01-16 19:15:00,Rooftop Bar,Grey Goose Vodka,3798.9,0.0,1375.0,2423.9
TXN-11277,2024-01-17 22:00:00,Rooftop Bar,Grey Goose Vodka,2423.9,0.0,1554.7,869.2
TXN-11278,2024-01-18 18:00:00,Rooftop Bar,Grey Goose Vodka,869.2,18000.0,1958.8,16910.4
TXN-11279,2024-01-19 19:30:00,Rooftop Bar,Grey Goose Vodka,16910.4,0.0,2862.7,14047.7
TXN-11280,2024-01-20 22:45:00,Rooftop Bar,Grey Goose Vodka,14047.7,0.0,3288.8,10758.9
TXN-11281,2024-01-21 23:45:00,Rooftop Bar,Grey Goose Vodka,10758.9,0.0,1570.1,9188.8
TXN-11282,2024-01-22 22:30:00,Rooftop Bar,Grey Goose Vodka,9188.8,0.0,1179.9,8008.9
TXN-11283,2024-01-23 22:45:00,Rooftop Bar,Grey Goose Vodka,8008.9,0.0,1137.6,6871.3
TXN-11284,2024-01-24 21:45:00,Rooftop Bar,Grey Goose Vodka,6871.3,0.0,1179.2,5692.1
TXN-11285,2024-01-25 21:30:00,Rooftop Bar,Grey Goose Vodka,5692.1,0.0,1325.9,4366.2
TXN-11286,2024-01-26 22:30:00,Rooftop Bar,Grey Goose Vodka,4366.2,0.0,2681.4,1684.8
TXN-11287,2024-01-27 18:30:00,Rooftop Bar,Grey Goose Vodka,1684.8,6000.0,2311.0,5373.8
TXN-11288,2024-01-28 21:30:00,Rooftop Bar,Grey Goose Vodka,5373.8,0.0,783.4,4590.4
TXN-11289,2024-01-29 21:15:00,Rooftop Bar,Grey Goose Vodka,4590.4,0.0,1467.1,3123.3
TXN-11290,2024-01-30 20:15:00,Rooftop Bar,Grey Goose Vodka,3123.3,0.0,1003.7,2119.6
TXN-11291,2024-01-31 22:30:00,Rooftop Bar,Grey Goose Vodka,2119.6,0.0,1175.7,943.9
TXN-11292,2024-02-01 20:15:00,Rooftop Bar,Grey Goose Vodka,943.9,12000.0,1146.5,11797.4
TXN-11293,2024-02-02 21:30:00,Rooftop Bar,Grey Goose Vodka,11797.4,0.0,3133.6,8663.8
TXN-11294,2024-02-03 20:30:00,Rooftop Bar,Grey Goose Vodka,8663.8,0.0,2659.8,6004.0
TXN-11295,2024-02-04 23:30:00,Rooftop Bar,Grey Goose Vodka,6004.0,0.0,1475.0,4529.0
TXN-11296,2024-02-05 23:45:00,Rooftop Bar,Grey Goose Vodka,4529.0,0.0,969.2,3559.8
TXN-11297,2024-02-06 22:00:00,Rooftop Bar,Grey Goose Vodka,3559.8,0.0,1181.6,2378.2
TXN-11298,2024-02-07 19:15:00,Rooftop Bar,Grey Goose Vodka,2378.2,0.0,2284.0,94.2
TXN-11299,2024-02-08 22:15:00,Rooftop Bar,Grey Goose Vodka,94.2,12000.0,1488.1,10606.1
TXN-11300,2024-02-09 18:15:00,Rooftop Bar,Grey Goose Vodka,10606.1,0.0,2811.6,7794.5
TXN-11301,2024-02-10 19:45:00,Rooftop Bar,Grey Goose Vodka,7794.5,0.0,2965.8,4828.7
TXN-11302,2024-02-11 23:00:00,Rooftop Bar,Grey Goose Vodka,4828.7,0.0,2171.8,2656.9
TXN-11303,2024-02-12 20:45:00,Rooftop Bar,Grey Goose Vodka,2656.9,0.0,1779.2,877.7
TXN-11304,2024-02-13 18:00:00,Rooftop Bar,Grey Goose Vodka,877.7,12000.0,835.7,12042.0
TXN-11305,2024-02-14 21:30:00,Rooftop Bar,Grey Goose Vodka,12042.0,0.0,1716.3,10325.7
TXN-11306,2024-02-15 23:00:00,Rooftop Bar,Grey Goose Vodka,10325.7,0.0,1655.8,8669.9
TXN-11307,2024-02-16 23:30:00,Rooftop Bar,Grey Goose Vodka,8669.9,0.0,2932.2,5737.7
TXN-11308,2024-02-17 18:30:00,Rooftop Bar,Grey Goose Vodka,5737.7,0.0,2846.2,2891.5
TXN-11309,2024-02-18 21:00:00,Rooftop Bar,Grey Goose Vodka,2891.5,0.0,1388.8,1502.7
TXN-11310,2024-02-19 18:30:00,Rooftop Bar,Grey Goose Vodka,1502.7,6000.0,1793.2,5709.5
TXN-11311,2024-02-20 22:30:00,Rooftop Bar,Grey Goose Vodka,5709.5,0.0,1025.4,4684.1
TXN-11312,2024-02-21 21:45:00,Rooftop Bar,Grey Goose Vodka,4684.1,0.0,397.0,4287.1
TXN-11313,2024-02-22 19:30:00,Rooftop Bar,Grey Goose Vodka,4287.1,0.0,1440.9,2846.2
TXN-11314,2024-02-23 20:30:00,Rooftop Bar,Grey Goose Vodka,2846.2,0.0,2514.6,331.6
TXN-11315,2024-02-24 22:00:00,Rooftop Bar,Grey Goose Vodka,331.6,18000.0,2756.1,15575.5
TXN-11316,2024-02-25 22:45:00,Rooftop Bar,Grey Goose Vodka,15575.5,0.0,1520.9,14054.6
TXN-11317,2024-02-26 19:15:00,Rooftop Bar,Grey Goose Vodka,14054.6,0.0,1392.7,12661.9
TXN-11318,2024-02-27 22:00:00,Rooftop Bar,Grey Goose Vodka,12661.9,0.0,675.4,11986.5
TXN-11319,2024-02-28 23:00:00,Rooftop Bar,Grey Goose Vodka,11986.5,0.0,1250.1,10736.4
TXN-11320,2024-02-29 22:00:00,Rooftop Bar,Grey Goose Vodka,10736.4,0.0,1279.1,9457.3
TXN-11321,2024-03-01 19:30:00,Rooftop Bar,Grey Goose Vodka,9457.3,0.0,3070.1,6387.2
TXN-11322,2024-03-02 22:30:00,Rooftop Bar,Grey Goose Vodka,6387.2,0.0,3242.1,3145.1
TXN-11323,2024-03-03 22:00:00,Rooftop Bar,Grey Goose Vodka,3145.1,0.0,1665.2,1479.9
TXN-11324,2024-03-04 18:00:00,Rooftop Bar,Grey Goose Vodka,1479.9,18000.0,676.2,18803.7
TXN-11325,2024-03-05 19:30:00,Rooftop Bar,Grey Goose Vodka,18803.7,0.0,1587.8,17215.9
TXN-11326,2024-03-06 20:15:00,Rooftop Bar,Grey Goose Vodka,17215.9,0.0,2430.4,14785.5
TXN-11327,2024-03-07 18:45:00,Rooftop Bar,Grey Goose Vodka,14785.5,0.0,1463.7,13321.8
TXN-11328,2024-03-08 22:15:00,Rooftop Bar,Grey Goose Vodka,13321.8,0.0,3146.7,10175.1
TXN-11329,2024-03-09 19:00:00,Rooftop Bar,Grey Goose Vodka,10175.1,0.0,2953.1,7222.0
TXN-11330,2024-03-10 21:15:00,Rooftop Bar,Grey Goose Vodka,7222.0,0.0,1234.1,5987.9
TXN-11331,2024-03-11 18:00:00,Rooftop Bar,Grey Goose Vodka,5987.9,0.0,1220.7,4767.2
TXN-11332,2024-03-12 23:00:00,Rooftop Bar,Grey Goose Vodka,4767.2,0.0,1174.4,3592.8
TXN-11333,2024-03-13 18:30:00,Rooftop Bar,Grey Goose Vodka,3592.8,0.0,1654.9,1937.9
TXN-11334,2024-03-14 20:15:00,Rooftop Bar,Grey Goose Vodka,1937.9,12000.0,1749.3,12188.6
TXN-11335,2024-03-15 19:15:00,Rooftop Bar,Grey Goose Vodka,12188.6,0.0,2822.2,9366.4
TXN-11336,2024-03-16 23:15:00,Rooftop Bar,Grey Goose Vodka,9366.4,0.0,3483.1,5883.3
TXN-11337,2024-03-17 19:30:00,Rooftop Bar,Grey Goose Vodka,5883.3,0.0,1449.6,4433.7
TXN-11338,2024-03-18 19:15:00,Rooftop Bar,Grey Goose Vodka,4433.7,0.0,1414.7,3019.0
TXN-11339,2024-03-19 20:15:00,Rooftop Bar,Grey Goose Vodka,3019.0,0.0,1160.1,1858.9
TXN-11340,2024-03-20 23:00:00,Rooftop Bar,Grey Goose Vodka,1858.9,18000.0,1649.5,18194.4
TXN-11341,2024-03-21 23:30:00,Rooftop Bar,Grey Goose Vodka,18209.4,0.0,1364.5,16844.9
TXN-11342,2024-03-22 21:30:00,Rooftop Bar,Grey Goose Vodka,16844.9,0.0,2474.2,14370.7
TXN-11343,2024-03-23 23:00:00,Rooftop Bar,Grey Goose Vodka,14370.7,0.0,2558.0,11812.7
TXN-11344,2024-03-24 19:15:00,Rooftop Bar,Grey Goose Vodka,11812.7,0.0,548.9,11263.8
TXN-11345,2024-03-25 19:00:00,Rooftop Bar,Grey Goose Vodka,11263.8,0.0,1144.4,10119.4
TXN-11346,2024-03-26 18:30:00,Rooftop Bar,Grey Goose Vodka,10119.4,0.0,1691.6,8427.8
TXN-11347,2024-03-27 20:00:00,Rooftop Bar,Grey Goose Vodka,8427.8,0.0,1171.9,7255.9
TXN-11348,2024-03-28 20:15:00,Rooftop Bar,Grey Goose Vodka,7255.9,0.0,1431.1,5824.8
TXN-11349,2024-03-29 22:00:00,Rooftop Bar,Grey Goose Vodka,5824.8,0.0,3090.7,2734.1
TXN-11350,2024-03-30 20:00:00,Rooftop Bar,Grey Goose Vodka,2734.1,0.0,2723.9,10.2
TXN-11351,2024-03-31 19:45:00,Rooftop Bar,Grey Goose Vodka,10.2,6000.0,1241.9,4768.3
TXN-11352,2024-04-01 21:15:00,Rooftop Bar,Grey Goose Vodka,4768.3,0.0,1404.8,3363.5
TXN-11353,2024-04-02 21:00:00,Rooftop Bar,Grey Goose Vodka,3363.5,0.0,1188.5,2175.0
TXN-11354,2024-04-03 19:15:00,Rooftop Bar,Grey Goose Vodka,2175.0,0.0,1320.7,854.3
TXN-11355,2024-04-04 22:00:00,Rooftop Bar,Grey Goose Vodka,854.3,12000.0,2142.6,10711.7
TXN-11356,2024-04-05 23:15:00,Rooftop Bar,Grey Goose Vodka,10711.7,0.0,2417.5,8294.2
TXN-11357,2024-04-06 22:15:00,Rooftop Bar,Grey Goose Vodka,8294.2,0.0,3208.3,5085.9
TXN-11358,2024-04-07 19:15:00,Rooftop Bar,Grey Goose Vodka,5085.9,0.0,1820.7,3265.2
TXN-11359,2024-04-08 21:30:00,Rooftop Bar,Grey Goose Vodka,3265.2,0.0,1126.2,2139.0
TXN-11360,2024-04-09 21:00:00,Rooftop Bar,Grey Goose Vodka,2139.0,0.0,1283.6,855.4
TXN-11361,2024-04-10 23:30:00,Rooftop Bar,Grey Goose Vodka,855.4,12000.0,1333.0,11522.4
TXN-11362,2024-04-11 22:15:00,Rooftop Bar,Grey Goose Vodka,11522.4,0.0,2045.0,9477.4
TXN-11363,2024-04-12 18:00:00,Rooftop Bar,Grey Goose Vodka,9477.4,0.0,3144.2,6333.2
TXN-11364,2024-04-13 20:15:00,Rooftop Bar,Grey Goose Vodka,6333.2,0.0,3404.7,2928.5
TXN-11365,2024-04-14 18:00:00,Rooftop Bar,Grey Goose Vodka,2928.5,0.0,1775.0,1153.5
TXN-11366,2024-04-15 23:30:00,Rooftop Bar,Grey Goose Vodka,1153.5,12000.0,1505.1,11648.4
TXN-11367,2024-04-16 22:15:00,Rooftop Bar,Grey Goose Vodka,11648.4,0.0,1758.7,9889.7
TXN-11368,2024-04-17 18:15:00,Rooftop Bar,Grey Goose Vodka,9889.7,0.0,1480.9,8408.8
TXN-11369,2024-04-18 21:45:00,Rooftop Bar,Grey Goose Vodka,8408.8,0.0,1347.9,7060.9
TXN-11370,2024-04-19 23:30:00,Rooftop Bar,Grey Goose Vodka,7060.9,0.0,2986.6,4074.3
TXN-11371,2024-04-20 19:15:00,Rooftop Bar,Grey Goose Vodka,4074.3,0.0,2561.9,1512.4
TXN-11372,2024-04-21 22:30:00,Rooftop Bar,Grey Goose Vodka,1512.4,18000.0,1557.1,17955.3
TXN-11373,2024-04-22 19:00:00,Rooftop Bar,Grey Goose Vodka,17955.3,0.0,1172.6,16782.7
TXN-11374,2024-04-23 18:00:00,Rooftop Bar,Grey Goose Vodka,16782.7,0.0,814.4,15968.3
TXN-11375,2024-04-24 23:45:00,Rooftop Bar,Grey Goose Vodka,15968.3,0.0,1049.8,14918.5
TXN-11376,2024-04-25 22:00:00,Rooftop Bar,Grey Goose Vodka,14918.5,0.0,1228.6,13689.9
TXN-11377,2024-04-26 18:45:00,Rooftop Bar,Grey Goose Vodka,13689.9,0.0,2901.3,10788.6
TXN-11378,2024-04-27 22:15:00,Rooftop Bar,Grey Goose Vodka,10788.6,0.0,2821.0,7967.6
TXN-11379,2024-04-28 19:00:00,Rooftop Bar,Grey Goose Vodka,7967.6,0.0,1443.0,6524.6
TXN-11380,2024-04-29 19:45:00,Rooftop Bar,Grey Goose Vodka,6524.6,0.0,1956.6,4568.0
TXN-11381,2024-04-30 23:00:00,Rooftop Bar,Grey Goose Vodka,4568.0,0.0,1630.5,2937.5
TXN-11382,2024-05-01 21:15:00,Rooftop Bar,Grey Goose Vodka,2937.5,0.0,699.6,2237.9
TXN-11383,2024-05-02 21:00:00,Rooftop Bar,Grey Goose Vodka,2237.9,0.0,2237.9,0.0
TXN-11384,2024-05-03 21:00:00,Rooftop Bar,Grey Goose Vodka,0.0,6000.0,2928.9,3071.1
TXN-11385,2024-05-04 18:15:00,Rooftop Bar,Grey Goose Vodka,3071.1,0.0,3071.1,0.0
TXN-11386,2024-05-05 18:15:00,Rooftop Bar,Grey Goose Vodka,0.0,6000.0,1270.4,4729.6
TXN-11387,2024-05-06 20:30:00,Rooftop Bar,Grey Goose Vodka,4729.6,0.0,622.8,4106.8
TXN-11388,2024-05-07 19:30:00,Rooftop Bar,Grey Goose Vodka,4106.8,0.0,1506.0,2600.8
TXN-11389,2024-05-08 22:15:00,Rooftop Bar,Grey Goose Vodka,2600.8,0.0,679.5,1921.3
TXN-11390,2024-05-09 18:15:00,Rooftop Bar,Grey Goose Vodka,1921.3,12000.0,1723.9,12197.4
TXN-11391,2024-05-10 21:15:00,Rooftop Bar,Grey Goose Vodka,12197.4,0.0,2842.9,9354.5
TXN-11392,2024-05-11 18:15:00,Rooftop Bar,Grey Goose Vodka,9354.5,0.0,2666.4,6688.1
TXN-11393,2024-05-12 19:00:00,Rooftop Bar,Grey Goose Vodka,6688.1,0.0,775.1,5913.0
TXN-11394,2024-05-13 20:45:00,Rooftop Bar,Grey Goose Vodka,5913.0,0.0,1404.1,4508.9
TXN-11395,2024-05-14 21:15:00,Rooftop Bar,Grey Goose Vodka,4508.9,0.0,409.5,4099.4
TXN-11396,2024-05-15 19:45:00,Rooftop Bar,Grey Goose Vodka,4099.4,0.0,1593.9,2505.5
TXN-11397,2024-05-16 21:15:00,Rooftop Bar,Grey Goose Vodka,2505.5,0.0,2191.7,313.8
TXN-11398,2024-05-17 21:45:00,Rooftop Bar,Grey Goose Vodka,313.8,6000.0,3166.6,3147.2
TXN-11399,2024-05-18 21:15:00,Rooftop Bar,Grey Goose Vodka,3147.2,0.0,3147.2,0.0
TXN-11400,2024-05-19 21:45:00,Rooftop Bar,Grey Goose Vodka,0.0,18000.0,862.8,17137.2
TXN-11401,2024-05-20 23:00:00,Rooftop Bar,Grey Goose Vodka,17137.2,0.0,603.7,16533.5
TXN-11402,2024-05-21 23:15:00,Rooftop Bar,Grey Goose Vodka,16533.5,0.0,1652.7,14880.8
TXN-11403,2024-05-22 20:45:00,Rooftop Bar,Grey Goose Vodka,14880.8,0.0,1708.1,13172.7
TXN-11404,2024-05-23 20:15:00,Rooftop Bar,Grey Goose Vodka,13172.7,0.0,1108.4,12064.3
TXN-11405,2024-05-24 20:00:00,Rooftop Bar,Grey Goose Vodka,12064.3,0.0,3080.2,8984.1
TXN-11406,2024-05-25 20:15:00,Rooftop Bar,Grey Goose Vodka,8984.1,0.0,2757.1,6227.0
TXN-11407,2024-05-26 20:00:00,Rooftop Bar,Grey Goose Vodka,6227.0,0.0,1636.9,4590.1
TXN-11408,2024-05-27 19:00:00,Rooftop Bar,Grey Goose Vodka,4590.1,0.0,1583.0,3007.1
TXN-11409,2024-05-28 19:45:00,Rooftop Bar,Grey Goose Vodka,3007.1,0.0,1582.3,1424.8
TXN-11410,2024-05-29 23:30:00,Rooftop Bar,Grey Goose Vodka,1424.8,6000.0,1513.3,5911.5
TXN-11411,2024-05-30 23:15:00,Rooftop Bar,Grey Goose Vodka,5911.5,0.0,1448.3,4463.2
TXN-11412,2024-05-31 19:00:00,Rooftop Bar,Grey Goose Vodka,4463.2,0.0,2969.4,1493.8
TXN-11413,2024-06-01 21:15:00,Rooftop Bar,Grey Goose Vodka,1493.8,18000.0,2762.7,16731.1
TXN-11414,2024-06-02 19:00:00,Rooftop Bar,Grey Goose Vodka,16731.1,0.0,1048.6,15682.5
TXN-11415,2024-06-03 19:45:00,Rooftop Bar,Grey Goose Vodka,15682.5,0.0,1453.8,14228.7
TXN-11416,2024-06-04 19:15:00,Rooftop Bar,Grey Goose Vodka,14228.7,0.0,1353.4,12875.3
TXN-11417,2024-06-05 21:00:00,Rooftop Bar,Grey Goose Vodka,12875.3,0.0,1538.7,11336.6
TXN-11418,2024-06-06 19:30:00,Rooftop Bar,Grey Goose Vodka,11336.6,0.0,915.9,10420.7
TXN-11419,2024-06-07 21:00:00,Rooftop Bar,Grey Goose Vodka,10420.7,0.0,3063.8,7356.9
TXN-11420,2024-06-08 22:15:00,Rooftop Bar,Grey Goose Vodka,7356.9,0.0,2649.1,4707.8
TXN-11421,2024-06-09 21:15:00,Rooftop Bar,Grey Goose Vodka,4707.8,0.0,1485.1,3222.7
TXN-11422,2024-06-10 21:45:00,Rooftop Bar,Grey Goose Vodka,3222.7,0.0,1555.2,1667.5
TXN-11423,2024-06-11 23:00:00,Rooftop Bar,Grey Goose Vodka,1667.5,12000.0,736.8,12930.7
TXN-11424,2024-06-12 21:15:00,Rooftop Bar,Grey Goose Vodka,12930.7,0.0,1011.6,11919.1
TXN-11425,2024-06-13 19:45:00,Rooftop Bar,Grey Goose Vodka,11919.1,0.0,1952.7,9966.4
TXN-11426,2024-06-14 23:00:00,Rooftop Bar,Grey Goose Vodka,9966.4,0.0,3042.8,6923.6
TXN-11427,2024-06-15 19:45:00,Rooftop Bar,Grey Goose Vodka,6923.6,0.0,2772.1,4151.5
TXN-11428,2024-06-16 21:45:00,Rooftop Bar,Grey Goose Vodka,4151.5,0.0,640.3,3511.2
TXN-11429,2024-06-17 19:15:00,Rooftop Bar,Grey Goose Vodka,3511.2,0.0,1596.4,1914.8
TXN-11430,2024-06-18 19:00:00,Rooftop Bar,Grey Goose Vodka,1914.8,6000.0,1113.9,6800.9
TXN-11431,2024-06-19 18:00:00,Rooftop Bar,Grey Goose Vodka,6800.9,0.0,1773.4,5027.5
TXN-11432,2024-06-20 20:30:00,Rooftop Bar,Grey Goose Vodka,5027.5,0.0,1238.2,3789.3
TXN-11433,2024-06-21 22:15:00,Rooftop Bar,Grey Goose Vodka,3789.3,0.0,3552.6,236.7
TXN-11434,2024-06-22 21:00:00,Rooftop Bar,Grey Goose Vodka,236.7,6000.0,3613.9,2622.8
TXN-11435,2024-06-23 21:15:00,Rooftop Bar,Grey Goose Vodka,2622.8,0.0,1428.0,1194.8
TXN-11436,2024-06-24 23:30:00,Rooftop Bar,Grey Goose Vodka,1194.8,18000.0,1711.2,17483.6
TXN-11437,2024-06-25 21:45:00,Rooftop Bar,Grey Goose Vodka,17483.6,0.0,1070.4,16413.2
TXN-11438,2024-06-26 18:45:00,Rooftop Bar,Grey Goose Vodka,16413.2,0.0,1002.6,15410.6
TXN-11439,2024-06-27 23:00:00,Rooftop Bar,Grey Goose Vodka,15410.6,0.0,1390.5,14020.1
TXN-11440,2024-06-28 20:15:00,Rooftop Bar,Grey Goose Vodka,14020.1,0.0,2415.4,11604.7
TXN-11441,2024-01-01 21:45:00,Rooftop Bar,Jack Daniel's Bourbon,7000.0,0.0,1126.1,5873.9
TXN-11442,2024-01-02 22:15:00,Rooftop Bar,Jack Daniel's Bourbon,5873.9,0.0,917.0,4956.9
TXN-11443,2024-01-03 23:45:00,Rooftop Bar,Jack Daniel's Bourbon,4956.9,0.0,1373.5,3583.4
TXN-11444,2024-01-04 22:00:00,Rooftop Bar,Jack Daniel's Bourbon,3583.4,0.0,945.9,2637.5
TXN-11445,2024-01-05 22:15:00,Rooftop Bar,Jack Daniel's Bourbon,2637.5,0.0,2321.0,316.5
TXN-11446,2024-01-06 21:45:00,Rooftop Bar,Jack Daniel's Bourbon,316.5,12000.0,2176.0,10140.5
TXN-11447,2024-01-07 23:00:00,Rooftop Bar,Jack Daniel's Bourbon,10140.5,0.0,1325.2,8815.3
TXN-11448,2024-01-08 21:15:00,Rooftop Bar,Jack Daniel's Bourbon,8815.3,0.0,593.9,8221.4
TXN-11449,2024-01-09 22:30:00,Rooftop Bar,Jack Daniel's Bourbon,8221.4,0.0,545.7,7675.7
TXN-11450,2024-01-10 23:00:00,Rooftop Bar,Jack Daniel's Bourbon,7675.7,0.0,944.7,6731.0
TXN-11451,2024-01-11 22:45:00,Rooftop Bar,Jack Daniel's Bourbon,6731.0,0.0,864.3,5886.7
TXN-11452,2024-01-12 21:00:00,Rooftop Bar,Jack Daniel's Bourbon,5866.7,0.0,2396.3,3470.4
TXN-11453,2024-01-13 20:00:00,Rooftop Bar,Jack Daniel's Bourbon,3470.4,0.0,2354.8,1115.6
TXN-11454,2024-01-14 22:30:00,Rooftop Bar,Jack Daniel's Bourbon,1115.6,12000.0,1069.6,12046.0
TXN-11455,2024-01-15 19:15:00,Rooftop Bar,Jack Daniel's Bourbon,12046.0,0.0,1096.4,10949.6
TXN-11456,2024-01-16 18:30:00,Rooftop Bar,Jack Daniel's Bourbon,10949.6,0.0,1173.6,9776.0
TXN-11457,2024-01-17 19:30:00,Rooftop Bar,Jack Daniel's Bourbon,9776.0,0.0,1358.4,8417.6
TXN-11458,2024-01-18 23:30:00,Rooftop Bar,Jack Daniel's Bourbon,8417.6,0.0,1282.2,7135.4
TXN-11459,2024-01-19 21:15:00,Rooftop Bar,Jack Daniel's Bourbon,7135.4,0.0,2040.2,5095.2
TXN-11460,2024-01-20 19:45:00,Rooftop Bar,Jack Daniel's Bourbon,5095.2,0.0,1897.5,3197.7
TXN-11461,2024-01-21 22:00:00,Rooftop Bar,Jack Daniel's Bourbon,3197.7,0.0,1418.3,1779.4
TXN-11462,2024-01-22 23:30:00,Rooftop Bar,Jack Daniel's Bourbon,1779.4,12000.0,893.1,12886.3
TXN-11463,2024-01-23 22:00:00,Rooftop Bar,Jack Daniel's Bourbon,12886.3,0.0,649.0,12237.3
TXN-11464,2024-01-24 19:30:00,Rooftop Bar,Jack Daniel's Bourbon,12237.3,0.0,1314.1,10923.2
TXN-11465,2024-01-25 19:15:00,Rooftop Bar,Jack Daniel's Bourbon,10923.2,0.0,1176.1,9747.1
TXN-11466,2024-01-26 19:00:00,Rooftop Bar,Jack Daniel's Bourbon,9747.1,0.0,2025.7,7721.4
TXN-11467,2024-01-27 19:15:00,Rooftop Bar,Jack Daniel's Bourbon,7721.4,0.0,1902.8,5818.6
TXN-11468,2024-01-28 18:15:00,Rooftop Bar,Jack Daniel's Bourbon,5818.6,0.0,1002.7,4815.9
TXN-11469,2024-01-29 18:45:00,Rooftop Bar,Jack Daniel's Bourbon,4815.9,0.0,773.7,4042.2
TXN-11470,2024-01-30 19:00:00,Rooftop Bar,Jack Daniel's Bourbon,4042.2,0.0,1599.0,2443.2
TXN-11471,2024-01-31 20:30:00,Rooftop Bar,Jack Daniel's Bourbon,2443.2,0.0,1374.7,1068.5
TXN-11472,2024-02-01 18:45:00,Rooftop Bar,Jack Daniel's Bourbon,1068.5,12000.0,1436.7,11631.8
TXN-11473,2024-02-02 20:45:00,Rooftop Bar,Jack Daniel's Bourbon,11631.8,0.0,2261.1,9370.7
TXN-11474,2024-02-03 23:45:00,Rooftop Bar,Jack Daniel's Bourbon,9370.7,0.0,1426.1,7944.6
TXN-11475,2024-02-04 19:00:00,Rooftop Bar,Jack Daniel's Bourbon,7944.6,0.0,1543.7,6400.9
TXN-11476,2024-02-05 21:00:00,Rooftop Bar,Jack Daniel's Bourbon,6400.9,0.0,997.4,5403.5
TXN-11477,2024-02-06 23:00:00,Rooftop Bar,Jack Daniel's Bourbon,5403.5,0.0,1237.5,4166.0
TXN-11478,2024-02-07 21:45:00,Rooftop Bar,Jack Daniel's Bourbon,4166.0,0.0,1161.8,3004.2
TXN-11479,2024-02-08 22:30:00,Rooftop Bar,Jack Daniel's Bourbon,3004.2,0.0,471.5,2532.7
TXN-11480,2024-02-09 19:15:00,Rooftop Bar,Jack Daniel's Bourbon,2532.7,0.0,2124.6,408.1
TXN-11481,2024-02-10 18:45:00,Rooftop Bar,Jack Daniel's Bourbon,408.1,18000.0,1969.0,16439.1
TXN-11482,2024-02-11 20:15:00,Rooftop Bar,Jack Daniel's Bourbon,16439.1,0.0,822.9,15616.2
TXN-11483,2024-02-12 19:15:00,Rooftop Bar,Jack Daniel's Bourbon,15616.2,0.0,435.1,15181.1
TXN-11484,2024-02-13 20:45:00,Rooftop Bar,Jack Daniel's Bourbon,15181.1,0.0,890.5,14290.6
TXN-11485,2024-02-14 18:30:00,Rooftop Bar,Jack Daniel's Bourbon,14290.6,0.0,1105.3,13185.3
TXN-11486,2024-02-15 23:00:00,Rooftop Bar,Jack Daniel's Bourbon,13185.3,0.0,1620.7,11564.6
TXN-11487,2024-02-16 20:45:00,Rooftop Bar,Jack Daniel's Bourbon,11564.6,0.0,2298.0,9266.6
TXN-11488,2024-02-17 22:15:00,Rooftop Bar,Jack Daniel's Bourbon,9266.6,0.0,2049.1,7217.5
TXN-11489,2024-02-18 21:15:00,Rooftop Bar,Jack Daniel's Bourbon,7217.5,0.0,1424.8,5792.7
TXN-11490,2024-02-19 23:00:00,Rooftop Bar,Jack Daniel's Bourbon,5792.7,0.0,1652.8,4139.9
TXN-11491,2024-02-20 23:30:00,Rooftop Bar,Jack Daniel's Bourbon,4139.9,0.0,950.7,3189.2
TXN-11492,2024-02-21 23:15:00,Rooftop Bar,Jack Daniel's Bourbon,3189.2,0.0,1271.3,1917.9
TXN-11493,2024-02-22 23:00:00,Rooftop Bar,Jack Daniel's Bourbon,1917.9,6000.0,948.9,6969.0
TXN-11494,2024-02-23 18:00:00,Rooftop Bar,Jack Daniel's Bourbon,6969.0,0.0,2248.1,4720.9
TXN-11495,2024-02-24 20:00:00,Rooftop Bar,Jack Daniel's Bourbon,4720.9,0.0,2469.7,2251.2
TXN-11496,2024-02-25 23:00:00,Rooftop Bar,Jack Daniel's Bourbon,2251.2,0.0,1148.8,1102.4
TXN-11497,2024-02-26 23:30:00,Rooftop Bar,Jack Daniel's Bourbon,1102.4,6000.0,781.1,6321.3
TXN-11498,2024-02-27 18:30:00,Rooftop Bar,Jack Daniel's Bourbon,6321.3,0.0,698.2,5623.1
TXN-11499,2024-02-28 23:30:00,Rooftop Bar,Jack Daniel's Bourbon,5623.1,0.0,1206.3,4416.8
TXN-11500,2024-02-29 20:45:00,Rooftop Bar,Jack Daniel's Bourbon,4416.8,0.0,1424.0,2992.8
TXN-11501,2024-03-01 22:30:00,Rooftop Bar,Jack Daniel's Bourbon,2992.8,0.0,2683.9,308.9
TXN-11502,2024-03-02 20:30:00,Rooftop Bar,Jack Daniel's Bourbon,308.9,12000.0,2197.7,10111.2
TXN-11503,2024-03-03 23:00:00,Rooftop Bar,Jack Daniel's Bourbon,10111.2,0.0,308.3,9802.9
TXN-11504,2024-03-04 21:45:00,Rooftop Bar,Jack Daniel's Bourbon,9802.9,0.0,1305.2,8497.7
TXN-11505,2024-03-05 23:00:00,Rooftop Bar,Jack Daniel's Bourbon,8497.7,0.0,622.0,7875.7
TXN-11506,2024-03-06 18:30:00,Rooftop Bar,Jack Daniel's Bourbon,7875.7,0.0,1205.1,6670.6
TXN-11507,2024-03-07 20:30:00,Rooftop Bar,Jack Daniel's Bourbon,6670.6,0.0,561.2,6109.4
TXN-11508,2024-03-08 21:00:00,Rooftop Bar,Jack Daniel's Bourbon,6109.4,0.0,2507.5,3601.9
TXN-11509,2024-03-09 23:30:00,Rooftop Bar,Jack Daniel's Bourbon,3601.9,0.0,2063.9,1538.0
TXN-11510,2024-03-10 21:00:00,Rooftop Bar,Jack Daniel's Bourbon,1538.0,18000.0,1510.1,18027.9
TXN-11511,2024-03-11 20:30:00,Rooftop Bar,Jack Daniel's Bourbon,18027.9,0.0,1226.5,16801.4
TXN-11512,2024-03-12 21:15:00,Rooftop Bar,Jack Daniel's Bourbon,16801.4,0.0,818.7,15982.7
TXN-11513,2024-03-13 19:30:00,Rooftop Bar,Jack Daniel's Bourbon,15982.7,0.0,1196.8,14785.9
TXN-11514,2024-03-14 22:15:00,Rooftop Bar,Jack Daniel's Bourbon,14785.9,0.0,1027.3,13758.6
TXN-11515,2024-03-15 21:15:00,Rooftop Bar,Jack Daniel's Bourbon,13758.6,0.0,2162.0,11596.6
TXN-11516,2024-03-16 20:30:00,Rooftop Bar,Jack Daniel's Bourbon,11596.6,0.0,2408.9,9187.7
TXN-11517,2024-03-17 20:30:00,Rooftop Bar,Jack Daniel's Bourbon,9187.7,0.0,1549.7,7638.0
TXN-11518,2024-03-18 23:45:00,Rooftop Bar,Jack Daniel's Bourbon,7638.0,0.0,1232.9,6405.1
TXN-11519,2024-03-19 21:45:00,Rooftop Bar,Jack Daniel's Bourbon,6405.1,0.0,1316.2,5088.9
TXN-11520,2024-03-20 23:15:00,Rooftop Bar,Jack Daniel's Bourbon,5088.9,0.0,1197.8,3891.1
TXN-11521,2024-03-21 21:30:00,Rooftop Bar,Jack Daniel's Bourbon,3891.1,0.0,867.9,3023.2
TXN-11522,2024-03-22 18:30:00,Rooftop Bar,Jack Daniel's Bourbon,3023.2,0.0,1981.4,1041.8
TXN-11523,2024-03-23 19:15:00,Rooftop Bar,Jack Daniel's Bourbon,1041.8,6000.0,2060.1,4981.7
TXN-11524,2024-03-24 19:15:00,Rooftop Bar,Jack Daniel's Bourbon,4981.7,0.0,430.8,4550.9
TXN-11525,2024-03-25 21:30:00,Rooftop Bar,Jack Daniel's Bourbon,4550.9,0.0,1689.7,2861.2
TXN-11526,2024-03-26 20:45:00,Rooftop Bar,Jack Daniel's Bourbon,2861.2,0.0,579.3,2281.9
TXN-11527,2024-03-27 23:00:00,Rooftop Bar,Jack Daniel's Bourbon,2281.9,0.0,1020.5,1281.4
TXN-11528,2024-03-28 19:45:00,Rooftop Bar,Jack Daniel's Bourbon,1261.4,12000.0,307.7,12953.7
TXN-11529,2024-03-29 20:30:00,Rooftop Bar,Jack Daniel's Bourbon,12953.7,0.0,2385.4,10568.3
TXN-11530,2024-03-30 19:30:00,Rooftop Bar,Jack Daniel's Bourbon,10568.3,0.0,2265.7,8302.6
TXN-11531,2024-03-31 21:15:00,Rooftop Bar,Jack Daniel's Bourbon,8302.6,0.0,1416.6,6886.0
TXN-11532,2024-04-01 18:45:00,Rooftop Bar,Jack Daniel's Bourbon,6886.0,0.0,574.6,6311.4
TXN-11533,2024-04-02 20:00:00,Rooftop Bar,Jack Daniel's Bourbon,6311.4,0.0,914.5,5396.9
TXN-11534,2024-04-03 23:45:00,Rooftop Bar,Jack Daniel's Bourbon,5396.9,0.0,624.4,4772.5
TXN-11535,2024-04-04 22:45:00,Rooftop Bar,Jack Daniel's Bourbon,4772.5,0.0,975.9,3796.6
TXN-11536,2024-04-05 20:30:00,Rooftop Bar,Jack Daniel's Bourbon,3796.6,0.0,2404.5,1392.1
TXN-11537,2024-04-06 23:00:00,Rooftop Bar,Jack Daniel's Bourbon,1392.1,6000.0,1942.9,5449.2
TXN-11538,2024-04-07 18:45:00,Rooftop Bar,Jack Daniel's Bourbon,5449.2,0.0,541.1,4908.1
TXN-11539,2024-04-08 18:00:00,Rooftop Bar,Jack Daniel's Bourbon,4908.1,0.0,922.9,3985.2
TXN-11540,2024-04-09 21:45:00,Rooftop Bar,Jack Daniel's Bourbon,3985.2,0.0,993.0,2992.2
TXN-11541,2024-04-10 20:30:00,Rooftop Bar,Jack Daniel's Bourbon,2992.2,0.0,1367.4,1624.8
TXN-11542,2024-04-11 22:45:00,Rooftop Bar,Jack Daniel's Bourbon,1624.8,12000.0,1279.1,12345.7
TXN-11543,2024-04-12 19:00:00,Rooftop Bar,Jack Daniel's Bourbon,12345.7,0.0,2139.6,10206.1
TXN-11544,2024-04-13 23:45:00,Rooftop Bar,Jack Daniel's Bourbon,10206.1,0.0,1805.8,8400.3
TXN-11545,2024-04-14 22:45:00,Rooftop Bar,Jack Daniel's Bourbon,8400.3,0.0,1085.2,7315.1
TXN-11546,2024-04-15 21:15:00,Rooftop Bar,Jack Daniel's Bourbon,7315.1,0.0,518.8,6796.3
TXN-11547,2024-04-16 22:15:00,Rooftop Bar,Jack Daniel's Bourbon,6796.3,0.0,909.7,5886.6
TXN-11548,2024-04-17 21:00:00,Rooftop Bar,Jack Daniel's Bourbon,5886.6,0.0,1029.2,4857.4
TXN-11549,2024-04-18 18:00:00,Rooftop Bar,Jack Daniel's Bourbon,4857.4,0.0,1021.2,3836.2
TXN-11550,2024-04-19 22:30:00,Rooftop Bar,Jack Daniel's Bourbon,3836.2,0.0,1892.5,1943.7
TXN-11551,2024-04-20 21:00:00,Rooftop Bar,Jack Daniel's Bourbon,1943.7,12000.0,2159.9,11783.8
TXN-11552,2024-04-21 18:00:00,Rooftop Bar,Jack Daniel's Bourbon,11783.8,0.0,945.2,10838.6
TXN-11553,2024-04-22 19:30:00,Rooftop Bar,Jack Daniel's Bourbon,10838.6,0.0,1536.1,9302.5
TXN-11554,2024-04-23 19:15:00,Rooftop Bar,Jack Daniel's Bourbon,9302.5,0.0,1044.2,8258.3
TXN-11555,2024-04-24 20:45:00,Rooftop Bar,Jack Daniel's Bourbon,8258.3,0.0,460.9,7797.4
TXN-11556,2024-04-25 18:45:00,Rooftop Bar,Jack Daniel's Bourbon,7797.4,0.0,1042.7,6754.7
TXN-11557,2024-04-26 20:00:00,Rooftop Bar,Jack Daniel's Bourbon,6754.7,0.0,2114.3,4640.4
TXN-11558,2024-04-27 22:30:00,Rooftop Bar,Jack Daniel's Bourbon,4640.4,0.0,2414.6,2225.8
TXN-11559,2024-04-28 19:00:00,Rooftop Bar,Jack Daniel's Bourbon,2225.8,0.0,1176.1,1049.7
TXN-11560,2024-04-29 19:30:00,Rooftop Bar,Jack Daniel's Bourbon,1049.7,18000.0,1386.3,17663.4
TXN-11561,2024-04-30 19:00:00,Rooftop Bar,Jack Daniel's Bourbon,17663.4,0.0,833.6,16829.8
TXN-11562,2024-05-01 19:45:00,Rooftop Bar,Jack Daniel's Bourbon,16829.8,0.0,603.7,16226.1
TXN-11563,2024-05-02 22:15:00,Rooftop Bar,Jack Daniel's Bourbon,16226.1,0.0,1144.9,15081.2
TXN-11564,2024-05-03 21:15:00,Rooftop Bar,Jack Daniel's Bourbon,15081.2,0.0,1925.9,13155.3
TXN-11565,2024-05-04 18:15:00,Rooftop Bar,Jack Daniel's Bourbon,13155.3,0.0,1812.6,11342.7
TXN-11566,2024-05-05 20:00:00,Rooftop Bar,Jack Daniel's Bourbon,11342.7,0.0,748.0,10594.7
TXN-11567,2024-05-06 20:30:00,Rooftop Bar,Jack Daniel's Bourbon,10594.7,0.0,1195.1,9399.6
TXN-11568,2024-05-07 18:00:00,Rooftop Bar,Jack Daniel's Bourbon,9399.6,0.0,1375.2,8024.4
TXN-11569,2024-05-08 19:15:00,Rooftop Bar,Jack Daniel's Bourbon,8024.4,0.0,1206.6,6817.8
TXN-11570,2024-05-09 22:45:00,Rooftop Bar,Jack Daniel's Bourbon,6817.8,0.0,1505.6,5312.2
TXN-11571,2024-05-10 23:00:00,Rooftop Bar,Jack Daniel's Bourbon,5312.2,0.0,2172.8,3139.4
TXN-11572,2024-05-11 19:45:00,Rooftop Bar,Jack Daniel's Bourbon,3139.4,0.0,2165.1,974.3
TXN-11573,2024-05-12 18:30:00,Rooftop Bar,Jack Daniel's Bourbon,974.3,18000.0,1252.8,17721.5
TXN-11574,2024-05-13 23:15:00,Rooftop Bar,Jack Daniel's Bourbon,17721.5,0.0,995.9,16725.6
TXN-11575,2024-05-14 21:15:00,Rooftop Bar,Jack Daniel's Bourbon,16725.6,0.0,1391.4,15334.2
TXN-11576,2024-05-15 23:30:00,Rooftop Bar,Jack Daniel's Bourbon,15334.2,0.0,1434.8,13899.4
TXN-11577,2024-05-16 21:30:00,Rooftop Bar,Jack Daniel's Bourbon,13899.4,0.0,945.8,12953.6
TXN-11578,2024-05-17 20:00:00,Rooftop Bar,Jack Daniel's Bourbon,12953.6,0.0,2123.5,10830.1
TXN-11579,2024-05-18 23:30:00,Rooftop Bar,Jack Daniel's Bourbon,10830.1,0.0,2210.2,8619.9
TXN-11580,2024-05-19 18:30:00,Rooftop Bar,Jack Daniel's Bourbon,8619.9,0.0,1232.4,7387.5
TXN-11581,2024-05-20 23:00:00,Rooftop Bar,Jack Daniel's Bourbon,7387.5,0.0,818.8,6568.7
TXN-11582,2024-05-21 23:30:00,Rooftop Bar,Jack Daniel's Bourbon,6568.7,0.0,422.9,6145.8
TXN-11583,2024-05-22 22:45:00,Rooftop Bar,Jack Daniel's Bourbon,6145.8,0.0,1804.0,4341.8
TXN-11584,2024-05-23 23:15:00,Rooftop Bar,Jack Daniel's Bourbon,4341.8,0.0,1145.6,3196.2
TXN-11585,2024-05-24 22:15:00,Rooftop Bar,Jack Daniel's Bourbon,3196.2,0.0,2345.4,850.8
TXN-11586,2024-05-25 18:45:00,Rooftop Bar,Jack Daniel's Bourbon,850.8,6000.0,2374.2,4476.6
TXN-11587,2024-05-26 23:00:00,Rooftop Bar,Jack Daniel's Bourbon,4476.6,0.0,1067.3,3409.3
TXN-11588,2024-05-27 18:00:00,Rooftop Bar,Jack Daniel's Bourbon,3409.3,0.0,716.9,2692.4
TXN-11589,2024-05-28 20:00:00,Rooftop Bar,Jack Daniel's Bourbon,2692.4,0.0,567.1,2125.3
TXN-11590,2024-05-29 21:45:00,Rooftop Bar,Jack Daniel's Bourbon,2125.3,0.0,1248.9,876.4
TXN-11591,2024-05-30 18:30:00,Rooftop Bar,Jack Daniel's Bourbon,876.4,18000.0,1304.7,17571.7
TXN-11592,2024-05-31 19:00:00,Rooftop Bar,Jack Daniel's Bourbon,17571.7,0.0,2448.2,15123.5
TXN-11593,2024-06-01 19:45:00,Rooftop Bar,Jack Daniel's Bourbon,15123.5,0.0,2283.3,12840.2
TXN-11594,2024-06-02 22:30:00,Rooftop Bar,Jack Daniel's Bourbon,12840.2,0.0,1463.5,11376.7
TXN-11595,2024-06-03 19:15:00,Rooftop Bar,Jack Daniel's Bourbon,11376.7,0.0,540.9,10835.8
TXN-11596,2024-06-04 19:45:00,Rooftop Bar,Jack Daniel's Bourbon,10835.8,0.0,1335.1,9500.7
TXN-11597,2024-06-05 21:00:00,Rooftop Bar,Jack Daniel's Bourbon,9500.7,0.0,1034.8,8465.9
TXN-11598,2024-06-06 20:00:00,Rooftop Bar,Jack Daniel's Bourbon,8465.9,0.0,1679.8,6786.1
TXN-11599,2024-06-07 23:45:00,Rooftop Bar,Jack Daniel's Bourbon,6786.1,0.0,2284.3,4501.8
TXN-11600,2024-06-08 19:00:00,Rooftop Bar,Jack Daniel's Bourbon,4501.8,0.0,1894.9,2606.9
TXN-11601,2024-06-09 21:45:00,Rooftop Bar,Jack Daniel's Bourbon,2606.9,0.0,903.1,1703.8
TXN-11602,2024-06-10 23:30:00,Rooftop Bar,Jack Daniel's Bourbon,1703.8,18000.0,930.0,18773.8
TXN-11603,2024-06-11 19:30:00,Rooftop Bar,Jack Daniel's Bourbon,18773.8,0.0,1190.3,17583.5
TXN-11604,2024-06-12 22:30:00,Rooftop Bar,Jack Daniel's Bourbon,17583.5,0.0,773.0,16810.5
TXN-11605,2024-06-13 18:00:00,Rooftop Bar,Jack Daniel's Bourbon,16810.5,0.0,532.1,16278.4
TXN-11606,2024-06-14 19:00:00,Rooftop Bar,Jack Daniel's Bourbon,16278.4,0.0,2000.2,14278.2
TXN-11607,2024-06-15 22:45:00,Rooftop Bar,Jack Daniel's Bourbon,14278.2,0.0,1681.8,12596.4
TXN-11608,2024-06-16 22:00:00,Rooftop Bar,Jack Daniel's Bourbon,12596.4,0.0,1212.6,11383.8
TXN-11609,2024-06-17 21:00:00,Rooftop Bar,Jack Daniel's Bourbon,11383.8,0.0,806.5,10577.3
TXN-11610,2024-06-18 19:30:00,Rooftop Bar,Jack Daniel's Bourbon,10577.3,0.0,1027.8,9549.5
TXN-11611,2024-06-19 20:00:00,Rooftop Bar,Jack Daniel's Bourbon,9549.5,0.0,916.4,8633.1
TXN-11612,2024-06-20 22:45:00,Rooftop Bar,Jack Daniel's Bourbon,8633.1,0.0,1151.0,7482.1
TXN-11613,2024-06-21 23:15:00,Rooftop Bar,Jack Daniel's Bourbon,7482.1,0.0,1939.8,5542.3
TXN-11614,2024-06-22 21:30:00,Rooftop Bar,Jack Daniel's Bourbon,5542.3,0.0,2420.9,3121.4
TXN-11615,2024-06-23 20:00:00,Rooftop Bar,Jack Daniel's Bourbon,3121.4,0.0,964.7,2156.7
TXN-11616,2024-06-24 18:00:00,Rooftop Bar,Jack Daniel's Bourbon,2156.7,0.0,663.5,1493.2
TXN-11617,2024-06-25 20:45:00,Rooftop Bar,Jack Daniel's Bourbon,1493.2,12000.0,1643.9,11849.3
TXN-11618,2024-06-26 18:30:00,Rooftop Bar,Jack Daniel's Bourbon,11849.3,0.0,938.6,10910.7
TXN-11619,2024-06-27 22:30:00,Rooftop Bar,Jack Daniel's Bourbon,10910.7,0.0,1132.6,9778.1
TXN-11620,2024-06-28 21:30:00,Rooftop Bar,Jack Daniel's Bourbon,9778.1,0.0,2188.7,7589.4
TXN-11621,2024-01-01 21:15:00,Rooftop Bar,Hendrick's Gin,6750.0,0.0,981.8,5768.2
TXN-11622,2024-01-02 18:00:00,Rooftop Bar,Hendrick's Gin,5768.2,0.0,1040.7,4727.5
TXN-11623,2024-01-03 19:00:00,Rooftop Bar,Hendrick's Gin,4727.5,0.0,1263.1,3464.4
TXN-11624,2024-01-04 21:15:00,Rooftop Bar,Hendrick's Gin,3464.4,0.0,1110.8,2353.6
TXN-11625,2024-01-05 20:15:00,Rooftop Bar,Hendrick's Gin,2353.6,0.0,1599.3,754.3
TXN-11626,2024-01-06 23:15:00,Rooftop Bar,Hendrick's Gin,754.3,13500.0,1822.0,12432.3
TXN-11627,2024-01-07 18:00:00,Rooftop Bar,Hendrick's Gin,12432.3,0.0,812.8,11619.5
TXN-11628,2024-01-08 21:30:00,Rooftop Bar,Hendrick's Gin,11619.5,0.0,999.4,10620.1
TXN-11629,2024-01-09 21:15:00,Rooftop Bar,Hendrick's Gin,10620.1,0.0,941.1,9679.0
TXN-11630,2024-01-10 23:00:00,Rooftop Bar,Hendrick's Gin,9679.0,0.0,901.4,8777.6
TXN-11631,2024-01-11 21:00:00,Rooftop Bar,Hendrick's Gin,8777.6,0.0,740.7,8036.9
TXN-11632,2024-01-12 18:00:00,Rooftop Bar,Hendrick's Gin,8036.9,0.0,1614.4,6422.5
TXN-11633,2024-01-13 23:45:00,Rooftop Bar,Hendrick's Gin,6422.5,0.0,1778.1,4644.4
TXN-11634,2024-01-14 22:30:00,Rooftop Bar,Hendrick's Gin,4644.4,0.0,697.7,3946.7
TXN-11635,2024-01-15 21:30:00,Rooftop Bar,Hendrick's Gin,3946.7,0.0,786.9,3159.8
TXN-11636,2024-01-16 19:00:00,Rooftop Bar,Hendrick's Gin,3159.8,0.0,832.7,2327.1
TXN-11637,2024-01-17 20:30:00,Rooftop Bar,Hendrick's Gin,2327.1,0.0,828.2,1498.9
TXN-11638,2024-01-18 23:30:00,Rooftop Bar,Hendrick's Gin,1498.9,4500.0,1208.1,4790.8
TXN-11639,2024-01-19 20:15:00,Rooftop Bar,Hendrick's Gin,4790.8,0.0,1909.8,2881.0
TXN-11640,2024-01-20 22:15:00,Rooftop Bar,Hendrick's Gin,2881.0,0.0,1568.2,1312.8
TXN-11641,2024-01-21 21:15:00,Rooftop Bar,Hendrick's Gin,1312.8,9000.0,996.0,9316.8
TXN-11642,2024-01-22 19:15:00,Rooftop Bar,Hendrick's Gin,9316.8,0.0,1240.3,8076.5
TXN-11643,2024-01-23 21:15:00,Rooftop Bar,Hendrick's Gin,8076.5,0.0,984.8,7091.7
TXN-11644,2024-01-24 23:15:00,Rooftop Bar,Hendrick's Gin,7091.7,0.0,594.3,6497.4
TXN-11645,2024-01-25 19:00:00,Rooftop Bar,Hendrick's Gin,6497.4,0.0,597.4,5900.0
TXN-11646,2024-01-26 20:45:00,Rooftop Bar,Hendrick's Gin,5900.0,0.0,1714.4,4185.6
TXN-11647,2024-01-27 20:30:00,Rooftop Bar,Hendrick's Gin,4185.6,0.0,2106.4,2079.2
TXN-11648,2024-01-28 19:30:00,Rooftop Bar,Hendrick's Gin,2079.2,0.0,1221.8,857.4
TXN-11649,2024-01-29 21:00:00,Rooftop Bar,Hendrick's Gin,857.4,9000.0,1195.2,8662.2
TXN-11650,2024-01-30 22:30:00,Rooftop Bar,Hendrick's Gin,8662.2,0.0,99.7,8562.5
TXN-11651,2024-01-31 19:45:00,Rooftop Bar,Hendrick's Gin,8562.5,0.0,562.4,8000.1
TXN-11652,2024-02-01 18:15:00,Rooftop Bar,Hendrick's Gin,8000.1,0.0,764.5,7235.6
TXN-11653,2024-02-02 20:30:00,Rooftop Bar,Hendrick's Gin,7235.6,0.0,2262.0,4973.6
TXN-11654,2024-02-03 19:15:00,Rooftop Bar,Hendrick's Gin,4973.6,0.0,2017.2,2956.4
TXN-11655,2024-02-04 18:15:00,Rooftop Bar,Hendrick's Gin,2956.4,0.0,899.1,2057.3
TXN-11656,2024-02-05 23:15:00,Rooftop Bar,Hendrick's Gin,2057.3,0.0,1402.9,654.4
TXN-11657,2024-02-06 23:00:00,Rooftop Bar,Hendrick's Gin,654.4,9000.0,1314.6,8339.8
TXN-11658,2024-02-07 23:15:00,Rooftop Bar,Hendrick's Gin,8339.8,0.0,1066.6,7273.2
TXN-11659,2024-02-08 23:15:00,Rooftop Bar,Hendrick's Gin,7273.2,0.0,584.1,6689.1
TXN-11660,2024-02-09 19:00:00,Rooftop Bar,Hendrick's Gin,6689.1,0.0,1021.3,5667.8
TXN-11661,2024-02-10 20:00:00,Rooftop Bar,Hendrick's Gin,5667.8,0.0,1597.6,4070.2
TXN-11662,2024-02-11 19:00:00,Rooftop Bar,Hendrick's Gin,4070.2,0.0,1459.5,2610.7
TXN-11663,2024-02-12 23:30:00,Rooftop Bar,Hendrick's Gin,2610.7,0.0,934.4,1676.3
TXN-11664,2024-02-13 20:15:00,Rooftop Bar,Hendrick's Gin,1676.3,0.0,990.2,686.1
TXN-11665,2024-02-14 18:45:00,Rooftop Bar,Hendrick's Gin,686.1,13500.0,1245.4,12940.7
TXN-11666,2024-02-15 20:30:00,Rooftop Bar,Hendrick's Gin,12940.7,0.0,486.4,12454.3
TXN-11667,2024-02-16 21:30:00,Rooftop Bar,Hendrick's Gin,12454.3,0.0,1798.9,10655.4
TXN-11668,2024-02-17 21:00:00,Rooftop Bar,Hendrick's Gin,10655.4,0.0,1340.3,9315.1
TXN-11669,2024-02-18 20:15:00,Rooftop Bar,Hendrick's Gin,9315.1,0.0,756.5,8558.6
TXN-11670,2024-02-19 19:15:00,Rooftop Bar,Hendrick's Gin,8558.6,0.0,882.4,7676.2
TXN-11671,2024-02-20 19:00:00,Rooftop Bar,Hendrick's Gin,7676.2,0.0,989.4,6686.8
TXN-11672,2024-02-21 19:00:00,Rooftop Bar,Hendrick's Gin,6686.8,0.0,1159.6,5527.2
TXN-11673,2024-02-22 19:15:00,Rooftop Bar,Hendrick's Gin,5527.2,0.0,857.3,4669.9
TXN-11674,2024-02-23 19:00:00,Rooftop Bar,Hendrick's Gin,4669.9,0.0,1914.9,2755.0
TXN-11675,2024-02-24 18:00:00,Rooftop Bar,Hendrick's Gin,2755.0,0.0,1967.2,787.8
TXN-11676,2024-02-25 19:00:00,Rooftop Bar,Hendrick's Gin,787.8,13500.0,740.1,13547.7
TXN-11677,2024-02-26 20:15:00,Rooftop Bar,Hendrick's Gin,13547.7,0.0,615.4,12932.3
TXN-11678,2024-02-27 21:45:00,Rooftop Bar,Hendrick's Gin,12932.3,0.0,969.5,11962.8
TXN-11679,2024-02-28 19:45:00,Rooftop Bar,Hendrick's Gin,11962.8,0.0,945.4,11017.4
TXN-11680,2024-02-29 21:15:00,Rooftop Bar,Hendrick's Gin,11017.4,0.0,720.8,10296.6
TXN-11681,2024-03-01 18:00:00,Rooftop Bar,Hendrick's Gin,10296.6,0.0,2003.7,8292.9
TXN-11682,2024-03-02 20:30:00,Rooftop Bar,Hendrick's Gin,8292.9,0.0,1695.3,6597.6
TXN-11683,2024-03-03 23:15:00,Rooftop Bar,Hendrick's Gin,6597.6,0.0,914.8,5682.8
TXN-11684,2024-03-04 21:45:00,Rooftop Bar,Hendrick's Gin,5682.8,0.0,556.2,5126.6
TXN-11685,2024-03-05 22:00:00,Rooftop Bar,Hendrick's Gin,5126.6,0.0,890.3,4236.3
TXN-11686,2024-03-06 21:00:00,Rooftop Bar,Hendrick's Gin,4236.3,0.0,804.8,3431.5
TXN-11687,2024-03-07 21:15:00,Rooftop Bar,Hendrick's Gin,3431.5,0.0,957.9,2473.6
TXN-11688,2024-03-08 18:45:00,Rooftop Bar,Hendrick's Gin,2473.6,0.0,1994.9,478.7
TXN-11689,2024-03-09 20:00:00,Rooftop Bar,Hendrick's Gin,478.7,13500.0,1669.9,12308.8
TXN-11690,2024-03-10 21:45:00,Rooftop Bar,Hendrick's Gin,12308.8,0.0,587.6,11721.2
TXN-11691,2024-03-11 22:00:00,Rooftop Bar,Hendrick's Gin,11721.2,0.0,662.5,11058.7
TXN-11692,2024-03-12 20:45:00,Rooftop Bar,Hendrick's Gin,11058.7,0.0,889.4,10169.3
TXN-11693,2024-03-13 23:00:00,Rooftop Bar,Hendrick's Gin,10169.3,0.0,880.4,9288.9
TXN-11694,2024-03-14 19:45:00,Rooftop Bar,Hendrick's Gin,9288.9,0.0,994.1,8294.8
TXN-11695,2024-03-15 22:15:00,Rooftop Bar,Hendrick's Gin,8294.8,0.0,1609.2,6685.6
TXN-11696,2024-03-16 23:45:00,Rooftop Bar,Hendrick's Gin,6685.6,0.0,1874.9,4810.7
TXN-11697,2024-03-17 18:45:00,Rooftop Bar,Hendrick's Gin,4810.7,0.0,815.1,3995.6
TXN-11698,2024-03-18 19:00:00,Rooftop Bar,Hendrick's Gin,3995.6,0.0,768.1,3227.5
TXN-11699,2024-03-19 18:15:00,Rooftop Bar,Hendrick's Gin,3227.5,0.0,717.5,2510.0
TXN-11700,2024-03-20 18:15:00,Rooftop Bar,Hendrick's Gin,2510.0,0.0,959.3,1550.7
TXN-11701,2024-03-21 20:45:00,Rooftop Bar,Hendrick's Gin,1550.7,0.0,951.8,598.9
TXN-11702,2024-03-22 22:15:00,Rooftop Bar,Hendrick's Gin,598.9,9000.0,2129.4,7469.5
TXN-11703,2024-03-23 18:30:00,Rooftop Bar,Hendrick's Gin,7469.5,0.0,1636.4,5833.1
TXN-11704,2024-03-24 23:00:00,Rooftop Bar,Hendrick's Gin,5833.1,0.0,920.9,4912.2
TXN-11705,2024-03-25 22:15:00,Rooftop Bar,Hendrick's Gin,4912.2,0.0,1176.6,3735.6
TXN-11706,2024-03-26 23:00:00,Rooftop Bar,Hendrick's Gin,3735.6,0.0,789.9,2945.7
TXN-11707,2024-03-27 22:15:00,Rooftop Bar,Hendrick's Gin,2945.7,0.0,786.7,2159.0
TXN-11708,2024-03-28 20:15:00,Rooftop Bar,Hendrick's Gin,2159.0,0.0,1200.9,958.1
TXN-11709,2024-03-29 19:45:00,Rooftop Bar,Hendrick's Gin,958.1,4500.0,1829.6,3628.5
TXN-11710,2024-03-30 20:45:00,Rooftop Bar,Hendrick's Gin,3628.5,0.0,2248.0,1380.5
TXN-11711,2024-03-31 20:15:00,Rooftop Bar,Hendrick's Gin,1380.5,13500.0,838.7,14041.8
TXN-11712,2024-04-01 23:45:00,Rooftop Bar,Hendrick's Gin,14041.8,0.0,532.4,13509.4
TXN-11713,2024-04-02 18:45:00,Rooftop Bar,Hendrick's Gin,13509.4,0.0,1164.7,12344.7
TXN-11714,2024-04-03 20:45:00,Rooftop Bar,Hendrick's Gin,12344.7,0.0,547.1,11797.6
TXN-11715,2024-04-04 23:30:00,Rooftop Bar,Hendrick's Gin,11797.6,0.0,788.3,11009.3
TXN-11716,2024-04-05 18:30:00,Rooftop Bar,Hendrick's Gin,11009.3,0.0,1898.0,9111.3
TXN-11717,2024-04-06 22:15:00,Rooftop Bar,Hendrick's Gin,9111.3,0.0,1466.1,7645.2
TXN-11718,2024-04-07 19:15:00,Rooftop Bar,Hendrick's Gin,7645.2,0.0,962.5,6682.7
TXN-11719,2024-04-08 20:30:00,Rooftop Bar,Hendrick's Gin,6682.7,0.0,1006.2,5676.5
TXN-11720,2024-04-09 18:15:00,Rooftop Bar,Hendrick's Gin,5676.5,0.0,755.6,4920.9
TXN-11721,2024-04-10 22:30:00,Rooftop Bar,Hendrick's Gin,4920.9,0.0,647.4,4273.5
TXN-11722,2024-04-11 18:30:00,Rooftop Bar,Hendrick's Gin,4273.5,0.0,876.1,3397.4
TXN-11723,2024-04-12 19:00:00,Rooftop Bar,Hendrick's Gin,3397.4,0.0,1871.2,1526.2
TXN-11724,2024-04-13 21:15:00,Rooftop Bar,Hendrick's Gin,1526.2,0.0,1526.2,0.0
TXN-11725,2024-04-14 20:30:00,Rooftop Bar,Hendrick's Gin,0.0,4500.0,776.0,3724.0
TXN-11726,2024-04-15 18:45:00,Rooftop Bar,Hendrick's Gin,3724.0,0.0,920.0,2804.0
TXN-11727,2024-04-16 20:00:00,Rooftop Bar,Hendrick's Gin,2804.0,0.0,1297.6,1506.4
TXN-11728,2024-04-17 22:15:00,Rooftop Bar,Hendrick's Gin,1506.4,0.0,1068.8,437.6
TXN-11729,2024-04-18 23:15:00,Rooftop Bar,Hendrick's Gin,437.6,13500.0,713.8,13223.8
TXN-11730,2024-04-19 20:15:00,Rooftop Bar,Hendrick's Gin,13223.8,0.0,1576.2,11647.6
TXN-11731,2024-04-20 22:30:00,Rooftop Bar,Hendrick's Gin,11647.6,0.0,1283.0,10364.6
TXN-11732,2024-04-21 23:15:00,Rooftop Bar,Hendrick's Gin,10364.6,0.0,1527.1,8837.5
TXN-11733,2024-04-22 20:30:00,Rooftop Bar,Hendrick's Gin,8837.5,0.0,859.1,7978.4
TXN-11734,2024-04-23 20:00:00,Rooftop Bar,Hendrick's Gin,7978.4,0.0,777.6,7200.8
TXN-11735,2024-04-24 18:00:00,Rooftop Bar,Hendrick's Gin,7200.8,0.0,891.7,6309.1
TXN-11736,2024-04-25 20:45:00,Rooftop Bar,Hendrick's Gin,6309.1,0.0,1371.5,4937.6
TXN-11737,2024-04-26 19:30:00,Rooftop Bar,Hendrick's Gin,4937.6,0.0,1772.1,3165.5
TXN-11738,2024-04-27 21:45:00,Rooftop Bar,Hendrick's Gin,3165.5,0.0,1921.9,1243.6
TXN-11739,2024-04-28 22:15:00,Rooftop Bar,Hendrick's Gin,1243.6,13500.0,172.3,14571.3
TXN-11740,2024-04-29 20:00:00,Rooftop Bar,Hendrick's Gin,14571.3,0.0,795.5,13775.8
TXN-11741,2024-04-30 21:45:00,Rooftop Bar,Hendrick's Gin,13775.8,0.0,1726.1,12049.7
TXN-11742,2024-05-01 19:30:00,Rooftop Bar,Hendrick's Gin,12049.7,0.0,1254.0,10795.7
TXN-11743,2024-05-02 21:15:00,Rooftop Bar,Hendrick's Gin,10795.7,0.0,511.5,10284.2
TXN-11744,2024-05-03 18:45:00,Rooftop Bar,Hendrick's Gin,10284.2,0.0,1966.9,8317.3
TXN-11745,2024-05-04 19:45:00,Rooftop Bar,Hendrick's Gin,8317.3,0.0,1660.6,6656.7
TXN-11746,2024-05-05 23:15:00,Rooftop Bar,Hendrick's Gin,6656.7,0.0,1146.2,5510.5
TXN-11747,2024-05-06 21:00:00,Rooftop Bar,Hendrick's Gin,5510.5,0.0,617.2,4893.3
TXN-11748,2024-05-07 21:30:00,Rooftop Bar,Hendrick's Gin,4893.3,0.0,981.6,3911.7
TXN-11749,2024-05-08 20:45:00,Rooftop Bar,Hendrick's Gin,3911.7,0.0,1086.1,2825.6
TXN-11750,2024-05-09 21:30:00,Rooftop Bar,Hendrick's Gin,2825.6,0.0,832.2,1993.4
TXN-11751,2024-05-10 19:15:00,Rooftop Bar,Hendrick's Gin,1993.4,0.0,1569.4,424.0
TXN-11752,2024-05-11 21:30:00,Rooftop Bar,Hendrick's Gin,424.0,4500.0,1384.0,3540.0
TXN-11753,2024-05-12 19:00:00,Rooftop Bar,Hendrick's Gin,3540.0,0.0,921.7,2618.3
TXN-11754,2024-05-13 21:30:00,Rooftop Bar,Hendrick's Gin,2618.3,0.0,401.1,2217.2
TXN-11755,2024-05-14 19:15:00,Rooftop Bar,Hendrick's Gin,2217.2,0.0,656.7,1560.5
TXN-11756,2024-05-15 19:45:00,Rooftop Bar,Hendrick's Gin,1560.5,0.0,804.5,756.0
TXN-11757,2024-05-16 19:15:00,Rooftop Bar,Hendrick's Gin,756.0,4500.0,1246.3,4009.7
TXN-11758,2024-05-17 21:30:00,Rooftop Bar,Hendrick's Gin,4009.7,0.0,1336.2,2673.5
TXN-11759,2024-05-18 23:15:00,Rooftop Bar,Hendrick's Gin,2673.5,0.0,1342.4,1331.1
TXN-11760,2024-05-19 18:45:00,Rooftop Bar,Hendrick's Gin,1331.1,9000.0,507.5,9823.6
TXN-11761,2024-05-20 18:45:00,Rooftop Bar,Hendrick's Gin,9823.6,0.0,551.0,9272.6
TXN-11762,2024-05-21 18:30:00,Rooftop Bar,Hendrick's Gin,9272.6,0.0,795.6,8477.0
TXN-11763,2024-05-22 19:30:00,Rooftop Bar,Hendrick's Gin,8477.0,0.0,791.2,7685.8
TXN-11764,2024-05-23 20:30:00,Rooftop Bar,Hendrick's Gin,7685.8,0.0,1043.5,6642.3
TXN-11765,2024-05-24 19:30:00,Rooftop Bar,Hendrick's Gin,6642.3,0.0,1914.9,4727.4
TXN-11766,2024-05-25 20:00:00,Rooftop Bar,Hendrick's Gin,4727.4,0.0,2009.3,2718.1
TXN-11767,2024-05-26 21:00:00,Rooftop Bar,Hendrick's Gin,2718.1,0.0,987.0,1731.1
TXN-11768,2024-05-27 19:00:00,Rooftop Bar,Hendrick's Gin,1731.1,0.0,880.2,850.9
TXN-11769,2024-05-28 22:15:00,Rooftop Bar,Hendrick's Gin,850.9,9000.0,722.7,9128.2
TXN-11770,2024-05-29 23:45:00,Rooftop Bar,Hendrick's Gin,9128.2,0.0,1427.4,7700.8
TXN-11771,2024-05-30 18:30:00,Rooftop Bar,Hendrick's Gin,7700.8,0.0,1261.1,6439.7
TXN-11772,2024-05-31 23:45:00,Rooftop Bar,Hendrick's Gin,6439.7,0.0,1899.7,4540.0
TXN-11773,2024-06-01 20:15:00,Rooftop Bar,Hendrick's Gin,4540.0,0.0,1613.6,2926.4
TXN-11774,2024-06-02 22:15:00,Rooftop Bar,Hendrick's Gin,2926.4,0.0,900.0,2026.4
TXN-11775,2024-06-03 23:15:00,Rooftop Bar,Hendrick's Gin,2026.4,0.0,699.7,1326.7
TXN-11776,2024-06-04 20:30:00,Rooftop Bar,Hendrick's Gin,1326.7,13500.0,815.2,14011.5
TXN-11777,2024-06-05 20:45:00,Rooftop Bar,Hendrick's Gin,14011.5,0.0,727.7,13283.8
TXN-11778,2024-06-06 21:30:00,Rooftop Bar,Hendrick's Gin,13283.8,0.0,1239.9,12043.9
TXN-11779,2024-06-07 22:00:00,Rooftop Bar,Hendrick's Gin,12043.9,0.0,1955.1,10088.8
TXN-11780,2024-06-08 18:00:00,Rooftop Bar,Hendrick's Gin,10088.8,0.0,1237.4,8851.4
TXN-11781,2024-06-09 23:45:00,Rooftop Bar,Hendrick's Gin,8851.4,0.0,374.5,8476.9
TXN-11782,2024-06-10 22:00:00,Rooftop Bar,Hendrick's Gin,8476.9,0.0,1048.9,7428.0
TXN-11783,2024-06-11 18:00:00,Rooftop Bar,Hendrick's Gin,7428.0,0.0,843.3,6584.7
TXN-11784,2024-06-12 20:45:00,Rooftop Bar,Hendrick's Gin,6584.7,0.0,669.0,5915.7
TXN-11785,2024-06-13 23:15:00,Rooftop Bar,Hendrick's Gin,5915.7,0.0,782.4,5133.3
TXN-11786,2024-06-14 22:15:00,Rooftop Bar,Hendrick's Gin,5133.3,0.0,1986.1,3147.2
TXN-11787,2024-06-15 21:45:00,Rooftop Bar,Hendrick's Gin,3147.2,0.0,2251.0,896.2
TXN-11788,2024-06-16 23:30:00,Rooftop Bar,Hendrick's Gin,896.2,13500.0,748.6,13647.6
TXN-11789,2024-06-17 22:30:00,Rooftop Bar,Hendrick's Gin,13647.6,0.0,1014.9,12632.7
TXN-11790,2024-06-18 19:00:00,Rooftop Bar,Hendrick's Gin,12632.7,0.0,1006.8,11625.9
TXN-11791,2024-06-19 18:00:00,Rooftop Bar,Hendrick's Gin,11625.9,0.0,800.9,10825.0
TXN-11792,2024-06-20 22:30:00,Rooftop Bar,Hendrick's Gin,10825.0,0.0,1290.0,9535.0
TXN-11793,2024-06-21 19:00:00,Rooftop Bar,Hendrick's Gin,9535.0,0.0,1979.2,7555.8
TXN-11794,2024-06-22 19:45:00,Rooftop Bar,Hendrick's Gin,7555.8,0.0,1738.5,5817.3
TXN-11795,2024-06-23 18:45:00,Rooftop Bar,Hendrick's Gin,5817.3,0.0,1023.3,4794.0
TXN-11796,2024-06-24 22:00:00,Rooftop Bar,Hendrick's Gin,4794.0,0.0,1206.3,3587.7
TXN-11797,2024-06-25 18:00:00,Rooftop Bar,Hendrick's Gin,3587.7,0.0,998.0,2589.7
TXN-11798,2024-06-26 22:30:00,Rooftop Bar,Hendrick's Gin,2589.7,0.0,539.1,2050.6
TXN-11799,2024-06-27 23:45:00,Rooftop Bar,Hendrick's Gin,2050.6,0.0,1166.8,883.8
TXN-11800,2024-06-28 22:30:00,Rooftop Bar,Hendrick's Gin,883.8,13500.0,2222.7,12161.1
TXN-11801,2024-01-01 18:15:00,Rooftop Bar,Macallan 12 Scotch,4500.0,0.0,730.3,3769.7
TXN-11802,2024-01-02 21:45:00,Rooftop Bar,Macallan 12 Scotch,3769.7,0.0,297.1,3472.6
TXN-11803,2024-01-03 21:15:00,Rooftop Bar,Macallan 12 Scotch,3472.6,0.0,618.0,2854.6
TXN-11804,2024-01-04 20:15:00,Rooftop Bar,Macallan 12 Scotch,2854.6,0.0,471.3,2383.3
TXN-11805,2024-01-05 20:45:00,Rooftop Bar,Macallan 12 Scotch,2383.3,0.0,756.6,1626.7
TXN-11806,2024-01-06 23:15:00,Rooftop Bar,Macallan 12 Scotch,1626.7,0.0,662.2,964.5
TXN-11807,2024-01-07 21:45:00,Rooftop Bar,Macallan 12 Scotch,964.5,9000.0,549.2,9415.3
TXN-11808,2024-01-08 18:30:00,Rooftop Bar,Macallan 12 Scotch,9415.3,0.0,443.0,8972.3
TXN-11809,2024-01-09 19:30:00,Rooftop Bar,Macallan 12 Scotch,8972.3,0.0,147.1,8825.2
TXN-11810,2024-01-10 19:45:00,Rooftop Bar,Macallan 12 Scotch,8825.2,0.0,247.5,8577.7
TXN-11811,2024-01-11 23:00:00,Rooftop Bar,Macallan 12 Scotch,8577.7,0.0,333.3,8244.4
TXN-11812,2024-01-12 19:45:00,Rooftop Bar,Macallan 12 Scotch,8244.4,0.0,695.6,7548.8
TXN-11813,2024-01-13 23:30:00,Rooftop Bar,Macallan 12 Scotch,7548.8,0.0,585.0,6963.8
TXN-11814,2024-01-14 18:45:00,Rooftop Bar,Macallan 12 Scotch,6963.8,0.0,577.0,6386.8
TXN-11815,2024-01-15 18:15:00,Rooftop Bar,Macallan 12 Scotch,6386.8,0.0,469.3,5917.5
TXN-11816,2024-01-16 23:15:00,Rooftop Bar,Macallan 12 Scotch,5917.5,0.0,334.4,5583.1
TXN-11817,2024-01-17 23:30:00,Rooftop Bar,Macallan 12 Scotch,5583.1,0.0,288.1,5295.0
TXN-11818,2024-01-18 19:30:00,Rooftop Bar,Macallan 12 Scotch,5295.0,0.0,571.1,4723.9
TXN-11819,2024-01-19 21:15:00,Rooftop Bar,Macallan 12 Scotch,4723.9,0.0,533.5,4190.4
TXN-11820,2024-01-20 19:00:00,Rooftop Bar,Macallan 12 Scotch,4190.4,0.0,1006.3,3184.1
TXN-11821,2024-01-21 23:00:00,Rooftop Bar,Macallan 12 Scotch,3184.1,0.0,439.9,2744.2
TXN-11822,2024-01-22 20:15:00,Rooftop Bar,Macallan 12 Scotch,2744.2,0.0,359.7,2384.5
TXN-11823,2024-01-23 20:45:00,Rooftop Bar,Macallan 12 Scotch,2384.5,0.0,548.5,1836.0
TXN-11824,2024-01-24 22:45:00,Rooftop Bar,Macallan 12 Scotch,1836.0,0.0,494.1,1341.9
TXN-11825,2024-01-25 19:30:00,Rooftop Bar,Macallan 12 Scotch,1341.9,4500.0,238.0,5603.9
TXN-11826,2024-01-26 20:00:00,Rooftop Bar,Macallan 12 Scotch,5603.9,0.0,582.6,5021.3
TXN-11827,2024-01-27 23:45:00,Rooftop Bar,Macallan 12 Scotch,5021.3,0.0,765.6,4255.7
TXN-11828,2024-01-28 20:30:00,Rooftop Bar,Macallan 12 Scotch,4255.7,0.0,471.1,3784.6
TXN-11829,2024-01-29 19:45:00,Rooftop Bar,Macallan 12 Scotch,3784.6,0.0,800.2,3004.4
TXN-11830,2024-01-30 18:00:00,Rooftop Bar,Macallan 12 Scotch,2984.4,0.0,388.6,2595.8
TXN-11831,2024-01-31 18:00:00,Rooftop Bar,Macallan 12 Scotch,2595.8,0.0,196.3,2399.5
TXN-11832,2024-02-01 22:45:00,Rooftop Bar,Macallan 12 Scotch,2399.5,0.0,565.8,1833.7
TXN-11833,2024-02-02 18:00:00,Rooftop Bar,Macallan 12 Scotch,1833.7,0.0,664.3,1169.4
TXN-11834,2024-02-03 19:45:00,Rooftop Bar,Macallan 12 Scotch,1169.4,9000.0,693.3,9476.1
TXN-11835,2024-02-04 20:15:00,Rooftop Bar,Macallan 12 Scotch,9476.1,0.0,530.6,8945.5
TXN-11836,2024-02-05 18:45:00,Rooftop Bar,Macallan 12 Scotch,8945.5,0.0,542.7,8402.8
TXN-11837,2024-02-06 18:30:00,Rooftop Bar,Macallan 12 Scotch,8402.8,0.0,496.3,7906.5
TXN-11838,2024-02-07 21:30:00,Rooftop Bar,Macallan 12 Scotch,7906.5,0.0,592.9,7313.6
TXN-11839,2024-02-08 22:00:00,Rooftop Bar,Macallan 12 Scotch,7313.6,0.0,528.0,6785.6
TXN-11840,2024-02-09 21:30:00,Rooftop Bar,Macallan 12 Scotch,6785.6,0.0,698.6,6087.0
TXN-11841,2024-02-10 18:15:00,Rooftop Bar,Macallan 12 Scotch,6087.0,0.0,670.0,5417.0
TXN-11842,2024-02-11 23:00:00,Rooftop Bar,Macallan 12 Scotch,5417.0,0.0,338.3,5078.7
TXN-11843,2024-02-12 19:30:00,Rooftop Bar,Macallan 12 Scotch,5078.7,0.0,439.9,4638.8
TXN-11844,2024-02-13 23:00:00,Rooftop Bar,Macallan 12 Scotch,4638.8,0.0,610.5,4028.3
TXN-11845,2024-02-14 18:00:00,Rooftop Bar,Macallan 12 Scotch,4028.3,0.0,142.2,3886.1
TXN-11846,2024-02-15 18:30:00,Rooftop Bar,Macallan 12 Scotch,3886.1,0.0,547.3,3338.8
TXN-11847,2024-02-16 18:00:00,Rooftop Bar,Macallan 12 Scotch,3338.8,0.0,827.0,2511.8
TXN-11848,2024-02-17 18:45:00,Rooftop Bar,Macallan 12 Scotch,2511.8,0.0,573.1,1938.7
TXN-11849,2024-02-18 19:00:00,Rooftop Bar,Macallan 12 Scotch,1938.7,0.0,507.7,1416.0
TXN-11850,2024-02-19 18:15:00,Rooftop Bar,Macallan 12 Scotch,1431.0,4500.0,170.4,5760.6
TXN-11851,2024-02-20 21:00:00,Rooftop Bar,Macallan 12 Scotch,5760.6,0.0,263.1,5497.5
TXN-11852,2024-02-21 22:30:00,Rooftop Bar,Macallan 12 Scotch,5497.5,0.0,479.4,5018.1
TXN-11853,2024-02-22 21:00:00,Rooftop Bar,Macallan 12 Scotch,5018.1,0.0,679.3,4358.8
TXN-11854,2024-02-23 23:45:00,Rooftop Bar,Macallan 12 Scotch,4338.8,0.0,396.8,3942.0
TXN-11855,2024-02-24 20:00:00,Rooftop Bar,Macallan 12 Scotch,3942.0,0.0,679.0,3263.0
TXN-11856,2024-02-25 19:30:00,Rooftop Bar,Macallan 12 Scotch,3263.0,0.0,351.2,2911.8
TXN-11857,2024-02-26 18:30:00,Rooftop Bar,Macallan 12 Scotch,2911.8,0.0,440.8,2471.0
TXN-11858,2024-02-27 22:15:00,Rooftop Bar,Macallan 12 Scotch,2471.0,0.0,606.1,1864.9
TXN-11859,2024-02-28 20:30:00,Rooftop Bar,Macallan 12 Scotch,1864.9,0.0,326.2,1538.7
TXN-11860,2024-02-29 18:15:00,Rooftop Bar,Macallan 12 Scotch,1538.7,0.0,242.0,1296.7
TXN-11861,2024-03-01 18:00:00,Rooftop Bar,Macallan 12 Scotch,1296.7,4500.0,825.2,4971.5
TXN-11862,2024-03-02 21:45:00,Rooftop Bar,Macallan 12 Scotch,4971.5,0.0,671.5,4300.0
TXN-11863,2024-03-03 20:45:00,Rooftop Bar,Macallan 12 Scotch,4300.0,0.0,456.2,3843.8
TXN-11864,2024-03-04 21:30:00,Rooftop Bar,Macallan 12 Scotch,3843.8,0.0,653.8,3190.0
TXN-11865,2024-03-05 19:15:00,Rooftop Bar,Macallan 12 Scotch,3190.0,0.0,348.3,2841.7
TXN-11866,2024-03-06 18:00:00,Rooftop Bar,Macallan 12 Scotch,2841.7,0.0,461.8,2379.9
TXN-11867,2024-03-07 23:00:00,Rooftop Bar,Macallan 12 Scotch,2379.9,0.0,233.1,2146.8
TXN-11868,2024-03-08 20:15:00,Rooftop Bar,Macallan 12 Scotch,2146.8,0.0,650.5,1496.3
TXN-11869,2024-03-09 20:45:00,Rooftop Bar,Macallan 12 Scotch,1496.3,9000.0,647.5,9848.8
TXN-11870,2024-03-10 18:00:00,Rooftop Bar,Macallan 12 Scotch,9848.8,0.0,411.8,9437.0
TXN-11871,2024-03-11 22:00:00,Rooftop Bar,Macallan 12 Scotch,9437.0,0.0,780.7,8656.3
TXN-11872,2024-03-12 19:15:00,Rooftop Bar,Macallan 12 Scotch,8656.3,0.0,500.3,8156.0
TXN-11873,2024-03-13 20:30:00,Rooftop Bar,Macallan 12 Scotch,8156.0,0.0,519.1,7636.9
TXN-11874,2024-03-14 21:15:00,Rooftop Bar,Macallan 12 Scotch,7636.9,0.0,228.2,7408.7
TXN-11875,2024-03-15 18:45:00,Rooftop Bar,Macallan 12 Scotch,7408.7,0.0,496.3,6912.4
TXN-11876,2024-03-16 21:15:00,Rooftop Bar,Macallan 12 Scotch,6912.4,0.0,656.5,6255.9
TXN-11877,2024-03-17 22:30:00,Rooftop Bar,Macallan 12 Scotch,6255.9,0.0,257.0,5998.9
TXN-11878,2024-03-18 18:30:00,Rooftop Bar,Macallan 12 Scotch,5998.9,0.0,451.1,5547.8
TXN-11879,2024-03-19 21:30:00,Rooftop Bar,Macallan 12 Scotch,5547.8,0.0,632.9,4914.9
TXN-11880,2024-03-20 21:15:00,Rooftop Bar,Macallan 12 Scotch,4914.9,0.0,320.0,4594.9
TXN-11881,2024-03-21 21:00:00,Rooftop Bar,Macallan 12 Scotch,4594.9,0.0,336.7,4258.2
TXN-11882,2024-03-22 21:30:00,Rooftop Bar,Macallan 12 Scotch,4258.2,0.0,840.9,3417.3
TXN-11883,2024-03-23 23:15:00,Rooftop Bar,Macallan 12 Scotch,3417.3,0.0,1002.7,2414.6
TXN-11884,2024-03-24 23:15:00,Rooftop Bar,Macallan 12 Scotch,2414.6,0.0,638.3,1776.3
TXN-11885,2024-03-25 22:00:00,Rooftop Bar,Macallan 12 Scotch,1776.3,0.0,494.2,1282.1
TXN-11886,2024-03-26 19:45:00,Rooftop Bar,Macallan 12 Scotch,1282.1,4500.0,520.7,5261.4
TXN-11887,2024-03-27 19:15:00,Rooftop Bar,Macallan 12 Scotch,5261.4,0.0,280.1,4981.3
TXN-11888,2024-03-28 19:15:00,Rooftop Bar,Macallan 12 Scotch,4981.3,0.0,539.4,4441.9
TXN-11889,2024-03-29 18:45:00,Rooftop Bar,Macallan 12 Scotch,4441.9,0.0,681.0,3760.9
TXN-11890,2024-03-30 19:15:00,Rooftop Bar,Macallan 12 Scotch,3760.9,0.0,423.4,3337.5
TXN-11891,2024-03-31 21:00:00,Rooftop Bar,Macallan 12 Scotch,3337.5,0.0,608.0,2729.5
TXN-11892,2024-04-01 21:45:00,Rooftop Bar,Macallan 12 Scotch,2729.5,0.0,395.2,2334.3
TXN-11893,2024-04-02 19:45:00,Rooftop Bar,Macallan 12 Scotch,2334.3,0.0,436.3,1898.0
TXN-11894,2024-04-03 18:15:00,Rooftop Bar,Macallan 12 Scotch,1898.0,0.0,111.9,1786.1
TXN-11895,2024-04-04 22:45:00,Rooftop Bar,Macallan 12 Scotch,1786.1,0.0,420.1,1366.0
TXN-11896,2024-04-05 20:15:00,Rooftop Bar,Macallan 12 Scotch,1366.0,4500.0,572.8,5293.2
TXN-11897,2024-04-06 23:45:00,Rooftop Bar,Macallan 12 Scotch,5293.2,0.0,997.7,4295.5
TXN-11898,2024-04-07 18:15:00,Rooftop Bar,Macallan 12 Scotch,4295.5,0.0,218.8,4076.7
TXN-11899,2024-04-08 18:15:00,Rooftop Bar,Macallan 12 Scotch,4076.7,0.0,412.3,3664.4
TXN-11900,2024-04-09 21:00:00,Rooftop Bar,Macallan 12 Scotch,3664.4,0.0,651.2,3013.2
TXN-11901,2024-04-10 19:45:00,Rooftop Bar,Macallan 12 Scotch,3013.2,0.0,540.8,2462.4
TXN-11902,2024-04-11 20:00:00,Rooftop Bar,Macallan 12 Scotch,2472.4,0.0,454.3,2018.1
TXN-11903,2024-04-12 18:15:00,Rooftop Bar,Macallan 12 Scotch,2018.1,0.0,871.0,1147.1
TXN-11904,2024-04-13 20:00:00,Rooftop Bar,Macallan 12 Scotch,1147.1,4500.0,736.4,4910.7
TXN-11905,2024-04-14 21:00:00,Rooftop Bar,Macallan 12 Scotch,4910.7,0.0,350.6,4560.1
TXN-11906,2024-04-15 23:30:00,Rooftop Bar,Macallan 12 Scotch,4560.1,0.0,492.1,4068.0
TXN-11907,2024-04-16 18:30:00,Rooftop Bar,Macallan 12 Scotch,4068.0,0.0,429.0,3639.0
TXN-11908,2024-04-17 22:30:00,Rooftop Bar,Macallan 12 Scotch,3639.0,0.0,571.1,3067.9
TXN-11909,2024-04-18 21:45:00,Rooftop Bar,Macallan 12 Scotch,3067.9,0.0,446.5,2621.4
TXN-11910,2024-04-19 19:45:00,Rooftop Bar,Macallan 12 Scotch,2621.4,0.0,774.1,1847.3
TXN-11911,2024-04-20 23:15:00,Rooftop Bar,Macallan 12 Scotch,1847.3,0.0,541.7,1305.6
TXN-11912,2024-04-21 19:15:00,Rooftop Bar,Macallan 12 Scotch,1305.6,4500.0,505.9,5299.7
TXN-11913,2024-04-22 18:30:00,Rooftop Bar,Macallan 12 Scotch,5299.7,0.0,415.6,4884.1
TXN-11914,2024-04-23 22:45:00,Rooftop Bar,Macallan 12 Scotch,4884.1,0.0,365.0,4519.1
TXN-11915,2024-04-24 22:15:00,Rooftop Bar,Macallan 12 Scotch,4519.1,0.0,502.8,4016.3
TXN-11916,2024-04-25 18:00:00,Rooftop Bar,Macallan 12 Scotch,4016.3,0.0,494.7,3521.6
TXN-11917,2024-04-26 22:30:00,Rooftop Bar,Macallan 12 Scotch,3521.6,0.0,650.3,2871.3
TXN-11918,2024-04-27 19:00:00,Rooftop Bar,Macallan 12 Scotch,2871.3,0.0,402.4,2468.9
TXN-11919,2024-04-28 22:30:00,Rooftop Bar,Macallan 12 Scotch,2468.9,0.0,726.1,1742.8
TXN-11920,2024-04-29 18:30:00,Rooftop Bar,Macallan 12 Scotch,1742.8,0.0,618.6,1124.2
TXN-11921,2024-04-30 18:30:00,Rooftop Bar,Macallan 12 Scotch,1124.2,9000.0,243.2,9881.0
TXN-11922,2024-05-01 18:15:00,Rooftop Bar,Macallan 12 Scotch,9881.0,0.0,479.8,9401.2
TXN-11923,2024-05-02 18:30:00,Rooftop Bar,Macallan 12 Scotch,9401.2,0.0,384.3,9016.9
TXN-11924,2024-05-03 21:15:00,Rooftop Bar,Macallan 12 Scotch,9016.9,0.0,626.3,8390.6
TXN-11925,2024-05-04 19:45:00,Rooftop Bar,Macallan 12 Scotch,8390.6,0.0,576.7,7813.9
TXN-11926,2024-05-05 22:45:00,Rooftop Bar,Macallan 12 Scotch,7813.9,0.0,558.6,7255.3
TXN-11927,2024-05-06 19:30:00,Rooftop Bar,Macallan 12 Scotch,7255.3,0.0,569.7,6685.6
TXN-11928,2024-05-07 20:30:00,Rooftop Bar,Macallan 12 Scotch,6685.6,0.0,443.6,6242.0
TXN-11929,2024-05-08 23:45:00,Rooftop Bar,Macallan 12 Scotch,6242.0,0.0,235.1,6006.9
TXN-11930,2024-05-09 18:30:00,Rooftop Bar,Macallan 12 Scotch,6006.9,0.0,104.6,5902.3
TXN-11931,2024-05-10 20:45:00,Rooftop Bar,Macallan 12 Scotch,5902.3,0.0,872.2,5030.1
TXN-11932,2024-05-11 23:00:00,Rooftop Bar,Macallan 12 Scotch,5030.1,0.0,476.6,4553.5
TXN-11933,2024-05-12 19:15:00,Rooftop Bar,Macallan 12 Scotch,4553.5,0.0,148.5,4405.0
TXN-11934,2024-05-13 21:00:00,Rooftop Bar,Macallan 12 Scotch,4405.0,0.0,488.0,3917.0
TXN-11935,2024-05-14 23:15:00,Rooftop Bar,Macallan 12 Scotch,3917.0,0.0,308.9,3608.1
TXN-11936,2024-05-15 18:45:00,Rooftop Bar,Macallan 12 Scotch,3608.1,0.0,441.0,3167.1
TXN-11937,2024-05-16 21:00:00,Rooftop Bar,Macallan 12 Scotch,3167.1,0.0,358.9,2808.2
TXN-11938,2024-05-17 18:15:00,Rooftop Bar,Macallan 12 Scotch,2808.2,0.0,623.4,2184.8
TXN-11939,2024-05-18 20:15:00,Rooftop Bar,Macallan 12 Scotch,2184.8,0.0,645.1,1539.7
TXN-11940,2024-05-19 22:00:00,Rooftop Bar,Macallan 12 Scotch,1539.7,0.0,135.7,1404.0
TXN-11941,2024-05-20 22:15:00,Rooftop Bar,Macallan 12 Scotch,1404.0,4500.0,445.2,5458.8
TXN-11942,2024-05-21 23:15:00,Rooftop Bar,Macallan 12 Scotch,5458.8,0.0,256.7,5202.1
TXN-11943,2024-05-22 19:45:00,Rooftop Bar,Macallan 12 Scotch,5202.1,0.0,285.6,4916.5
TXN-11944,2024-05-23 18:30:00,Rooftop Bar,Macallan 12 Scotch,4916.5,0.0,433.4,4483.1
TXN-11945,2024-05-24 20:30:00,Rooftop Bar,Macallan 12 Scotch,4483.1,0.0,832.7,3650.4
TXN-11946,2024-05-25 23:00:00,Rooftop Bar,Macallan 12 Scotch,3650.4,0.0,768.8,2881.6
TXN-11947,2024-05-26 23:00:00,Rooftop Bar,Macallan 12 Scotch,2881.6,0.0,571.2,2310.4
TXN-11948,2024-05-27 20:45:00,Rooftop Bar,Macallan 12 Scotch,2310.4,0.0,341.5,1968.9
TXN-11949,2024-05-28 21:30:00,Rooftop Bar,Macallan 12 Scotch,1968.9,0.0,332.6,1636.3
TXN-11950,2024-05-29 23:30:00,Rooftop Bar,Macallan 12 Scotch,1636.3,0.0,293.1,1343.2
TXN-11951,2024-05-30 21:45:00,Rooftop Bar,Macallan 12 Scotch,1343.2,13500.0,486.0,14357.2
TXN-11952,2024-05-31 22:00:00,Rooftop Bar,Macallan 12 Scotch,14357.2,0.0,743.3,13613.9
TXN-11953,2024-06-01 19:15:00,Rooftop Bar,Macallan 12 Scotch,13613.9,0.0,966.5,12647.4
TXN-11954,2024-06-02 21:15:00,Rooftop Bar,Macallan 12 Scotch,12647.4,0.0,269.4,12378.0
TXN-11955,2024-06-03 19:15:00,Rooftop Bar,Macallan 12 Scotch,12378.0,0.0,135.2,12242.8
TXN-11956,2024-06-04 19:00:00,Rooftop Bar,Macallan 12 Scotch,12242.8,0.0,398.6,11844.2
TXN-11957,2024-06-05 18:00:00,Rooftop Bar,Macallan 12 Scotch,11844.2,0.0,500.0,11344.2
TXN-11958,2024-06-06 23:00:00,Rooftop Bar,Macallan 12 Scotch,11344.2,0.0,567.2,10777.0
TXN-11959,2024-06-07 21:30:00,Rooftop Bar,Macallan 12 Scotch,10777.0,0.0,601.2,10175.8
TXN-11960,2024-06-08 21:45:00,Rooftop Bar,Macallan 12 Scotch,10175.8,0.0,820.2,9355.6
TXN-11961,2024-06-09 23:30:00,Rooftop Bar,Macallan 12 Scotch,9355.6,0.0,271.1,9084.5
TXN-11962,2024-06-10 23:00:00,Rooftop Bar,Macallan 12 Scotch,9084.5,0.0,716.3,8368.2
TXN-11963,2024-06-11 23:00:00,Rooftop Bar,Macallan 12 Scotch,8368.2,0.0,406.5,7961.7
TXN-11964,2024-06-12 21:15:00,Rooftop Bar,Macallan 12 Scotch,7961.7,0.0,598.8,7362.9
TXN-11965,2024-06-13 23:45:00,Rooftop Bar,Macallan 12 Scotch,7362.9,0.0,343.6,7019.3
TXN-11966,2024-06-14 23:00:00,Rooftop Bar,Macallan 12 Scotch,7019.3,0.0,726.3,6293.0
TXN-11967,2024-06-15 23:45:00,Rooftop Bar,Macallan 12 Scotch,6293.0,0.0,565.5,5727.5
TXN-11968,2024-06-16 18:15:00,Rooftop Bar,Macallan 12 Scotch,5727.5,0.0,384.8,5342.7
TXN-11969,2024-06-17 22:00:00,Rooftop Bar,Macallan 12 Scotch,5342.7,0.0,391.1,4951.6
TXN-11970,2024-06-18 23:45:00,Rooftop Bar,Macallan 12 Scotch,4951.6,0.0,129.5,4822.1
TXN-11971,2024-06-19 20:15:00,Rooftop Bar,Macallan 12 Scotch,4822.1,0.0,493.1,4329.0
TXN-11972,2024-06-20 21:15:00,Rooftop Bar,Macallan 12 Scotch,4329.0,0.0,502.3,3826.7
TXN-11973,2024-06-21 18:30:00,Rooftop Bar,Macallan 12 Scotch,3826.7,0.0,542.0,3284.7
TXN-11974,2024-06-22 20:00:00,Rooftop Bar,Macallan 12 Scotch,3284.7,0.0,355.4,2929.3
TXN-11975,2024-06-23 20:30:00,Rooftop Bar,Macallan 12 Scotch,2929.3,0.0,662.7,2266.6
TXN-11976,2024-06-24 21:00:00,Rooftop Bar,Macallan 12 Scotch,2266.6,0.0,286.1,2000.5
TXN-11977,2024-06-25 19:30:00,Rooftop Bar,Macallan 12 Scotch,1980.5,0.0,556.0,1424.5
TXN-11978,2024-06-26 18:00:00,Rooftop Bar,Macallan 12 Scotch,1424.5,13500.0,345.4,14579.1
TXN-11979,2024-06-27 23:45:00,Rooftop Bar,Macallan 12 Scotch,14579.1,0.0,406.2,14172.9
TXN-11980,2024-06-28 20:00:00,Rooftop Bar,Macallan 12 Scotch,14172.9,0.0,604.7,13568.2
TXN-11981,2024-01-01 23:45:00,Rooftop Bar,Patron Silver Tequila,6750.0,0.0,571.5,6178.5
TXN-11982,2024-01-02 21:30:00,Rooftop Bar,Patron Silver Tequila,6178.5,0.0,1127.7,5050.8
TXN-11983,2024-01-03 18:00:00,Rooftop Bar,Patron Silver Tequila,5050.8,0.0,347.4,4703.4
TXN-11984,2024-01-04 21:15:00,Rooftop Bar,Patron Silver Tequila,4703.4,0.0,804.1,3899.3
TXN-11985,2024-01-05 21:00:00,Rooftop Bar,Patron Silver Tequila,3899.3,0.0,1315.2,2584.1
TXN-11986,2024-01-06 18:30:00,Rooftop Bar,Patron Silver Tequila,2584.1,0.0,1042.2,1541.9
TXN-11987,2024-01-07 18:30:00,Rooftop Bar,Patron Silver Tequila,1541.9,0.0,401.7,1140.2
TXN-11988,2024-01-08 18:00:00,Rooftop Bar,Patron Silver Tequila,1140.2,4500.0,690.0,4950.2
TXN-11989,2024-01-09 20:30:00,Rooftop Bar,Patron Silver Tequila,4950.2,0.0,867.6,4082.6
TXN-11990,2024-01-10 23:15:00,Rooftop Bar,Patron Silver Tequila,4082.6,0.0,563.2,3519.4
TXN-11991,2024-01-11 19:15:00,Rooftop Bar,Patron Silver Tequila,3519.4,0.0,581.1,2938.3
TXN-11992,2024-01-12 19:30:00,Rooftop Bar,Patron Silver Tequila,2938.3,0.0,1598.0,1340.3
TXN-11993,2024-01-13 20:45:00,Rooftop Bar,Patron Silver Tequila,1340.3,13500.0,1618.8,13221.5
TXN-11994,2024-01-14 20:15:00,Rooftop Bar,Patron Silver Tequila,13221.5,0.0,749.5,12472.0
TXN-11995,2024-01-15 21:15:00,Rooftop Bar,Patron Silver Tequila,12472.0,0.0,505.1,11966.9
TXN-11996,2024-01-16 19:00:00,Rooftop Bar,Patron Silver Tequila,11966.9,0.0,370.3,11596.6
TXN-11997,2024-01-17 18:15:00,Rooftop Bar,Patron Silver Tequila,11596.6,0.0,667.1,10929.5
TXN-11998,2024-01-18 21:30:00,Rooftop Bar,Patron Silver Tequila,10929.5,0.0,338.7,10590.8
TXN-11999,2024-01-19 22:45:00,Rooftop Bar,Patron Silver Tequila,10590.8,0.0,1005.6,9585.2
TXN-12000,2024-01-20 23:30:00,Rooftop Bar,Patron Silver Tequila,9585.2,0.0,1315.3,8269.9
TXN-12001,2024-01-21 21:15:00,Rooftop Bar,Patron Silver Tequila,8269.9,0.0,945.5,7324.4
TXN-12002,2024-01-22 23:00:00,Rooftop Bar,Patron Silver Tequila,7324.4,0.0,581.0,6743.4
TXN-12003,2024-01-23 19:00:00,Rooftop Bar,Patron Silver Tequila,6743.4,0.0,303.3,6440.1
TXN-12004,2024-01-24 22:30:00,Rooftop Bar,Patron Silver Tequila,6440.1,0.0,748.6,5691.5
TXN-12005,2024-01-25 20:30:00,Rooftop Bar,Patron Silver Tequila,5691.5,0.0,419.8,5271.7
TXN-12006,2024-01-26 22:45:00,Rooftop Bar,Patron Silver Tequila,5271.7,0.0,1535.6,3736.1
TXN-12007,2024-01-27 21:30:00,Rooftop Bar,Patron Silver Tequila,3736.1,0.0,1160.7,2560.4
TXN-12008,2024-01-28 22:45:00,Rooftop Bar,Patron Silver Tequila,2575.4,0.0,353.0,2222.4
TXN-12009,2024-01-29 23:00:00,Rooftop Bar,Patron Silver Tequila,2222.4,0.0,822.1,1400.3
TXN-12010,2024-01-30 23:15:00,Rooftop Bar,Patron Silver Tequila,1400.3,9000.0,624.5,9775.8
TXN-12011,2024-01-31 23:15:00,Rooftop Bar,Patron Silver Tequila,9775.8,0.0,587.3,9188.5
TXN-12012,2024-02-01 23:15:00,Rooftop Bar,Patron Silver Tequila,9188.5,0.0,641.3,8547.2
TXN-12013,2024-02-02 21:15:00,Rooftop Bar,Patron Silver Tequila,8547.2,0.0,1531.8,7015.4
TXN-12014,2024-02-03 20:30:00,Rooftop Bar,Patron Silver Tequila,7015.4,0.0,1637.9,5377.5
TXN-12015,2024-02-04 18:45:00,Rooftop Bar,Patron Silver Tequila,5377.5,0.0,441.4,4936.1
TXN-12016,2024-02-05 18:45:00,Rooftop Bar,Patron Silver Tequila,4936.1,0.0,752.8,4183.3
TXN-12017,2024-02-06 23:45:00,Rooftop Bar,Patron Silver Tequila,4183.3,0.0,769.4,3413.9
TXN-12018,2024-02-07 21:15:00,Rooftop Bar,Patron Silver Tequila,3413.9,0.0,488.1,2925.8
TXN-12019,2024-02-08 22:45:00,Rooftop Bar,Patron Silver Tequila,2925.8,0.0,0.0,2925.8
TXN-12020,2024-02-09 23:45:00,Rooftop Bar,Patron Silver Tequila,2925.8,0.0,1387.2,1538.6
TXN-12021,2024-02-10 20:30:00,Rooftop Bar,Patron Silver Tequila,1538.6,0.0,1493.2,45.4
TXN-12022,2024-02-11 20:45:00,Rooftop Bar,Patron Silver Tequila,45.4,4500.0,548.7,3996.7
TXN-12023,2024-02-12 21:45:00,Rooftop Bar,Patron Silver Tequila,3996.7,0.0,657.1,3339.6
TXN-12024,2024-02-13 18:45:00,Rooftop Bar,Patron Silver Tequila,3339.6,0.0,602.5,2737.1
TXN-12025,2024-02-14 19:00:00,Rooftop Bar,Patron Silver Tequila,2737.1,0.0,894.6,1842.5
TXN-12026,2024-02-15 19:00:00,Rooftop Bar,Patron Silver Tequila,1842.5,0.0,511.5,1331.0
TXN-12027,2024-02-16 19:15:00,Rooftop Bar,Patron Silver Tequila,1331.0,13500.0,1300.3,13530.7
TXN-12028,2024-02-17 20:30:00,Rooftop Bar,Patron Silver Tequila,13530.7,0.0,1259.5,12271.2
TXN-12029,2024-02-18 23:15:00,Rooftop Bar,Patron Silver Tequila,12271.2,0.0,426.0,11845.2
TXN-12030,2024-02-19 19:30:00,Rooftop Bar,Patron Silver Tequila,11845.2,0.0,451.0,11394.2
TXN-12031,2024-02-20 23:00:00,Rooftop Bar,Patron Silver Tequila,11394.2,0.0,394.6,10999.6
TXN-12032,2024-02-21 20:30:00,Rooftop Bar,Patron Silver Tequila,10999.6,0.0,615.0,10384.6
TXN-12033,2024-02-22 22:45:00,Rooftop Bar,Patron Silver Tequila,10384.6,0.0,737.6,9647.0
TXN-12034,2024-02-23 18:45:00,Rooftop Bar,Patron Silver Tequila,9647.0,0.0,1367.7,8279.3
TXN-12035,2024-02-24 21:00:00,Rooftop Bar,Patron Silver Tequila,8279.3,0.0,1483.9,6795.4
TXN-12036,2024-02-25 21:45:00,Rooftop Bar,Patron Silver Tequila,6795.4,0.0,614.5,6180.9
TXN-12037,2024-02-26 19:30:00,Rooftop Bar,Patron Silver Tequila,6180.9,0.0,635.6,5545.3
TXN-12038,2024-02-27 21:15:00,Rooftop Bar,Patron Silver Tequila,5545.3,0.0,841.1,4689.2
TXN-12039,2024-02-28 20:15:00,Rooftop Bar,Patron Silver Tequila,4704.2,0.0,182.9,4521.3
TXN-12040,2024-02-29 19:00:00,Rooftop Bar,Patron Silver Tequila,4521.3,0.0,719.7,3801.6
TXN-12041,2024-03-01 21:15:00,Rooftop Bar,Patron Silver Tequila,3801.6,0.0,1659.1,2142.5
TXN-12042,2024-03-02 22:15:00,Rooftop Bar,Patron Silver Tequila,2142.5,0.0,1336.3,806.2
TXN-12043,2024-03-03 21:00:00,Rooftop Bar,Patron Silver Tequila,806.2,13500.0,598.6,13707.6
TXN-12044,2024-03-04 20:15:00,Rooftop Bar,Patron Silver Tequila,13707.6,0.0,461.7,13245.9
TXN-12045,2024-03-05 18:45:00,Rooftop Bar,Patron Silver Tequila,13245.9,0.0,644.6,12601.3
TXN-12046,2024-03-06 19:45:00,Rooftop Bar,Patron Silver Tequila,12601.3,0.0,737.4,11863.9
TXN-12047,2024-03-07 23:45:00,Rooftop Bar,Patron Silver Tequila,11863.9,0.0,813.4,11050.5
TXN-12048,2024-03-08 22:30:00,Rooftop Bar,Patron Silver Tequila,11050.5,0.0,1276.9,9773.6
TXN-12049,2024-03-09 19:00:00,Rooftop Bar,Patron Silver Tequila,9773.6,0.0,1376.7,8396.9
TXN-12050,2024-03-10 19:45:00,Rooftop Bar,Patron Silver Tequila,8396.9,0.0,476.6,7920.3
TXN-12051,2024-03-11 23:00:00,Rooftop Bar,Patron Silver Tequila,7920.3,0.0,593.3,7327.0
TXN-12052,2024-03-12 18:00:00,Rooftop Bar,Patron Silver Tequila,7327.0,0.0,525.0,6802.0
TXN-12053,2024-03-13 20:45:00,Rooftop Bar,Patron Silver Tequila,6802.0,0.0,875.3,5926.7
TXN-12054,2024-03-14 18:15:00,Rooftop Bar,Patron Silver Tequila,5926.7,0.0,1012.5,4914.2
TXN-12055,2024-03-15 23:00:00,Rooftop Bar,Patron Silver Tequila,4914.2,0.0,1407.4,3506.8
TXN-12056,2024-03-16 18:45:00,Rooftop Bar,Patron Silver Tequila,3506.8,0.0,1521.6,1985.2
TXN-12057,2024-03-17 20:00:00,Rooftop Bar,Patron Silver Tequila,1985.2,0.0,791.9,1193.3
TXN-12058,2024-03-18 18:45:00,Rooftop Bar,Patron Silver Tequila,1193.3,9000.0,646.4,9546.9
TXN-12059,2024-03-19 21:45:00,Rooftop Bar,Patron Silver Tequila,9546.9,0.0,419.8,9127.1
TXN-12060,2024-03-20 20:00:00,Rooftop Bar,Patron Silver Tequila,9127.1,0.0,301.7,8825.4
TXN-12061,2024-03-21 19:30:00,Rooftop Bar,Patron Silver Tequila,8825.4,0.0,84.9,8740.5
TXN-12062,2024-03-22 20:30:00,Rooftop Bar,Patron Silver Tequila,8740.5,0.0,1285.0,7455.5
TXN-12063,2024-03-23 18:15:00,Rooftop Bar,Patron Silver Tequila,7455.5,0.0,1407.8,6047.7
TXN-12064,2024-03-24 23:00:00,Rooftop Bar,Patron Silver Tequila,6047.7,0.0,677.2,5370.5
TXN-12065,2024-03-25 23:15:00,Rooftop Bar,Patron Silver Tequila,5370.5,0.0,328.9,5041.6
TXN-12066,2024-03-26 20:45:00,Rooftop Bar,Patron Silver Tequila,5041.6,0.0,513.0,4528.6
TXN-12067,2024-03-27 22:30:00,Rooftop Bar,Patron Silver Tequila,4528.6,0.0,310.1,4218.5
TXN-12068,2024-03-28 23:00:00,Rooftop Bar,Patron Silver Tequila,4218.5,0.0,681.1,3537.4
TXN-12069,2024-03-29 21:45:00,Rooftop Bar,Patron Silver Tequila,3537.4,0.0,1569.0,1968.4
TXN-12070,2024-03-30 18:00:00,Rooftop Bar,Patron Silver Tequila,1968.4,0.0,1125.1,843.3
TXN-12071,2024-03-31 23:00:00,Rooftop Bar,Patron Silver Tequila,843.3,13500.0,924.7,13418.6
TXN-12072,2024-04-01 22:15:00,Rooftop Bar,Patron Silver Tequila,13418.6,0.0,822.7,12595.9
TXN-12073,2024-04-02 19:15:00,Rooftop Bar,Patron Silver Tequila,12595.9,0.0,651.8,11944.1
TXN-12074,2024-04-03 21:00:00,Rooftop Bar,Patron Silver Tequila,11944.1,0.0,494.0,11450.1
TXN-12075,2024-04-04 23:00:00,Rooftop Bar,Patron Silver Tequila,11450.1,0.0,366.8,11083.3
TXN-12076,2024-04-05 22:30:00,Rooftop Bar,Patron Silver Tequila,11083.3,0.0,1726.9,9356.4
TXN-12077,2024-04-06 19:00:00,Rooftop Bar,Patron Silver Tequila,9356.4,0.0,1622.1,7734.3
TXN-12078,2024-04-07 20:15:00,Rooftop Bar,Patron Silver Tequila,7734.3,0.0,906.4,6827.9
TXN-12079,2024-04-08 22:15:00,Rooftop Bar,Patron Silver Tequila,6827.9,0.0,930.7,5897.2
TXN-12080,2024-04-09 19:00:00,Rooftop Bar,Patron Silver Tequila,5897.2,0.0,248.5,5648.7
TXN-12081,2024-04-10 18:15:00,Rooftop Bar,Patron Silver Tequila,5648.7,0.0,988.3,4660.4
TXN-12082,2024-04-11 18:15:00,Rooftop Bar,Patron Silver Tequila,4660.4,0.0,730.1,3930.3
TXN-12083,2024-04-12 23:15:00,Rooftop Bar,Patron Silver Tequila,3930.3,0.0,1780.5,2149.8
TXN-12084,2024-04-13 21:00:00,Rooftop Bar,Patron Silver Tequila,2149.8,0.0,1193.7,956.1
TXN-12085,2024-04-14 18:30:00,Rooftop Bar,Patron Silver Tequila,956.1,4500.0,670.6,4785.5
TXN-12086,2024-04-15 23:15:00,Rooftop Bar,Patron Silver Tequila,4785.5,0.0,744.2,4041.3
TXN-12087,2024-04-16 20:15:00,Rooftop Bar,Patron Silver Tequila,4041.3,0.0,1160.3,2881.0
TXN-12088,2024-04-17 18:00:00,Rooftop Bar,Patron Silver Tequila,2881.0,0.0,633.9,2247.1
TXN-12089,2024-04-18 18:00:00,Rooftop Bar,Patron Silver Tequila,2247.1,0.0,576.4,1670.7
TXN-12090,2024-04-19 21:15:00,Rooftop Bar,Patron Silver Tequila,1670.7,0.0,1214.3,456.4
TXN-12091,2024-04-20 19:45:00,Rooftop Bar,Patron Silver Tequila,456.4,4500.0,1304.7,3651.7
TXN-12092,2024-04-21 22:45:00,Rooftop Bar,Patron Silver Tequila,3651.7,0.0,762.1,2889.6
TXN-12093,2024-04-22 21:30:00,Rooftop Bar,Patron Silver Tequila,2889.6,0.0,316.2,2573.4
TXN-12094,2024-04-23 20:15:00,Rooftop Bar,Patron Silver Tequila,2573.4,0.0,229.2,2344.2
TXN-12095,2024-04-24 20:45:00,Rooftop Bar,Patron Silver Tequila,2344.2,0.0,864.9,1479.3
TXN-12096,2024-04-25 20:45:00,Rooftop Bar,Patron Silver Tequila,1479.3,4500.0,861.7,5117.6
TXN-12097,2024-04-26 18:00:00,Rooftop Bar,Patron Silver Tequila,5117.6,0.0,1406.7,3710.9
TXN-12098,2024-04-27 22:15:00,Rooftop Bar,Patron Silver Tequila,3710.9,0.0,1647.1,2063.8
TXN-12099,2024-04-28 18:15:00,Rooftop Bar,Patron Silver Tequila,2063.8,0.0,548.9,1514.9
TXN-12100,2024-04-29 22:00:00,Rooftop Bar,Patron Silver Tequila,1514.9,0.0,918.6,596.3
TXN-12101,2024-04-30 19:00:00,Rooftop Bar,Patron Silver Tequila,596.3,13500.0,768.8,13327.5
TXN-12102,2024-05-01 23:45:00,Rooftop Bar,Patron Silver Tequila,13327.5,0.0,340.0,12987.5
TXN-12103,2024-05-02 20:00:00,Rooftop Bar,Patron Silver Tequila,12987.5,0.0,414.3,12573.2
TXN-12104,2024-05-03 23:30:00,Rooftop Bar,Patron Silver Tequila,12573.2,0.0,1390.2,11183.0
TXN-12105,2024-05-04 18:00:00,Rooftop Bar,Patron Silver Tequila,11183.0,0.0,1295.9,9887.1
TXN-12106,2024-05-05 21:30:00,Rooftop Bar,Patron Silver Tequila,9887.1,0.0,628.1,9259.0
TXN-12107,2024-05-06 22:15:00,Rooftop Bar,Patron Silver Tequila,9259.0,0.0,712.9,8546.1
TXN-12108,2024-05-07 18:45:00,Rooftop Bar,Patron Silver Tequila,8546.1,0.0,786.3,7759.8
TXN-12109,2024-05-08 19:00:00,Rooftop Bar,Patron Silver Tequila,7759.8,0.0,590.3,7169.5
TXN-12110,2024-05-09 20:30:00,Rooftop Bar,Patron Silver Tequila,7169.5,0.0,77.8,7091.7
TXN-12111,2024-05-10 22:45:00,Rooftop Bar,Patron Silver Tequila,7091.7,0.0,1204.7,5887.0
TXN-12112,2024-05-11 19:00:00,Rooftop Bar,Patron Silver Tequila,5887.0,0.0,1310.4,4576.6
TXN-12113,2024-05-12 21:15:00,Rooftop Bar,Patron Silver Tequila,4576.6,0.0,694.7,3881.9
TXN-12114,2024-05-13 22:30:00,Rooftop Bar,Patron Silver Tequila,3881.9,0.0,771.4,3110.5
TXN-12115,2024-05-14 21:45:00,Rooftop Bar,Patron Silver Tequila,3110.5,0.0,837.3,2273.2
TXN-12116,2024-05-15 18:00:00,Rooftop Bar,Patron Silver Tequila,2273.2,0.0,607.3,1665.9
TXN-12117,2024-05-16 21:30:00,Rooftop Bar,Patron Silver Tequila,1665.9,0.0,639.1,1026.8
TXN-12118,2024-05-17 18:00:00,Rooftop Bar,Patron Silver Tequila,1026.8,9000.0,1169.4,8857.4
TXN-12119,2024-05-18 19:30:00,Rooftop Bar,Patron Silver Tequila,8857.4,0.0,1274.7,7582.7
TXN-12120,2024-05-19 21:15:00,Rooftop Bar,Patron Silver Tequila,7582.7,0.0,471.9,7110.8
TXN-12121,2024-05-20 20:15:00,Rooftop Bar,Patron Silver Tequila,7110.8,0.0,761.0,6349.8
TXN-12122,2024-05-21 20:45:00,Rooftop Bar,Patron Silver Tequila,6349.8,0.0,463.3,5886.5
TXN-12123,2024-05-22 18:15:00,Rooftop Bar,Patron Silver Tequila,5886.5,0.0,429.5,5457.0
TXN-12124,2024-05-23 22:15:00,Rooftop Bar,Patron Silver Tequila,5457.0,0.0,881.3,4575.7
TXN-12125,2024-05-24 23:30:00,Rooftop Bar,Patron Silver Tequila,4575.7,0.0,1318.4,3257.3
TXN-12126,2024-05-25 22:30:00,Rooftop Bar,Patron Silver Tequila,3257.3,0.0,1349.2,1908.1
TXN-12127,2024-05-26 18:00:00,Rooftop Bar,Patron Silver Tequila,1908.1,0.0,707.9,1200.2
TXN-12128,2024-05-27 23:45:00,Rooftop Bar,Patron Silver Tequila,1200.2,4500.0,509.1,5191.1
TXN-12129,2024-05-28 20:15:00,Rooftop Bar,Patron Silver Tequila,5191.1,0.0,751.9,4439.2
TXN-12130,2024-05-29 21:45:00,Rooftop Bar,Patron Silver Tequila,4439.2,0.0,494.7,3944.5
TXN-12131,2024-05-30 18:30:00,Rooftop Bar,Patron Silver Tequila,3944.5,0.0,1066.6,2877.9
TXN-12132,2024-05-31 23:45:00,Rooftop Bar,Patron Silver Tequila,2877.9,0.0,1267.3,1610.6
TXN-12133,2024-06-01 18:30:00,Rooftop Bar,Patron Silver Tequila,1610.6,0.0,1517.5,93.1
TXN-12134,2024-06-02 20:45:00,Rooftop Bar,Patron Silver Tequila,93.1,13500.0,771.2,12821.9
TXN-12135,2024-06-03 19:30:00,Rooftop Bar,Patron Silver Tequila,12821.9,0.0,495.1,12326.8
TXN-12136,2024-06-04 23:00:00,Rooftop Bar,Patron Silver Tequila,12326.8,0.0,767.2,11559.6
TXN-12137,2024-06-05 20:45:00,Rooftop Bar,Patron Silver Tequila,11559.6,0.0,666.2,10893.4
TXN-12138,2024-06-06 20:00:00,Rooftop Bar,Patron Silver Tequila,10893.4,0.0,353.9,10539.5
TXN-12139,2024-06-07 21:00:00,Rooftop Bar,Patron Silver Tequila,10539.5,0.0,1589.2,8950.3
TXN-12140,2024-06-08 19:00:00,Rooftop Bar,Patron Silver Tequila,8950.3,0.0,1638.7,7311.6
TXN-12141,2024-06-09 22:30:00,Rooftop Bar,Patron Silver Tequila,7311.6,0.0,438.4,6873.2
TXN-12142,2024-06-10 18:15:00,Rooftop Bar,Patron Silver Tequila,6873.2,0.0,613.6,6259.6
TXN-12143,2024-06-11 19:00:00,Rooftop Bar,Patron Silver Tequila,6259.6,0.0,628.2,5631.4
TXN-12144,2024-06-12 20:15:00,Rooftop Bar,Patron Silver Tequila,5631.4,0.0,633.9,4997.5
TXN-12145,2024-06-13 22:00:00,Rooftop Bar,Patron Silver Tequila,4997.5,0.0,464.2,4533.3
TXN-12146,2024-06-14 23:00:00,Rooftop Bar,Patron Silver Tequila,4533.3,0.0,1606.7,2926.6
TXN-12147,2024-06-15 18:45:00,Rooftop Bar,Patron Silver Tequila,2926.6,0.0,1252.6,1674.0
TXN-12148,2024-06-16 20:45:00,Rooftop Bar,Patron Silver Tequila,1674.0,0.0,390.3,1283.7
TXN-12149,2024-06-17 20:00:00,Rooftop Bar,Patron Silver Tequila,1283.7,4500.0,206.3,5577.4
TXN-12150,2024-06-18 22:45:00,Rooftop Bar,Patron Silver Tequila,5577.4,0.0,490.4,5087.0
TXN-12151,2024-06-19 19:45:00,Rooftop Bar,Patron Silver Tequila,5087.0,0.0,705.1,4381.9
TXN-12152,2024-06-20 18:15:00,Rooftop Bar,Patron Silver Tequila,4381.9,0.0,425.0,3956.9
TXN-12153,2024-06-21 18:45:00,Rooftop Bar,Patron Silver Tequila,3956.9,0.0,1443.6,2513.3
TXN-12154,2024-06-22 20:00:00,Rooftop Bar,Patron Silver Tequila,2513.3,0.0,1474.9,1038.4
TXN-12155,2024-06-23 22:30:00,Rooftop Bar,Patron Silver Tequila,1038.4,9000.0,538.6,9499.8
TXN-12156,2024-06-24 19:00:00,Rooftop Bar,Patron Silver Tequila,9499.8,0.0,629.4,8870.4
TXN-12157,2024-06-25 18:30:00,Rooftop Bar,Patron Silver Tequila,8870.4,0.0,356.6,8513.8
TXN-12158,2024-06-26 18:00:00,Rooftop Bar,Patron Silver Tequila,8513.8,0.0,480.2,8033.6
TXN-12159,2024-06-27 20:15:00,Rooftop Bar,Patron Silver Tequila,8033.6,0.0,825.3,7208.3
TXN-12160,2024-06-28 20:00:00,Rooftop Bar,Patron Silver Tequila,7208.3,0.0,1537.9,5670.4
TXN-12161,2024-01-01 22:00:00,Rooftop Bar,Remy Martin XO Cognac,3500.0,0.0,0.0,3500.0
TXN-12162,2024-01-02 18:15:00,Rooftop Bar,Remy Martin XO Cognac,3500.0,0.0,140.4,3359.6
TXN-12163,2024-01-03 22:15:00,Rooftop Bar,Remy Martin XO Cognac,3359.6,0.0,0.0,3359.6
TXN-12164,2024-01-04 22:00:00,Rooftop Bar,Remy Martin XO Cognac,3359.6,0.0,99.9,3259.7
TXN-12165,2024-01-05 19:45:00,Rooftop Bar,Remy Martin XO Cognac,3259.7,0.0,131.2,3128.5
TXN-12166,2024-01-06 19:30:00,Rooftop Bar,Remy Martin XO Cognac,3128.5,0.0,97.7,3030.8
TXN-12167,2024-01-07 20:30:00,Rooftop Bar,Remy Martin XO Cognac,3030.8,0.0,53.3,2977.5
TXN-12168,2024-01-08 20:00:00,Rooftop Bar,Remy Martin XO Cognac,2977.5,0.0,61.7,2915.8
TXN-12169,2024-01-09 18:00:00,Rooftop Bar,Remy Martin XO Cognac,2915.8,0.0,72.6,2843.2
TXN-12170,2024-01-10 20:30:00,Rooftop Bar,Remy Martin XO Cognac,2843.2,0.0,0.0,2843.2
TXN-12171,2024-01-11 18:30:00,Rooftop Bar,Remy Martin XO Cognac,2843.2,0.0,91.1,2752.1
TXN-12172,2024-01-12 21:00:00,Rooftop Bar,Remy Martin XO Cognac,2752.1,0.0,303.1,2449.0
TXN-12173,2024-01-13 22:15:00,Rooftop Bar,Remy Martin XO Cognac,2449.0,0.0,112.2,2336.8
TXN-12174,2024-01-14 23:45:00,Rooftop Bar,Remy Martin XO Cognac,2336.8,0.0,97.8,2239.0
TXN-12175,2024-01-15 18:00:00,Rooftop Bar,Remy Martin XO Cognac,2239.0,0.0,121.0,2118.0
TXN-12176,2024-01-16 23:15:00,Rooftop Bar,Remy Martin XO Cognac,2118.0,0.0,0.0,2118.0
TXN-12177,2024-01-17 20:15:00,Rooftop Bar,Remy Martin XO Cognac,2118.0,0.0,70.9,2047.1
TXN-12178,2024-01-18 23:45:00,Rooftop Bar,Remy Martin XO Cognac,2047.1,0.0,165.3,1881.8
TXN-12179,2024-01-19 20:45:00,Rooftop Bar,Remy Martin XO Cognac,1881.8,0.0,159.1,1722.7
TXN-12180,2024-01-20 21:30:00,Rooftop Bar,Remy Martin XO Cognac,1722.7,0.0,104.5,1618.2
TXN-12181,2024-01-21 23:00:00,Rooftop Bar,Remy Martin XO Cognac,1618.2,0.0,0.0,1618.2
TXN-12182,2024-01-22 21:00:00,Rooftop Bar,Remy Martin XO Cognac,1618.2,0.0,180.1,1438.1
TXN-12183,2024-01-23 20:45:00,Rooftop Bar,Remy Martin XO Cognac,1438.1,0.0,0.0,1438.1
TXN-12184,2024-01-24 21:45:00,Rooftop Bar,Remy Martin XO Cognac,1438.1,0.0,0.0,1438.1
TXN-12185,2024-01-25 21:00:00,Rooftop Bar,Remy Martin XO Cognac,1438.1,0.0,0.0,1438.1
TXN-12186,2024-01-26 21:00:00,Rooftop Bar,Remy Martin XO Cognac,1438.1,0.0,86.8,1351.3
TXN-12187,2024-01-27 23:00:00,Rooftop Bar,Remy Martin XO Cognac,1351.3,8400.0,175.4,9575.9
TXN-12188,2024-01-28 21:45:00,Rooftop Bar,Remy Martin XO Cognac,9575.9,0.0,208.7,9367.2
TXN-12189,2024-01-29 18:30:00,Rooftop Bar,Remy Martin XO Cognac,9367.2,0.0,116.4,9250.8
TXN-12190,2024-01-30 20:00:00,Rooftop Bar,Remy Martin XO Cognac,9250.8,0.0,72.5,9178.3
TXN-12191,2024-01-31 22:45:00,Rooftop Bar,Remy Martin XO Cognac,9178.3,0.0,102.2,9076.1
TXN-12192,2024-02-01 19:30:00,Rooftop Bar,Remy Martin XO Cognac,9076.1,0.0,0.0,9076.1
TXN-12193,2024-02-02 19:15:00,Rooftop Bar,Remy Martin XO Cognac,9076.1,0.0,275.0,8801.1
TXN-12194,2024-02-03 21:00:00,Rooftop Bar,Remy Martin XO Cognac,8801.1,0.0,225.7,8575.4
TXN-12195,2024-02-04 23:15:00,Rooftop Bar,Remy Martin XO Cognac,8575.4,0.0,54.6,8520.8
TXN-12196,2024-02-05 20:30:00,Rooftop Bar,Remy Martin XO Cognac,8520.8,0.0,52.1,8468.7
TXN-12197,2024-02-06 19:30:00,Rooftop Bar,Remy Martin XO Cognac,8468.7,0.0,0.0,8468.7
TXN-12198,2024-02-07 18:45:00,Rooftop Bar,Remy Martin XO Cognac,8468.7,0.0,98.5,8370.2
TXN-12199,2024-02-08 22:00:00,Rooftop Bar,Remy Martin XO Cognac,8370.2,0.0,0.0,8370.2
TXN-12200,2024-02-09 21:00:00,Rooftop Bar,Remy Martin XO Cognac,8370.2,0.0,143.4,8226.8
TXN-12201,2024-02-10 21:30:00,Rooftop Bar,Remy Martin XO Cognac,8226.8,0.0,195.9,8030.9
TXN-12202,2024-02-11 18:30:00,Rooftop Bar,Remy Martin XO Cognac,8030.9,0.0,0.0,8030.9
TXN-12203,2024-02-12 22:30:00,Rooftop Bar,Remy Martin XO Cognac,8030.9,0.0,0.0,8030.9
TXN-12204,2024-02-13 22:30:00,Rooftop Bar,Remy Martin XO Cognac,8030.9,0.0,0.0,8030.9
TXN-12205,2024-02-14 18:15:00,Rooftop Bar,Remy Martin XO Cognac,8030.9,0.0,88.4,7942.5
TXN-12206,2024-02-15 20:30:00,Rooftop Bar,Remy Martin XO Cognac,7942.5,0.0,104.0,7838.5
TXN-12207,2024-02-16 18:45:00,Rooftop Bar,Remy Martin XO Cognac,7838.5,0.0,303.4,7535.1
TXN-12208,2024-02-17 18:30:00,Rooftop Bar,Remy Martin XO Cognac,7535.1,0.0,68.2,7466.9
TXN-12209,2024-02-18 18:15:00,Rooftop Bar,Remy Martin XO Cognac,7466.9,0.0,101.5,7365.4
TXN-12210,2024-02-19 19:45:00,Rooftop Bar,Remy Martin XO Cognac,7365.4,0.0,0.0,7365.4
TXN-12211,2024-02-20 20:15:00,Rooftop Bar,Remy Martin XO Cognac,7365.4,0.0,282.4,7083.0
TXN-12212,2024-02-21 20:30:00,Rooftop Bar,Remy Martin XO Cognac,7083.0,0.0,215.4,6867.6
TXN-12213,2024-02-22 22:45:00,Rooftop Bar,Remy Martin XO Cognac,6867.6,0.0,0.0,6867.6
TXN-12214,2024-02-23 20:30:00,Rooftop Bar,Remy Martin XO Cognac,6867.6,0.0,88.7,6778.9
TXN-12215,2024-02-24 19:45:00,Rooftop Bar,Remy Martin XO Cognac,6778.9,0.0,129.1,6649.8
TXN-12216,2024-02-25 20:00:00,Rooftop Bar,Remy Martin XO Cognac,6649.8,0.0,47.5,6602.3
TXN-12217,2024-02-26 21:00:00,Rooftop Bar,Remy Martin XO Cognac,6602.3,0.0,290.2,6312.1
TXN-12218,2024-02-27 20:15:00,Rooftop Bar,Remy Martin XO Cognac,6312.1,0.0,0.0,6312.1
TXN-12219,2024-02-28 22:15:00,Rooftop Bar,Remy Martin XO Cognac,6312.1,0.0,176.9,6135.2
TXN-12220,2024-02-29 23:45:00,Rooftop Bar,Remy Martin XO Cognac,6135.2,0.0,175.1,5960.1
TXN-12221,2024-03-01 20:30:00,Rooftop Bar,Remy Martin XO Cognac,5960.1,0.0,160.3,5799.8
TXN-12222,2024-03-02 22:15:00,Rooftop Bar,Remy Martin XO Cognac,5799.8,0.0,187.6,5612.2
TXN-12223,2024-03-03 21:30:00,Rooftop Bar,Remy Martin XO Cognac,5612.2,0.0,99.3,5512.9
TXN-12224,2024-03-04 21:00:00,Rooftop Bar,Remy Martin XO Cognac,5512.9,0.0,76.2,5436.7
TXN-12225,2024-03-05 18:30:00,Rooftop Bar,Remy Martin XO Cognac,5436.7,0.0,64.6,5372.1
TXN-12226,2024-03-06 20:45:00,Rooftop Bar,Remy Martin XO Cognac,5372.1,0.0,0.0,5372.1
TXN-12227,2024-03-07 22:15:00,Rooftop Bar,Remy Martin XO Cognac,5372.1,0.0,83.4,5273.7
TXN-12228,2024-03-08 20:00:00,Rooftop Bar,Remy Martin XO Cognac,5288.7,0.0,175.6,5113.1
TXN-12229,2024-03-09 23:45:00,Rooftop Bar,Remy Martin XO Cognac,5113.1,0.0,307.7,4805.4
TXN-12230,2024-03-10 20:00:00,Rooftop Bar,Remy Martin XO Cognac,4805.4,0.0,0.0,4805.4
TXN-12231,2024-03-11 18:45:00,Rooftop Bar,Remy Martin XO Cognac,4805.4,0.0,0.0,4805.4
TXN-12232,2024-03-12 22:45:00,Rooftop Bar,Remy Martin XO Cognac,4805.4,0.0,50.1,4755.3
TXN-12233,2024-03-13 20:30:00,Rooftop Bar,Remy Martin XO Cognac,4755.3,0.0,0.0,4755.3
TXN-12234,2024-03-14 19:15:00,Rooftop Bar,Remy Martin XO Cognac,4755.3,0.0,0.0,4755.3
TXN-12235,2024-03-15 23:15:00,Rooftop Bar,Remy Martin XO Cognac,4755.3,0.0,94.3,4661.0
TXN-12236,2024-03-16 22:15:00,Rooftop Bar,Remy Martin XO Cognac,4661.0,0.0,146.1,4514.9
TXN-12237,2024-03-17 20:15:00,Rooftop Bar,Remy Martin XO Cognac,4514.9,0.0,143.6,4371.3
TXN-12238,2024-03-18 21:30:00,Rooftop Bar,Remy Martin XO Cognac,4371.3,0.0,82.7,4288.6
TXN-12239,2024-03-19 21:00:00,Rooftop Bar,Remy Martin XO Cognac,4288.6,0.0,0.0,4288.6
TXN-12240,2024-03-20 22:45:00,Rooftop Bar,Remy Martin XO Cognac,4288.6,0.0,0.0,4288.6
TXN-12241,2024-03-21 23:00:00,Rooftop Bar,Remy Martin XO Cognac,4288.6,0.0,0.0,4288.6
TXN-12242,2024-03-22 20:00:00,Rooftop Bar,Remy Martin XO Cognac,4288.6,0.0,241.7,4046.9
TXN-12243,2024-03-23 20:15:00,Rooftop Bar,Remy Martin XO Cognac,4046.9,0.0,157.5,3889.4
TXN-12244,2024-03-24 22:00:00,Rooftop Bar,Remy Martin XO Cognac,3889.4,0.0,194.4,3695.0
TXN-12245,2024-03-25 21:45:00,Rooftop Bar,Remy Martin XO Cognac,3695.0,0.0,201.4,3493.6
TXN-12246,2024-03-26 22:30:00,Rooftop Bar,Remy Martin XO Cognac,3493.6,0.0,113.4,3380.2
TXN-12247,2024-03-27 21:30:00,Rooftop Bar,Remy Martin XO Cognac,3380.2,0.0,244.9,3135.3
TXN-12248,2024-03-28 19:30:00,Rooftop Bar,Remy Martin XO Cognac,3135.3,0.0,0.0,3135.3
TXN-12249,2024-03-29 21:00:00,Rooftop Bar,Remy Martin XO Cognac,3135.3,0.0,154.5,2980.8
TXN-12250,2024-03-30 19:30:00,Rooftop Bar,Remy Martin XO Cognac,2980.8,0.0,60.6,2920.2
TXN-12251,2024-03-31 18:30:00,Rooftop Bar,Remy Martin XO Cognac,2920.2,0.0,0.0,2920.2
TXN-12252,2024-04-01 22:15:00,Rooftop Bar,Remy Martin XO Cognac,2920.2,0.0,0.0,2920.2
TXN-12253,2024-04-02 23:45:00,Rooftop Bar,Remy Martin XO Cognac,2920.2,0.0,291.7,2628.5
TXN-12254,2024-04-03 23:15:00,Rooftop Bar,Remy Martin XO Cognac,2628.5,0.0,71.5,2557.0
TXN-12255,2024-04-04 19:00:00,Rooftop Bar,Remy Martin XO Cognac,2557.0,0.0,81.2,2475.8
TXN-12256,2024-04-05 20:15:00,Rooftop Bar,Remy Martin XO Cognac,2475.8,0.0,111.9,2363.9
TXN-12257,2024-04-06 21:15:00,Rooftop Bar,Remy Martin XO Cognac,2363.9,0.0,218.9,2145.0
TXN-12258,2024-04-07 18:30:00,Rooftop Bar,Remy Martin XO Cognac,2145.0,0.0,0.0,2145.0
TXN-12259,2024-04-08 23:15:00,Rooftop Bar,Remy Martin XO Cognac,2145.0,0.0,172.7,1972.3
TXN-12260,2024-04-09 19:30:00,Rooftop Bar,Remy Martin XO Cognac,1972.3,0.0,127.2,1845.1
TXN-12261,2024-04-10 22:30:00,Rooftop Bar,Remy Martin XO Cognac,1845.1,0.0,0.0,1845.1
TXN-12262,2024-04-11 21:30:00,Rooftop Bar,Remy Martin XO Cognac,1845.1,0.0,0.0,1845.1
TXN-12263,2024-04-12 20:00:00,Rooftop Bar,Remy Martin XO Cognac,1845.1,0.0,121.5,1723.6
TXN-12264,2024-04-13 21:00:00,Rooftop Bar,Remy Martin XO Cognac,1723.6,0.0,211.2,1512.4
TXN-12265,2024-04-14 22:00:00,Rooftop Bar,Remy Martin XO Cognac,1512.4,0.0,0.0,1512.4
TXN-12266,2024-04-15 21:45:00,Rooftop Bar,Remy Martin XO Cognac,1512.4,0.0,0.0,1512.4
TXN-12267,2024-04-16 22:00:00,Rooftop Bar,Remy Martin XO Cognac,1512.4,0.0,151.8,1360.6
TXN-12268,2024-04-17 18:45:00,Rooftop Bar,Remy Martin XO Cognac,1360.6,8400.0,0.0,9760.6
TXN-12269,2024-04-18 19:15:00,Rooftop Bar,Remy Martin XO Cognac,9760.6,0.0,0.0,9760.6
TXN-12270,2024-04-19 18:15:00,Rooftop Bar,Remy Martin XO Cognac,9760.6,0.0,318.0,9442.6
TXN-12271,2024-04-20 19:00:00,Rooftop Bar,Remy Martin XO Cognac,9442.6,0.0,301.0,9141.6
TXN-12272,2024-04-21 21:00:00,Rooftop Bar,Remy Martin XO Cognac,9141.6,0.0,163.0,8978.6
TXN-12273,2024-04-22 23:15:00,Rooftop Bar,Remy Martin XO Cognac,8978.6,0.0,122.3,8856.3
TXN-12274,2024-04-23 22:45:00,Rooftop Bar,Remy Martin XO Cognac,8856.3,0.0,0.0,8856.3
TXN-12275,2024-04-24 19:30:00,Rooftop Bar,Remy Martin XO Cognac,8856.3,0.0,0.0,8856.3
TXN-12276,2024-04-25 19:00:00,Rooftop Bar,Remy Martin XO Cognac,8856.3,0.0,0.0,8856.3
TXN-12277,2024-04-26 18:45:00,Rooftop Bar,Remy Martin XO Cognac,8856.3,0.0,245.2,8611.1
TXN-12278,2024-04-27 19:30:00,Rooftop Bar,Remy Martin XO Cognac,8611.1,0.0,131.9,8479.2
TXN-12279,2024-04-28 19:00:00,Rooftop Bar,Remy Martin XO Cognac,8479.2,0.0,122.3,8356.9
TXN-12280,2024-04-29 23:15:00,Rooftop Bar,Remy Martin XO Cognac,8356.9,0.0,154.6,8202.3
TXN-12281,2024-04-30 18:45:00,Rooftop Bar,Remy Martin XO Cognac,8202.3,0.0,0.0,8202.3
TXN-12282,2024-05-01 19:30:00,Rooftop Bar,Remy Martin XO Cognac,8202.3,0.0,102.4,8099.9
TXN-12283,2024-05-02 23:00:00,Rooftop Bar,Remy Martin XO Cognac,8099.9,0.0,157.4,7942.5
TXN-12284,2024-05-03 18:00:00,Rooftop Bar,Remy Martin XO Cognac,7942.5,0.0,108.9,7833.6
TXN-12285,2024-05-04 23:00:00,Rooftop Bar,Remy Martin XO Cognac,7833.6,0.0,173.3,7660.3
TXN-12286,2024-05-05 23:00:00,Rooftop Bar,Remy Martin XO Cognac,7660.3,0.0,92.5,7567.8
TXN-12287,2024-05-06 22:15:00,Rooftop Bar,Remy Martin XO Cognac,7567.8,0.0,0.0,7567.8
TXN-12288,2024-05-07 19:15:00,Rooftop Bar,Remy Martin XO Cognac,7567.8,0.0,114.7,7453.1
TXN-12289,2024-05-08 23:30:00,Rooftop Bar,Remy Martin XO Cognac,7453.1,0.0,208.9,7244.2
TXN-12290,2024-05-09 18:30:00,Rooftop Bar,Remy Martin XO Cognac,7244.2,0.0,0.0,7244.2
TXN-12291,2024-05-10 20:45:00,Rooftop Bar,Remy Martin XO Cognac,7244.2,0.0,271.9,6972.3
TXN-12292,2024-05-11 19:45:00,Rooftop Bar,Remy Martin XO Cognac,6972.3,0.0,182.2,6790.1
TXN-12293,2024-05-12 20:00:00,Rooftop Bar,Remy Martin XO Cognac,6790.1,0.0,0.0,6790.1
TXN-12294,2024-05-13 23:30:00,Rooftop Bar,Remy Martin XO Cognac,6790.1,0.0,270.6,6519.5
TXN-12295,2024-05-14 23:30:00,Rooftop Bar,Remy Martin XO Cognac,6519.5,0.0,0.0,6519.5
TXN-12296,2024-05-15 21:15:00,Rooftop Bar,Remy Martin XO Cognac,6519.5,0.0,126.6,6392.9
TXN-12297,2024-05-16 21:00:00,Rooftop Bar,Remy Martin XO Cognac,6392.9,0.0,0.0,6392.9
TXN-12298,2024-05-17 22:45:00,Rooftop Bar,Remy Martin XO Cognac,6392.9,0.0,96.6,6296.3
TXN-12299,2024-05-18 18:30:00,Rooftop Bar,Remy Martin XO Cognac,6296.3,0.0,111.4,6184.9
TXN-12300,2024-05-19 21:00:00,Rooftop Bar,Remy Martin XO Cognac,6184.9,0.0,0.0,6184.9
TXN-12301,2024-05-20 21:15:00,Rooftop Bar,Remy Martin XO Cognac,6184.9,0.0,85.0,6099.9
TXN-12302,2024-05-21 23:15:00,Rooftop Bar,Remy Martin XO Cognac,6099.9,0.0,0.0,6099.9
TXN-12303,2024-05-22 22:00:00,Rooftop Bar,Remy Martin XO Cognac,6099.9,0.0,0.0,6099.9
TXN-12304,2024-05-23 23:30:00,Rooftop Bar,Remy Martin XO Cognac,6099.9,0.0,48.0,6051.9
TXN-12305,2024-05-24 22:15:00,Rooftop Bar,Remy Martin XO Cognac,6051.9,0.0,222.2,5829.7
TXN-12306,2024-05-25 18:30:00,Rooftop Bar,Remy Martin XO Cognac,5829.7,0.0,160.9,5668.8
TXN-12307,2024-05-26 22:00:00,Rooftop Bar,Remy Martin XO Cognac,5668.8,0.0,147.9,5520.9
TXN-12308,2024-05-27 21:15:00,Rooftop Bar,Remy Martin XO Cognac,5520.9,0.0,151.2,5369.7
TXN-12309,2024-05-28 19:00:00,Rooftop Bar,Remy Martin XO Cognac,5369.7,0.0,44.5,5325.2
TXN-12310,2024-05-29 20:30:00,Rooftop Bar,Remy Martin XO Cognac,5325.2,0.0,0.0,5325.2
TXN-12311,2024-05-30 19:30:00,Rooftop Bar,Remy Martin XO Cognac,5325.2,0.0,0.0,5325.2
TXN-12312,2024-05-31 23:30:00,Rooftop Bar,Remy Martin XO Cognac,5325.2,0.0,91.9,5233.3
TXN-12313,2024-06-01 18:00:00,Rooftop Bar,Remy Martin XO Cognac,5233.3,0.0,61.2,5172.1
TXN-12314,2024-06-02 22:30:00,Rooftop Bar,Remy Martin XO Cognac,5172.1,0.0,141.3,5030.8
TXN-12315,2024-06-03 22:30:00,Rooftop Bar,Remy Martin XO Cognac,5030.8,0.0,228.0,4802.8
TXN-12316,2024-06-04 20:45:00,Rooftop Bar,Remy Martin XO Cognac,4802.8,0.0,0.0,4802.8
TXN-12317,2024-06-05 23:15:00,Rooftop Bar,Remy Martin XO Cognac,4802.8,0.0,198.8,4604.0
TXN-12318,2024-06-06 19:45:00,Rooftop Bar,Remy Martin XO Cognac,4604.0,0.0,0.0,4604.0
TXN-12319,2024-06-07 20:15:00,Rooftop Bar,Remy Martin XO Cognac,4604.0,0.0,269.3,4334.7
TXN-12320,2024-06-08 21:30:00,Rooftop Bar,Remy Martin XO Cognac,4334.7,0.0,209.4,4125.3
TXN-12321,2024-06-09 21:00:00,Rooftop Bar,Remy Martin XO Cognac,4125.3,0.0,0.0,4125.3
TXN-12322,2024-06-10 22:15:00,Rooftop Bar,Remy Martin XO Cognac,4125.3,0.0,52.0,4073.3
TXN-12323,2024-06-11 19:30:00,Rooftop Bar,Remy Martin XO Cognac,4073.3,0.0,231.5,3841.8
TXN-12324,2024-06-12 22:00:00,Rooftop Bar,Remy Martin XO Cognac,3841.8,0.0,0.0,3841.8
TXN-12325,2024-06-13 20:30:00,Rooftop Bar,Remy Martin XO Cognac,3841.8,0.0,0.0,3841.8
TXN-12326,2024-06-14 22:15:00,Rooftop Bar,Remy Martin XO Cognac,3841.8,0.0,213.1,3628.7
TXN-12327,2024-06-15 21:30:00,Rooftop Bar,Remy Martin XO Cognac,3628.7,0.0,215.0,3413.7
TXN-12328,2024-06-16 22:00:00,Rooftop Bar,Remy Martin XO Cognac,3413.7,0.0,242.5,3171.2
TXN-12329,2024-06-17 22:45:00,Rooftop Bar,Remy Martin XO Cognac,3171.2,0.0,107.5,3063.7
TXN-12330,2024-06-18 22:45:00,Rooftop Bar,Remy Martin XO Cognac,3063.7,0.0,280.0,2783.7
TXN-12331,2024-06-19 20:30:00,Rooftop Bar,Remy Martin XO Cognac,2783.7,0.0,0.0,2783.7
TXN-12332,2024-06-20 19:00:00,Rooftop Bar,Remy Martin XO Cognac,2783.7,0.0,170.5,2613.2
TXN-12333,2024-06-21 20:15:00,Rooftop Bar,Remy Martin XO Cognac,2613.2,0.0,268.6,2344.6
TXN-12334,2024-06-22 19:45:00,Rooftop Bar,Remy Martin XO Cognac,2344.6,0.0,157.7,2186.9
TXN-12335,2024-06-23 18:15:00,Rooftop Bar,Remy Martin XO Cognac,2186.9,0.0,0.0,2186.9
TXN-12336,2024-06-24 22:15:00,Rooftop Bar,Remy Martin XO Cognac,2186.9,0.0,0.0,2186.9
TXN-12337,2024-06-25 21:00:00,Rooftop Bar,Remy Martin XO Cognac,2186.9,0.0,0.0,2186.9
TXN-12338,2024-06-26 23:15:00,Rooftop Bar,Remy Martin XO Cognac,2186.9,0.0,182.2,2004.7
TXN-12339,2024-06-27 21:45:00,Rooftop Bar,Remy Martin XO Cognac,2004.7,0.0,108.7,1896.0
TXN-12340,2024-06-28 18:15:00,Rooftop Bar,Remy Martin XO Cognac,1896.0,0.0,275.2,1620.8
TXN-12341,2024-01-01 19:00:00,Rooftop Bar,Chartreuse Herbal Liqueur,6300.0,0.0,76.8,6223.2
TXN-12342,2024-01-02 23:45:00,Rooftop Bar,Chartreuse Herbal Liqueur,6223.2,0.0,129.8,6093.4
TXN-12343,2024-01-03 21:00:00,Rooftop Bar,Chartreuse Herbal Liqueur,6093.4,0.0,59.0,6034.4
TXN-12344,2024-01-04 23:30:00,Rooftop Bar,Chartreuse Herbal Liqueur,6034.4,0.0,21.6,6012.8
TXN-12345,2024-01-05 18:00:00,Rooftop Bar,Chartreuse Herbal Liqueur,6012.8,0.0,91.8,5921.0
TXN-12346,2024-01-06 18:45:00,Rooftop Bar,Chartreuse Herbal Liqueur,5921.0,0.0,0.0,5921.0
TXN-12347,2024-01-07 22:45:00,Rooftop Bar,Chartreuse Herbal Liqueur,5921.0,0.0,0.0,5921.0
TXN-12348,2024-01-08 23:30:00,Rooftop Bar,Chartreuse Herbal Liqueur,5921.0,0.0,136.8,5784.2
TXN-12349,2024-01-09 23:00:00,Rooftop Bar,Chartreuse Herbal Liqueur,5784.2,0.0,0.0,5784.2
TXN-12350,2024-01-10 23:15:00,Rooftop Bar,Chartreuse Herbal Liqueur,5784.2,0.0,53.1,5731.1
TXN-12351,2024-01-11 20:30:00,Rooftop Bar,Chartreuse Herbal Liqueur,5731.1,0.0,0.0,5731.1
TXN-12352,2024-01-12 20:30:00,Rooftop Bar,Chartreuse Herbal Liqueur,5731.1,0.0,105.0,5626.1
TXN-12353,2024-01-13 23:30:00,Rooftop Bar,Chartreuse Herbal Liqueur,5626.1,0.0,0.0,5626.1
TXN-12354,2024-01-14 23:45:00,Rooftop Bar,Chartreuse Herbal Liqueur,5626.1,0.0,25.9,5600.2
TXN-12355,2024-01-15 18:45:00,Rooftop Bar,Chartreuse Herbal Liqueur,5600.2,0.0,75.3,5524.9
TXN-12356,2024-01-16 22:00:00,Rooftop Bar,Chartreuse Herbal Liqueur,5524.9,0.0,5.3,5519.6
TXN-12357,2024-01-17 22:15:00,Rooftop Bar,Chartreuse Herbal Liqueur,5519.6,0.0,0.0,5519.6
TXN-12358,2024-01-18 23:30:00,Rooftop Bar,Chartreuse Herbal Liqueur,5519.6,0.0,0.0,5519.6
TXN-12359,2024-01-19 19:30:00,Rooftop Bar,Chartreuse Herbal Liqueur,5519.6,0.0,187.9,5331.7
TXN-12360,2024-01-20 21:30:00,Rooftop Bar,Chartreuse Herbal Liqueur,5331.7,0.0,79.4,5252.3
TXN-12361,2024-01-21 19:45:00,Rooftop Bar,Chartreuse Herbal Liqueur,5252.3,0.0,61.5,5190.8
TXN-12362,2024-01-22 22:45:00,Rooftop Bar,Chartreuse Herbal Liqueur,5190.8,0.0,20.5,5170.3
TXN-12363,2024-01-23 23:30:00,Rooftop Bar,Chartreuse Herbal Liqueur,5170.3,0.0,0.0,5170.3
TXN-12364,2024-01-24 20:00:00,Rooftop Bar,Chartreuse Herbal Liqueur,5170.3,0.0,41.2,5129.1
TXN-12365,2024-01-25 22:30:00,Rooftop Bar,Chartreuse Herbal Liqueur,5129.1,0.0,0.0,5129.1
TXN-12366,2024-01-26 22:30:00,Rooftop Bar,Chartreuse Herbal Liqueur,5129.1,0.0,78.2,5050.9
TXN-12367,2024-01-27 20:45:00,Rooftop Bar,Chartreuse Herbal Liqueur,5050.9,0.0,0.0,5050.9
TXN-12368,2024-01-28 18:15:00,Rooftop Bar,Chartreuse Herbal Liqueur,5050.9,0.0,23.8,5027.1
TXN-12369,2024-01-29 23:15:00,Rooftop Bar,Chartreuse Herbal Liqueur,5027.1,0.0,0.0,5027.1
TXN-12370,2024-01-30 19:30:00,Rooftop Bar,Chartreuse Herbal Liqueur,5027.1,0.0,32.9,4994.2
TXN-12371,2024-01-31 18:15:00,Rooftop Bar,Chartreuse Herbal Liqueur,4994.2,0.0,133.3,4860.9
TXN-12372,2024-02-01 22:30:00,Rooftop Bar,Chartreuse Herbal Liqueur,4860.9,0.0,0.0,4860.9
TXN-12373,2024-02-02 18:15:00,Rooftop Bar,Chartreuse Herbal Liqueur,4860.9,0.0,119.0,4741.9
TXN-12374,2024-02-03 20:15:00,Rooftop Bar,Chartreuse Herbal Liqueur,4741.9,0.0,59.1,4682.8
TXN-12375,2024-02-04 21:45:00,Rooftop Bar,Chartreuse Herbal Liqueur,4682.8,0.0,0.0,4682.8
TXN-12376,2024-02-05 22:15:00,Rooftop Bar,Chartreuse Herbal Liqueur,4682.8,0.0,0.0,4682.8
TXN-12377,2024-02-06 22:30:00,Rooftop Bar,Chartreuse Herbal Liqueur,4682.8,0.0,0.0,4682.8
TXN-12378,2024-02-07 21:00:00,Rooftop Bar,Chartreuse Herbal Liqueur,4682.8,0.0,0.0,4667.8
TXN-12379,2024-02-08 22:00:00,Rooftop Bar,Chartreuse Herbal Liqueur,4682.8,0.0,62.7,4620.1
TXN-12380,2024-02-09 21:45:00,Rooftop Bar,Chartreuse Herbal Liqueur,4620.1,0.0,77.9,4542.2
TXN-12381,2024-02-10 22:15:00,Rooftop Bar,Chartreuse Herbal Liqueur,4542.2,0.0,63.6,4478.6
TXN-12382,2024-02-11 21:45:00,Rooftop Bar,Chartreuse Herbal Liqueur,4478.6,0.0,0.0,4478.6
TXN-12383,2024-02-12 18:30:00,Rooftop Bar,Chartreuse Herbal Liqueur,4478.6,0.0,79.3,4399.3
TXN-12384,2024-02-13 22:30:00,Rooftop Bar,Chartreuse Herbal Liqueur,4399.3,0.0,11.0,4388.3
TXN-12385,2024-02-14 21:15:00,Rooftop Bar,Chartreuse Herbal Liqueur,4388.3,0.0,18.2,4355.1
TXN-12386,2024-02-15 21:45:00,Rooftop Bar,Chartreuse Herbal Liqueur,4370.1,0.0,122.1,4248.0
TXN-12387,2024-02-16 22:15:00,Rooftop Bar,Chartreuse Herbal Liqueur,4248.0,0.0,71.7,4176.3
TXN-12388,2024-02-17 21:15:00,Rooftop Bar,Chartreuse Herbal Liqueur,4176.3,0.0,39.7,4136.6
TXN-12389,2024-02-18 19:15:00,Rooftop Bar,Chartreuse Herbal Liqueur,4136.6,0.0,0.9,4135.7
TXN-12390,2024-02-19 21:00:00,Rooftop Bar,Chartreuse Herbal Liqueur,4135.7,0.0,0.0,4135.7
TXN-12391,2024-02-20 18:30:00,Rooftop Bar,Chartreuse Herbal Liqueur,4135.7,0.0,102.1,4033.6
TXN-12392,2024-02-21 21:00:00,Rooftop Bar,Chartreuse Herbal Liqueur,4033.6,0.0,77.9,3955.7
TXN-12393,2024-02-22 19:45:00,Rooftop Bar,Chartreuse Herbal Liqueur,3955.7,0.0,0.0,3955.7
TXN-12394,2024-02-23 20:45:00,Rooftop Bar,Chartreuse Herbal Liqueur,3955.7,0.0,130.6,3825.1
TXN-12395,2024-02-24 23:45:00,Rooftop Bar,Chartreuse Herbal Liqueur,3825.1,0.0,105.4,3719.7
TXN-12396,2024-02-25 22:00:00,Rooftop Bar,Chartreuse Herbal Liqueur,3719.7,0.0,0.0,3719.7
TXN-12397,2024-02-26 23:15:00,Rooftop Bar,Chartreuse Herbal Liqueur,3719.7,0.0,0.0,3719.7
TXN-12398,2024-02-27 21:30:00,Rooftop Bar,Chartreuse Herbal Liqueur,3719.7,0.0,0.0,3719.7
TXN-12399,2024-02-28 21:30:00,Rooftop Bar,Chartreuse Herbal Liqueur,3719.7,0.0,0.0,3719.7
TXN-12400,2024-02-29 22:15:00,Rooftop Bar,Chartreuse Herbal Liqueur,3719.7,0.0,117.0,3602.7
TXN-12401,2024-03-01 22:30:00,Rooftop Bar,Chartreuse Herbal Liqueur,3602.7,0.0,111.3,3491.4
TXN-12402,2024-03-02 23:30:00,Rooftop Bar,Chartreuse Herbal Liqueur,3491.4,0.0,16.3,3475.1
TXN-12403,2024-03-03 22:15:00,Rooftop Bar,Chartreuse Herbal Liqueur,3475.1,0.0,55.2,3419.9
TXN-12404,2024-03-04 20:00:00,Rooftop Bar,Chartreuse Herbal Liqueur,3419.9,0.0,18.3,3401.6
TXN-12405,2024-03-05 18:30:00,Rooftop Bar,Chartreuse Herbal Liqueur,3401.6,0.0,0.0,3401.6
TXN-12406,2024-03-06 18:00:00,Rooftop Bar,Chartreuse Herbal Liqueur,3401.6,0.0,0.0,3401.6
TXN-12407,2024-03-07 21:30:00,Rooftop Bar,Chartreuse Herbal Liqueur,3401.6,0.0,31.4,3370.2
TXN-12408,2024-03-08 22:30:00,Rooftop Bar,Chartreuse Herbal Liqueur,3370.2,0.0,110.9,3259.3
TXN-12409,2024-03-09 18:00:00,Rooftop Bar,Chartreuse Herbal Liqueur,3259.3,0.0,153.3,3106.0
TXN-12410,2024-03-10 19:00:00,Rooftop Bar,Chartreuse Herbal Liqueur,3106.0,0.0,0.0,3106.0
TXN-12411,2024-03-11 23:30:00,Rooftop Bar,Chartreuse Herbal Liqueur,3106.0,0.0,64.4,3041.6
TXN-12412,2024-03-12 19:45:00,Rooftop Bar,Chartreuse Herbal Liqueur,3041.6,0.0,0.0,3041.6
TXN-12413,2024-03-13 22:00:00,Rooftop Bar,Chartreuse Herbal Liqueur,3041.6,0.0,0.0,3041.6
TXN-12414,2024-03-14 23:45:00,Rooftop Bar,Chartreuse Herbal Liqueur,3041.6,0.0,67.7,2973.9
TXN-12415,2024-03-15 21:30:00,Rooftop Bar,Chartreuse Herbal Liqueur,2973.9,0.0,189.2,2784.7
TXN-12416,2024-03-16 20:30:00,Rooftop Bar,Chartreuse Herbal Liqueur,2784.7,0.0,88.0,2696.7
TXN-12417,2024-03-17 19:30:00,Rooftop Bar,Chartreuse Herbal Liqueur,2696.7,0.0,87.7,2609.0
TXN-12418,2024-03-18 19:15:00,Rooftop Bar,Chartreuse Herbal Liqueur,2609.0,0.0,90.2,2518.8
TXN-12419,2024-03-19 20:30:00,Rooftop Bar,Chartreuse Herbal Liqueur,2518.8,0.0,85.8,2433.0
TXN-12420,2024-03-20 19:30:00,Rooftop Bar,Chartreuse Herbal Liqueur,2433.0,0.0,67.8,2365.2
TXN-12421,2024-03-21 21:00:00,Rooftop Bar,Chartreuse Herbal Liqueur,2365.2,0.0,0.0,2365.2
TXN-12422,2024-03-22 18:45:00,Rooftop Bar,Chartreuse Herbal Liqueur,2365.2,0.0,69.3,2295.9
TXN-12423,2024-03-23 22:30:00,Rooftop Bar,Chartreuse Herbal Liqueur,2295.9,0.0,226.8,2069.1
TXN-12424,2024-03-24 18:00:00,Rooftop Bar,Chartreuse Herbal Liqueur,2069.1,0.0,66.0,2003.1
TXN-12425,2024-03-25 19:45:00,Rooftop Bar,Chartreuse Herbal Liqueur,2003.1,0.0,94.3,1908.8
TXN-12426,2024-03-26 21:30:00,Rooftop Bar,Chartreuse Herbal Liqueur,1908.8,0.0,88.9,1804.9
TXN-12427,2024-03-27 23:00:00,Rooftop Bar,Chartreuse Herbal Liqueur,1819.9,0.0,65.3,1754.6
TXN-12428,2024-03-28 23:30:00,Rooftop Bar,Chartreuse Herbal Liqueur,1754.6,0.0,0.0,1754.6
TXN-12429,2024-03-29 19:30:00,Rooftop Bar,Chartreuse Herbal Liqueur,1754.6,0.0,5.2,1749.4
TXN-12430,2024-03-30 21:30:00,Rooftop Bar,Chartreuse Herbal Liqueur,1749.4,0.0,78.6,1670.8
TXN-12431,2024-03-31 20:30:00,Rooftop Bar,Chartreuse Herbal Liqueur,1670.8,0.0,0.0,1655.8
TXN-12432,2024-04-01 23:15:00,Rooftop Bar,Chartreuse Herbal Liqueur,1670.8,0.0,145.4,1525.4
TXN-12433,2024-04-02 18:45:00,Rooftop Bar,Chartreuse Herbal Liqueur,1525.4,0.0,0.0,1525.4
TXN-12434,2024-04-03 19:30:00,Rooftop Bar,Chartreuse Herbal Liqueur,1525.4,0.0,0.0,1525.4
TXN-12435,2024-04-04 20:30:00,Rooftop Bar,Chartreuse Herbal Liqueur,1525.4,0.0,0.0,1545.4
TXN-12436,2024-04-05 21:45:00,Rooftop Bar,Chartreuse Herbal Liqueur,1525.4,0.0,34.4,1491.0
TXN-12437,2024-04-06 23:00:00,Rooftop Bar,Chartreuse Herbal Liqueur,1491.0,0.0,115.9,1375.1
TXN-12438,2024-04-07 23:15:00,Rooftop Bar,Chartreuse Herbal Liqueur,1375.1,4200.0,72.3,5502.8
TXN-12439,2024-04-08 21:45:00,Rooftop Bar,Chartreuse Herbal Liqueur,5502.8,0.0,0.0,5502.8
TXN-12440,2024-04-09 18:45:00,Rooftop Bar,Chartreuse Herbal Liqueur,5502.8,0.0,91.7,5411.1
TXN-12441,2024-04-10 18:45:00,Rooftop Bar,Chartreuse Herbal Liqueur,5411.1,0.0,101.2,5309.9
TXN-12442,2024-04-11 21:00:00,Rooftop Bar,Chartreuse Herbal Liqueur,5309.9,0.0,0.0,5309.9
TXN-12443,2024-04-12 19:45:00,Rooftop Bar,Chartreuse Herbal Liqueur,5309.9,0.0,153.8,5156.1
TXN-12444,2024-04-13 20:45:00,Rooftop Bar,Chartreuse Herbal Liqueur,5156.1,0.0,134.8,5021.3
TXN-12445,2024-04-14 23:45:00,Rooftop Bar,Chartreuse Herbal Liqueur,5021.3,0.0,87.2,4934.1
TXN-12446,2024-04-15 22:00:00,Rooftop Bar,Chartreuse Herbal Liqueur,4934.1,0.0,66.5,4867.6
TXN-12447,2024-04-16 23:15:00,Rooftop Bar,Chartreuse Herbal Liqueur,4867.6,0.0,0.0,4867.6
TXN-12448,2024-04-17 21:45:00,Rooftop Bar,Chartreuse Herbal Liqueur,4867.6,0.0,0.0,4867.6
TXN-12449,2024-04-18 20:15:00,Rooftop Bar,Chartreuse Herbal Liqueur,4867.6,0.0,60.1,4807.5
TXN-12450,2024-04-19 23:00:00,Rooftop Bar,Chartreuse Herbal Liqueur,4807.5,0.0,158.7,4648.8
TXN-12451,2024-04-20 18:15:00,Rooftop Bar,Chartreuse Herbal Liqueur,4648.8,0.0,58.8,4590.0
TXN-12452,2024-04-21 22:15:00,Rooftop Bar,Chartreuse Herbal Liqueur,4590.0,0.0,92.8,4497.2
TXN-12453,2024-04-22 23:00:00,Rooftop Bar,Chartreuse Herbal Liqueur,4497.2,0.0,94.3,4402.9
TXN-12454,2024-04-23 20:15:00,Rooftop Bar,Chartreuse Herbal Liqueur,4402.9,0.0,0.0,4402.9
TXN-12455,2024-04-24 23:00:00,Rooftop Bar,Chartreuse Herbal Liqueur,4402.9,0.0,0.0,4402.9
TXN-12456,2024-04-25 23:45:00,Rooftop Bar,Chartreuse Herbal Liqueur,4402.9,0.0,0.0,4402.9
TXN-12457,2024-04-26 19:15:00,Rooftop Bar,Chartreuse Herbal Liqueur,4402.9,0.0,108.7,4294.2
TXN-12458,2024-04-27 20:30:00,Rooftop Bar,Chartreuse Herbal Liqueur,4294.2,0.0,57.9,4236.3
TXN-12459,2024-04-28 20:30:00,Rooftop Bar,Chartreuse Herbal Liqueur,4236.3,0.0,105.9,4130.4
TXN-12460,2024-04-29 22:45:00,Rooftop Bar,Chartreuse Herbal Liqueur,4130.4,0.0,0.0,4130.4
TXN-12461,2024-04-30 21:45:00,Rooftop Bar,Chartreuse Herbal Liqueur,4130.4,0.0,0.0,4130.4
TXN-12462,2024-05-01 22:00:00,Rooftop Bar,Chartreuse Herbal Liqueur,4130.4,0.0,67.0,4063.4
TXN-12463,2024-05-02 21:30:00,Rooftop Bar,Chartreuse Herbal Liqueur,4063.4,0.0,10.0,4053.4
TXN-12464,2024-05-03 19:45:00,Rooftop Bar,Chartreuse Herbal Liqueur,4053.4,0.0,65.0,3988.4
TXN-12465,2024-05-04 20:15:00,Rooftop Bar,Chartreuse Herbal Liqueur,3988.4,0.0,136.1,3852.3
TXN-12466,2024-05-05 21:45:00,Rooftop Bar,Chartreuse Herbal Liqueur,3852.3,0.0,0.0,3852.3
TXN-12467,2024-05-06 22:45:00,Rooftop Bar,Chartreuse Herbal Liqueur,3852.3,0.0,115.9,3736.4
TXN-12468,2024-05-07 23:15:00,Rooftop Bar,Chartreuse Herbal Liqueur,3736.4,0.0,0.0,3736.4
TXN-12469,2024-05-08 22:00:00,Rooftop Bar,Chartreuse Herbal Liqueur,3736.4,0.0,0.0,3736.4
TXN-12470,2024-05-09 20:45:00,Rooftop Bar,Chartreuse Herbal Liqueur,3736.4,0.0,0.0,3736.4
TXN-12471,2024-05-10 22:00:00,Rooftop Bar,Chartreuse Herbal Liqueur,3736.4,0.0,112.3,3624.1
TXN-12472,2024-05-11 22:00:00,Rooftop Bar,Chartreuse Herbal Liqueur,3624.1,0.0,134.9,3489.2
TXN-12473,2024-05-12 21:15:00,Rooftop Bar,Chartreuse Herbal Liqueur,3489.2,0.0,0.0,3489.2
TXN-12474,2024-05-13 21:15:00,Rooftop Bar,Chartreuse Herbal Liqueur,3489.2,0.0,0.0,3489.2
TXN-12475,2024-05-14 23:00:00,Rooftop Bar,Chartreuse Herbal Liqueur,3489.2,0.0,0.0,3489.2
TXN-12476,2024-05-15 18:00:00,Rooftop Bar,Chartreuse Herbal Liqueur,3489.2,0.0,68.1,3421.1
TXN-12477,2024-05-16 22:30:00,Rooftop Bar,Chartreuse Herbal Liqueur,3421.1,0.0,30.5,3390.6
TXN-12478,2024-05-17 20:15:00,Rooftop Bar,Chartreuse Herbal Liqueur,3390.6,0.0,36.6,3354.0
TXN-12479,2024-05-18 23:15:00,Rooftop Bar,Chartreuse Herbal Liqueur,3354.0,0.0,90.8,3263.2
TXN-12480,2024-05-19 21:00:00,Rooftop Bar,Chartreuse Herbal Liqueur,3263.2,0.0,104.6,3158.6
TXN-12481,2024-05-20 22:45:00,Rooftop Bar,Chartreuse Herbal Liqueur,3158.6,0.0,92.0,3066.6
TXN-12482,2024-05-21 18:00:00,Rooftop Bar,Chartreuse Herbal Liqueur,3066.6,0.0,10.3,3056.3
TXN-12483,2024-05-22 23:30:00,Rooftop Bar,Chartreuse Herbal Liqueur,3056.3,0.0,0.0,3056.3
TXN-12484,2024-05-23 21:45:00,Rooftop Bar,Chartreuse Herbal Liqueur,3056.3,0.0,121.1,2935.2
TXN-12485,2024-05-24 23:15:00,Rooftop Bar,Chartreuse Herbal Liqueur,2935.2,0.0,125.7,2809.5
TXN-12486,2024-05-25 21:00:00,Rooftop Bar,Chartreuse Herbal Liqueur,2809.5,0.0,94.9,2714.6
TXN-12487,2024-05-26 18:30:00,Rooftop Bar,Chartreuse Herbal Liqueur,2714.6,0.0,51.3,2663.3
TXN-12488,2024-05-27 21:45:00,Rooftop Bar,Chartreuse Herbal Liqueur,2663.3,0.0,20.7,2642.6
TXN-12489,2024-05-28 23:15:00,Rooftop Bar,Chartreuse Herbal Liqueur,2642.6,0.0,0.0,2642.6
TXN-12490,2024-05-29 23:15:00,Rooftop Bar,Chartreuse Herbal Liqueur,2642.6,0.0,42.8,2599.8
TXN-12491,2024-05-30 21:00:00,Rooftop Bar,Chartreuse Herbal Liqueur,2599.8,0.0,53.7,2546.1
TXN-12492,2024-05-31 21:45:00,Rooftop Bar,Chartreuse Herbal Liqueur,2546.1,0.0,90.6,2455.5
TXN-12493,2024-06-01 18:15:00,Rooftop Bar,Chartreuse Herbal Liqueur,2455.5,0.0,85.1,2370.4
TXN-12494,2024-06-02 23:00:00,Rooftop Bar,Chartreuse Herbal Liqueur,2370.4,0.0,72.3,2318.1
TXN-12495,2024-06-03 21:00:00,Rooftop Bar,Chartreuse Herbal Liqueur,2298.1,0.0,0.0,2298.1
TXN-12496,2024-06-04 23:45:00,Rooftop Bar,Chartreuse Herbal Liqueur,2298.1,0.0,0.0,2298.1
TXN-12497,2024-06-05 22:45:00,Rooftop Bar,Chartreuse Herbal Liqueur,2298.1,0.0,0.0,2298.1
TXN-12498,2024-06-06 21:45:00,Rooftop Bar,Chartreuse Herbal Liqueur,2298.1,0.0,0.0,2298.1
TXN-12499,2024-06-07 22:30:00,Rooftop Bar,Chartreuse Herbal Liqueur,2298.1,0.0,62.2,2235.9
TXN-12500,2024-06-08 22:30:00,Rooftop Bar,Chartreuse Herbal Liqueur,2235.9,0.0,44.0,2191.9
TXN-12501,2024-06-09 19:30:00,Rooftop Bar,Chartreuse Herbal Liqueur,2191.9,0.0,0.0,2191.9
TXN-12502,2024-06-10 19:15:00,Rooftop Bar,Chartreuse Herbal Liqueur,2191.9,0.0,87.7,2104.2
TXN-12503,2024-06-11 20:00:00,Rooftop Bar,Chartreuse Herbal Liqueur,2104.2,0.0,34.6,2069.6
TXN-12504,2024-06-12 18:00:00,Rooftop Bar,Chartreuse Herbal Liqueur,2069.6,0.0,9.6,2060.0
TXN-12505,2024-06-13 18:45:00,Rooftop Bar,Chartreuse Herbal Liqueur,2060.0,0.0,0.0,2060.0
TXN-12506,2024-06-14 18:15:00,Rooftop Bar,Chartreuse Herbal Liqueur,2060.0,0.0,86.0,1974.0
TXN-12507,2024-06-15 21:45:00,Rooftop Bar,Chartreuse Herbal Liqueur,1974.0,0.0,72.7,1901.3
TXN-12508,2024-06-16 21:00:00,Rooftop Bar,Chartreuse Herbal Liqueur,1901.3,0.0,27.0,1874.3
TXN-12509,2024-06-17 21:45:00,Rooftop Bar,Chartreuse Herbal Liqueur,1874.3,0.0,129.9,1744.4
TXN-12510,2024-06-18 19:00:00,Rooftop Bar,Chartreuse Herbal Liqueur,1744.4,0.0,135.1,1609.3
TXN-12511,2024-06-19 21:45:00,Rooftop Bar,Chartreuse Herbal Liqueur,1609.3,0.0,27.4,1581.9
TXN-12512,2024-06-20 22:00:00,Rooftop Bar,Chartreuse Herbal Liqueur,1581.9,0.0,0.0,1581.9
TXN-12513,2024-06-21 21:15:00,Rooftop Bar,Chartreuse Herbal Liqueur,1581.9,0.0,46.9,1535.0
TXN-12514,2024-06-22 23:00:00,Rooftop Bar,Chartreuse Herbal Liqueur,1535.0,0.0,120.2,1414.8
TXN-12515,2024-06-23 18:30:00,Rooftop Bar,Chartreuse Herbal Liqueur,1414.8,0.0,12.1,1402.7
TXN-12516,2024-06-24 23:00:00,Rooftop Bar,Chartreuse Herbal Liqueur,1402.7,0.0,0.0,1402.7
TXN-12517,2024-06-25 22:15:00,Rooftop Bar,Chartreuse Herbal Liqueur,1402.7,0.0,0.0,1402.7
TXN-12518,2024-06-26 18:15:00,Rooftop Bar,Chartreuse Herbal Liqueur,1402.7,0.0,0.0,1402.7
TXN-12519,2024-06-27 20:30:00,Rooftop Bar,Chartreuse Herbal Liqueur,1402.7,0.0,0.0,1402.7
TXN-12520,2024-06-28 19:30:00,Rooftop Bar,Chartreuse Herbal Liqueur,1402.7,0.0,77.0,1325.7
TXN-12521,2024-01-01 23:15:00,Poolside Bar,Grey Goose Vodka,5000.0,0.0,1264.5,3735.5
TXN-12522,2024-01-02 18:00:00,Poolside Bar,Grey Goose Vodka,3735.5,0.0,1327.9,2407.6
TXN-12523,2024-01-03 22:15:00,Poolside Bar,Grey Goose Vodka,2407.6,0.0,694.4,1713.2
TXN-12524,2024-01-04 23:15:00,Poolside Bar,Grey Goose Vodka,1713.2,12000.0,724.7,12988.5
TXN-12525,2024-01-05 21:00:00,Poolside Bar,Grey Goose Vodka,12988.5,0.0,2304.4,10684.1
TXN-12526,2024-01-06 21:15:00,Poolside Bar,Grey Goose Vodka,10684.1,0.0,2088.5,8595.6
TXN-12527,2024-01-07 19:45:00,Poolside Bar,Grey Goose Vodka,8595.6,0.0,852.6,7743.0
TXN-12528,2024-01-08 18:00:00,Poolside Bar,Grey Goose Vodka,7743.0,0.0,802.6,6940.4
TXN-12529,2024-01-09 23:30:00,Poolside Bar,Grey Goose Vodka,6940.4,0.0,976.2,5964.2
TXN-12530,2024-01-10 22:45:00,Poolside Bar,Grey Goose Vodka,5964.2,0.0,777.3,5186.9
TXN-12531,2024-01-11 21:45:00,Poolside Bar,Grey Goose Vodka,5186.9,0.0,788.9,4398.0
TXN-12532,2024-01-12 22:45:00,Poolside Bar,Grey Goose Vodka,4398.0,0.0,1210.1,3187.9
TXN-12533,2024-01-13 18:30:00,Poolside Bar,Grey Goose Vodka,3187.9,0.0,2222.8,965.1
TXN-12534,2024-01-14 20:45:00,Poolside Bar,Grey Goose Vodka,965.1,6000.0,1046.7,5918.4
TXN-12535,2024-01-15 19:45:00,Poolside Bar,Grey Goose Vodka,5918.4,0.0,1093.2,4825.2
TXN-12536,2024-01-16 22:30:00,Poolside Bar,Grey Goose Vodka,4825.2,0.0,789.2,4036.0
TXN-12537,2024-01-17 22:15:00,Poolside Bar,Grey Goose Vodka,4036.0,0.0,968.7,3067.3
TXN-12538,2024-01-18 18:00:00,Poolside Bar,Grey Goose Vodka,3067.3,0.0,853.6,2213.7
TXN-12539,2024-01-19 21:45:00,Poolside Bar,Grey Goose Vodka,2213.7,0.0,2213.7,0.0
TXN-12540,2024-01-20 19:45:00,Poolside Bar,Grey Goose Vodka,0.0,12000.0,2079.2,9920.8
TXN-12541,2024-01-21 22:00:00,Poolside Bar,Grey Goose Vodka,9920.8,0.0,835.7,9085.1
TXN-12542,2024-01-22 23:45:00,Poolside Bar,Grey Goose Vodka,9085.1,0.0,1201.9,7883.2
TXN-12543,2024-01-23 23:45:00,Poolside Bar,Grey Goose Vodka,7883.2,0.0,931.2,6952.0
TXN-12544,2024-01-24 22:00:00,Poolside Bar,Grey Goose Vodka,6952.0,0.0,813.1,6138.9
TXN-12545,2024-01-25 18:00:00,Poolside Bar,Grey Goose Vodka,6138.9,0.0,652.8,5486.1
TXN-12546,2024-01-26 20:45:00,Poolside Bar,Grey Goose Vodka,5486.1,0.0,2365.6,3120.5
TXN-12547,2024-01-27 23:45:00,Poolside Bar,Grey Goose Vodka,3120.5,0.0,1821.1,1299.4
TXN-12548,2024-01-28 23:00:00,Poolside Bar,Grey Goose Vodka,1299.4,6000.0,1544.6,5754.8
TXN-12549,2024-01-29 20:15:00,Poolside Bar,Grey Goose Vodka,5754.8,0.0,840.6,4914.2
TXN-12550,2024-01-30 22:45:00,Poolside Bar,Grey Goose Vodka,4914.2,0.0,999.1,3915.1
TXN-12551,2024-01-31 21:15:00,Poolside Bar,Grey Goose Vodka,3915.1,0.0,978.2,2936.9
TXN-12552,2024-02-01 19:45:00,Poolside Bar,Grey Goose Vodka,2936.9,0.0,1038.7,1898.2
TXN-12553,2024-02-02 21:15:00,Poolside Bar,Grey Goose Vodka,1898.2,6000.0,2529.1,5369.1
TXN-12554,2024-02-03 23:00:00,Poolside Bar,Grey Goose Vodka,5369.1,0.0,2599.1,2770.0
TXN-12555,2024-02-04 19:15:00,Poolside Bar,Grey Goose Vodka,2770.0,0.0,983.9,1786.1
TXN-12556,2024-02-05 18:45:00,Poolside Bar,Grey Goose Vodka,1786.1,12000.0,791.6,12994.5
TXN-12557,2024-02-06 20:00:00,Poolside Bar,Grey Goose Vodka,12994.5,0.0,1112.3,11882.2
TXN-12558,2024-02-07 22:15:00,Poolside Bar,Grey Goose Vodka,11882.2,0.0,1005.0,10877.2
TXN-12559,2024-02-08 19:15:00,Poolside Bar,Grey Goose Vodka,10877.2,0.0,1145.4,9731.8
TXN-12560,2024-02-09 22:15:00,Poolside Bar,Grey Goose Vodka,9731.8,0.0,1936.1,7795.7
TXN-12561,2024-02-10 20:45:00,Poolside Bar,Grey Goose Vodka,7795.7,0.0,2472.2,5323.5
TXN-12562,2024-02-11 22:45:00,Poolside Bar,Grey Goose Vodka,5323.5,0.0,698.7,4624.8
TXN-12563,2024-02-12 20:00:00,Poolside Bar,Grey Goose Vodka,4624.8,0.0,680.9,3943.9
TXN-12564,2024-02-13 20:45:00,Poolside Bar,Grey Goose Vodka,3943.9,0.0,720.9,3223.0
TXN-12565,2024-02-14 20:00:00,Poolside Bar,Grey Goose Vodka,3223.0,0.0,779.9,2443.1
TXN-12566,2024-02-15 19:00:00,Poolside Bar,Grey Goose Vodka,2443.1,0.0,832.0,1611.1
TXN-12567,2024-02-16 22:00:00,Poolside Bar,Grey Goose Vodka,1611.1,12000.0,1993.3,11617.8
TXN-12568,2024-02-17 19:45:00,Poolside Bar,Grey Goose Vodka,11617.8,0.0,2079.6,9538.2
TXN-12569,2024-02-18 23:30:00,Poolside Bar,Grey Goose Vodka,9538.2,0.0,1315.4,8222.8
TXN-12570,2024-02-19 23:00:00,Poolside Bar,Grey Goose Vodka,8222.8,0.0,1001.2,7221.6
TXN-12571,2024-02-20 21:15:00,Poolside Bar,Grey Goose Vodka,7221.6,0.0,1317.8,5903.8
TXN-12572,2024-02-21 23:15:00,Poolside Bar,Grey Goose Vodka,5903.8,0.0,969.8,4934.0
TXN-12573,2024-02-22 23:30:00,Poolside Bar,Grey Goose Vodka,4934.0,0.0,1259.6,3674.4
TXN-12574,2024-02-23 18:00:00,Poolside Bar,Grey Goose Vodka,3674.4,0.0,1736.1,1938.3
TXN-12575,2024-02-24 20:45:00,Poolside Bar,Grey Goose Vodka,1938.3,18000.0,1930.7,18007.6
TXN-12576,2024-02-25 23:00:00,Poolside Bar,Grey Goose Vodka,18007.6,0.0,817.1,17190.5
TXN-12577,2024-02-26 19:30:00,Poolside Bar,Grey Goose Vodka,17190.5,0.0,425.2,16765.3
TXN-12578,2024-02-27 20:30:00,Poolside Bar,Grey Goose Vodka,16765.3,0.0,527.0,16238.3
TXN-12579,2024-02-28 20:15:00,Poolside Bar,Grey Goose Vodka,16238.3,0.0,736.9,15501.4
TXN-12580,2024-02-29 20:30:00,Poolside Bar,Grey Goose Vodka,15501.4,0.0,503.0,14998.4
TXN-12581,2024-03-01 20:15:00,Poolside Bar,Grey Goose Vodka,14998.4,0.0,2015.3,12983.1
TXN-12582,2024-03-02 21:30:00,Poolside Bar,Grey Goose Vodka,12983.1,0.0,1983.6,10999.5
TXN-12583,2024-03-03 19:00:00,Poolside Bar,Grey Goose Vodka,10999.5,0.0,1070.5,9929.0
TXN-12584,2024-03-04 23:15:00,Poolside Bar,Grey Goose Vodka,9929.0,0.0,973.7,8955.3
TXN-12585,2024-03-05 22:15:00,Poolside Bar,Grey Goose Vodka,8955.3,0.0,1305.8,7649.5
TXN-12586,2024-03-06 21:45:00,Poolside Bar,Grey Goose Vodka,7649.5,0.0,1031.7,6617.8
TXN-12587,2024-03-07 21:00:00,Poolside Bar,Grey Goose Vodka,6617.8,0.0,477.3,6140.5
TXN-12588,2024-03-08 20:30:00,Poolside Bar,Grey Goose Vodka,6140.5,0.0,1911.7,4228.8
TXN-12589,2024-03-09 23:45:00,Poolside Bar,Grey Goose Vodka,4228.8,0.0,2426.0,1802.8
TXN-12590,2024-03-10 18:45:00,Poolside Bar,Grey Goose Vodka,1802.8,18000.0,1087.7,18715.1
TXN-12591,2024-03-11 22:00:00,Poolside Bar,Grey Goose Vodka,18715.1,0.0,107.5,18607.6
TXN-12592,2024-03-12 22:30:00,Poolside Bar,Grey Goose Vodka,18607.6,0.0,833.9,17773.7
TXN-12593,2024-03-13 23:00:00,Poolside Bar,Grey Goose Vodka,17773.7,0.0,748.3,17025.4
TXN-12594,2024-03-14 22:45:00,Poolside Bar,Grey Goose Vodka,17025.4,0.0,586.2,16439.2
TXN-12595,2024-03-15 23:00:00,Poolside Bar,Grey Goose Vodka,16439.2,0.0,2355.4,14083.8
TXN-12596,2024-03-16 21:15:00,Poolside Bar,Grey Goose Vodka,14083.8,0.0,2454.2,11629.6
TXN-12597,2024-03-17 23:30:00,Poolside Bar,Grey Goose Vodka,11629.6,0.0,1409.8,10219.8
TXN-12598,2024-03-18 18:00:00,Poolside Bar,Grey Goose Vodka,10219.8,0.0,1623.4,8596.4
TXN-12599,2024-03-19 23:30:00,Poolside Bar,Grey Goose Vodka,8596.4,0.0,1350.7,7245.7
TXN-12600,2024-03-20 22:15:00,Poolside Bar,Grey Goose Vodka,7245.7,0.0,949.8,6295.9
TXN-12601,2024-03-21 19:15:00,Poolside Bar,Grey Goose Vodka,6295.9,0.0,473.4,5822.5
TXN-12602,2024-03-22 22:15:00,Poolside Bar,Grey Goose Vodka,5822.5,0.0,1903.8,3918.7
TXN-12603,2024-03-23 18:00:00,Poolside Bar,Grey Goose Vodka,3918.7,0.0,2256.0,1662.7
TXN-12604,2024-03-24 18:45:00,Poolside Bar,Grey Goose Vodka,1662.7,18000.0,1018.5,18644.2
TXN-12605,2024-03-25 20:45:00,Poolside Bar,Grey Goose Vodka,18644.2,0.0,1191.5,17452.7
TXN-12606,2024-03-26 19:30:00,Poolside Bar,Grey Goose Vodka,17452.7,0.0,1045.7,16407.0
TXN-12607,2024-03-27 18:45:00,Poolside Bar,Grey Goose Vodka,16407.0,0.0,895.3,15511.7
TXN-12608,2024-03-28 18:30:00,Poolside Bar,Grey Goose Vodka,15511.7,0.0,747.3,14764.4
TXN-12609,2024-03-29 18:00:00,Poolside Bar,Grey Goose Vodka,14764.4,0.0,2297.8,12466.6
TXN-12610,2024-03-30 19:15:00,Poolside Bar,Grey Goose Vodka,12466.6,0.0,2269.4,10197.2
TXN-12611,2024-03-31 21:45:00,Poolside Bar,Grey Goose Vodka,10197.2,0.0,617.4,9579.8
TXN-12612,2024-04-01 19:45:00,Poolside Bar,Grey Goose Vodka,9579.8,0.0,1297.4,8282.4
TXN-12613,2024-04-02 21:45:00,Poolside Bar,Grey Goose Vodka,8282.4,0.0,1000.8,7281.6
TXN-12614,2024-04-03 20:15:00,Poolside Bar,Grey Goose Vodka,7281.6,0.0,1064.8,6216.8
TXN-12615,2024-04-04 18:15:00,Poolside Bar,Grey Goose Vodka,6216.8,0.0,1212.3,5004.5
TXN-12616,2024-04-05 18:15:00,Poolside Bar,Grey Goose Vodka,5004.5,0.0,2023.5,2981.0
TXN-12617,2024-04-06 20:00:00,Poolside Bar,Grey Goose Vodka,2981.0,0.0,2200.0,781.0
TXN-12618,2024-04-07 19:15:00,Poolside Bar,Grey Goose Vodka,781.0,18000.0,593.8,18187.2
TXN-12619,2024-04-08 19:45:00,Poolside Bar,Grey Goose Vodka,18187.2,0.0,863.4,17323.8
TXN-12620,2024-04-09 22:45:00,Poolside Bar,Grey Goose Vodka,17323.8,0.0,1533.8,15790.0
TXN-12621,2024-04-10 19:45:00,Poolside Bar,Grey Goose Vodka,15790.0,0.0,714.3,15075.7
TXN-12622,2024-04-11 21:30:00,Poolside Bar,Grey Goose Vodka,15075.7,0.0,743.8,14331.9
TXN-12623,2024-04-12 18:30:00,Poolside Bar,Grey Goose Vodka,14331.9,0.0,2578.4,11743.5
TXN-12624,2024-04-13 20:00:00,Poolside Bar,Grey Goose Vodka,11753.5,0.0,2335.3,9418.2
TXN-12625,2024-04-14 22:00:00,Poolside Bar,Grey Goose Vodka,9418.2,0.0,1378.9,8039.3
TXN-12626,2024-04-15 23:30:00,Poolside Bar,Grey Goose Vodka,8039.3,0.0,1418.7,6620.6
TXN-12627,2024-04-16 23:00:00,Poolside Bar,Grey Goose Vodka,6620.6,0.0,1127.1,5483.5
TXN-12628,2024-04-17 20:30:00,Poolside Bar,Grey Goose Vodka,5493.5,0.0,981.7,4511.8
TXN-12629,2024-04-18 18:30:00,Poolside Bar,Grey Goose Vodka,4511.8,0.0,656.1,3855.7
TXN-12630,2024-04-19 22:45:00,Poolside Bar,Grey Goose Vodka,3855.7,0.0,2020.6,1835.1
TXN-12631,2024-04-20 21:00:00,Poolside Bar,Grey Goose Vodka,1835.1,6000.0,1784.1,6051.0
TXN-12632,2024-04-21 22:45:00,Poolside Bar,Grey Goose Vodka,6051.0,0.0,890.2,5160.8
TXN-12633,2024-04-22 20:15:00,Poolside Bar,Grey Goose Vodka,5160.8,0.0,991.5,4169.3
TXN-12634,2024-04-23 22:45:00,Poolside Bar,Grey Goose Vodka,4169.3,0.0,1016.3,3153.0
TXN-12635,2024-04-24 18:00:00,Poolside Bar,Grey Goose Vodka,3153.0,0.0,479.7,2673.3
TXN-12636,2024-04-25 19:00:00,Poolside Bar,Grey Goose Vodka,2673.3,0.0,1177.3,1496.0
TXN-12637,2024-04-26 20:00:00,Poolside Bar,Grey Goose Vodka,1496.0,12000.0,1976.5,11519.5
TXN-12638,2024-04-27 21:15:00,Poolside Bar,Grey Goose Vodka,11519.5,0.0,2255.0,9264.5
TXN-12639,2024-04-28 23:15:00,Poolside Bar,Grey Goose Vodka,9264.5,0.0,514.6,8749.9
TXN-12640,2024-04-29 21:00:00,Poolside Bar,Grey Goose Vodka,8749.9,0.0,889.4,7860.5
TXN-12641,2024-04-30 18:45:00,Poolside Bar,Grey Goose Vodka,7860.5,0.0,853.7,7006.8
TXN-12642,2024-05-01 21:45:00,Poolside Bar,Grey Goose Vodka,7006.8,0.0,689.3,6317.5
TXN-12643,2024-05-02 23:45:00,Poolside Bar,Grey Goose Vodka,6317.5,0.0,1290.8,5026.7
TXN-12644,2024-05-03 18:30:00,Poolside Bar,Grey Goose Vodka,5026.7,0.0,2207.2,2819.5
TXN-12645,2024-05-04 18:00:00,Poolside Bar,Grey Goose Vodka,2819.5,0.0,2029.6,789.9
TXN-12646,2024-05-05 21:45:00,Poolside Bar,Grey Goose Vodka,789.9,6000.0,1320.9,5469.0
TXN-12647,2024-05-06 18:00:00,Poolside Bar,Grey Goose Vodka,5469.0,0.0,649.0,4820.0
TXN-12648,2024-05-07 22:30:00,Poolside Bar,Grey Goose Vodka,4820.0,0.0,1238.3,3581.7
TXN-12649,2024-05-08 22:45:00,Poolside Bar,Grey Goose Vodka,3581.7,0.0,1230.8,2350.9
TXN-12650,2024-05-09 20:00:00,Poolside Bar,Grey Goose Vodka,2350.9,0.0,1199.0,1151.9
TXN-12651,2024-05-10 19:30:00,Poolside Bar,Grey Goose Vodka,1151.9,6000.0,1643.1,5508.8
TXN-12652,2024-05-11 23:30:00,Poolside Bar,Grey Goose Vodka,5508.8,0.0,1850.4,3648.4
TXN-12653,2024-05-12 23:30:00,Poolside Bar,Grey Goose Vodka,3658.4,0.0,1091.6,2566.8
TXN-12654,2024-05-13 21:45:00,Poolside Bar,Grey Goose Vodka,2566.8,0.0,998.3,1568.5
TXN-12655,2024-05-14 23:45:00,Poolside Bar,Grey Goose Vodka,1568.5,18000.0,168.4,19400.1
TXN-12656,2024-05-15 19:30:00,Poolside Bar,Grey Goose Vodka,19400.1,0.0,815.5,18584.6
TXN-12657,2024-05-16 22:45:00,Poolside Bar,Grey Goose Vodka,18584.6,0.0,1554.9,17029.7
TXN-12658,2024-05-17 21:00:00,Poolside Bar,Grey Goose Vodka,17029.7,0.0,2595.2,14434.5
TXN-12659,2024-05-18 23:30:00,Poolside Bar,Grey Goose Vodka,14434.5,0.0,2146.1,12288.4
TXN-12660,2024-05-19 22:45:00,Poolside Bar,Grey Goose Vodka,12288.4,0.0,1017.5,11270.9
TXN-12661,2024-05-20 22:45:00,Poolside Bar,Grey Goose Vodka,11270.9,0.0,742.8,10528.1
TXN-12662,2024-05-21 20:45:00,Poolside Bar,Grey Goose Vodka,10528.1,0.0,1020.8,9507.3
TXN-12663,2024-05-22 19:00:00,Poolside Bar,Grey Goose Vodka,9507.3,0.0,829.9,8677.4
TXN-12664,2024-05-23 20:15:00,Poolside Bar,Grey Goose Vodka,8677.4,0.0,762.4,7915.0
TXN-12665,2024-05-24 21:00:00,Poolside Bar,Grey Goose Vodka,7915.0,0.0,1884.9,6030.1
TXN-12666,2024-05-25 20:30:00,Poolside Bar,Grey Goose Vodka,6030.1,0.0,2396.5,3633.6
TXN-12667,2024-05-26 18:30:00,Poolside Bar,Grey Goose Vodka,3633.6,0.0,847.1,2786.5
TXN-12668,2024-05-27 23:15:00,Poolside Bar,Grey Goose Vodka,2786.5,0.0,769.8,2016.7
TXN-12669,2024-05-28 22:30:00,Poolside Bar,Grey Goose Vodka,2016.7,0.0,697.4,1319.3
TXN-12670,2024-05-29 20:30:00,Poolside Bar,Grey Goose Vodka,1319.3,18000.0,596.8,18722.5
TXN-12671,2024-05-30 23:15:00,Poolside Bar,Grey Goose Vodka,18722.5,0.0,341.5,18381.0
TXN-12672,2024-05-31 23:15:00,Poolside Bar,Grey Goose Vodka,18381.0,0.0,2408.3,15972.7
TXN-12673,2024-06-01 22:15:00,Poolside Bar,Grey Goose Vodka,15972.7,0.0,2243.7,13729.0
TXN-12674,2024-06-02 21:15:00,Poolside Bar,Grey Goose Vodka,13729.0,0.0,1055.8,12673.2
TXN-12675,2024-06-03 19:45:00,Poolside Bar,Grey Goose Vodka,12673.2,0.0,1496.8,11176.4
TXN-12676,2024-06-04 20:30:00,Poolside Bar,Grey Goose Vodka,11176.4,0.0,1327.9,9848.5
TXN-12677,2024-06-05 21:45:00,Poolside Bar,Grey Goose Vodka,9848.5,0.0,955.7,8892.8
TXN-12678,2024-06-06 23:15:00,Poolside Bar,Grey Goose Vodka,8892.8,0.0,1333.2,7559.6
TXN-12679,2024-06-07 23:00:00,Poolside Bar,Grey Goose Vodka,7559.6,0.0,1853.5,5706.1
TXN-12680,2024-06-08 22:15:00,Poolside Bar,Grey Goose Vodka,5706.1,0.0,1633.5,4072.6
TXN-12681,2024-06-09 21:45:00,Poolside Bar,Grey Goose Vodka,4072.6,0.0,681.9,3390.7
TXN-12682,2024-06-10 22:15:00,Poolside Bar,Grey Goose Vodka,3390.7,0.0,119.6,3271.1
TXN-12683,2024-06-11 23:45:00,Poolside Bar,Grey Goose Vodka,3271.1,0.0,1160.6,2110.5
TXN-12684,2024-06-12 23:15:00,Poolside Bar,Grey Goose Vodka,2110.5,0.0,1223.6,886.9
TXN-12685,2024-06-13 20:00:00,Poolside Bar,Grey Goose Vodka,886.9,6000.0,1247.7,5639.2
TXN-12686,2024-06-14 23:15:00,Poolside Bar,Grey Goose Vodka,5639.2,0.0,2124.2,3515.0
TXN-12687,2024-06-15 18:00:00,Poolside Bar,Grey Goose Vodka,3515.0,0.0,2361.2,1153.8
TXN-12688,2024-06-16 22:45:00,Poolside Bar,Grey Goose Vodka,1153.8,6000.0,787.2,6366.6
TXN-12689,2024-06-17 20:00:00,Poolside Bar,Grey Goose Vodka,6366.6,0.0,832.6,5534.0
TXN-12690,2024-06-18 19:00:00,Poolside Bar,Grey Goose Vodka,5534.0,0.0,1089.3,4444.7
TXN-12691,2024-06-19 21:00:00,Poolside Bar,Grey Goose Vodka,4444.7,0.0,1179.5,3265.2
TXN-12692,2024-06-20 22:30:00,Poolside Bar,Grey Goose Vodka,3265.2,0.0,894.5,2370.7
TXN-12693,2024-06-21 20:15:00,Poolside Bar,Grey Goose Vodka,2370.7,0.0,1613.3,757.4
TXN-12694,2024-06-22 22:15:00,Poolside Bar,Grey Goose Vodka,757.4,6000.0,1695.9,5061.5
TXN-12695,2024-06-23 20:00:00,Poolside Bar,Grey Goose Vodka,5061.5,0.0,846.2,4215.3
TXN-12696,2024-06-24 22:15:00,Poolside Bar,Grey Goose Vodka,4215.3,0.0,708.7,3506.6
TXN-12697,2024-06-25 19:30:00,Poolside Bar,Grey Goose Vodka,3506.6,0.0,781.5,2725.1
TXN-12698,2024-06-26 21:30:00,Poolside Bar,Grey Goose Vodka,2725.1,0.0,1025.9,1699.2
TXN-12699,2024-06-27 20:00:00,Poolside Bar,Grey Goose Vodka,1699.2,12000.0,0.0,13699.2
TXN-12700,2024-06-28 19:30:00,Poolside Bar,Grey Goose Vodka,13699.2,0.0,2418.2,11281.0
TXN-12701,2024-01-01 19:00:00,Poolside Bar,Jack Daniel's Bourbon,9000.0,0.0,1452.9,7547.1
TXN-12702,2024-01-02 22:00:00,Poolside Bar,Jack Daniel's Bourbon,7547.1,0.0,879.3,6667.8
TXN-12703,2024-01-03 20:30:00,Poolside Bar,Jack Daniel's Bourbon,6667.8,0.0,503.7,6164.1
TXN-12704,2024-01-04 20:15:00,Poolside Bar,Jack Daniel's Bourbon,6164.1,0.0,919.5,5244.6
TXN-12705,2024-01-05 22:30:00,Poolside Bar,Jack Daniel's Bourbon,5244.6,0.0,1302.9,3941.7
TXN-12706,2024-01-06 21:15:00,Poolside Bar,Jack Daniel's Bourbon,3941.7,0.0,1444.8,2496.9
TXN-12707,2024-01-07 21:15:00,Poolside Bar,Jack Daniel's Bourbon,2496.9,0.0,508.9,1988.0
TXN-12708,2024-01-08 21:00:00,Poolside Bar,Jack Daniel's Bourbon,1988.0,6000.0,1026.5,6961.5
TXN-12709,2024-01-09 19:15:00,Poolside Bar,Jack Daniel's Bourbon,6961.5,0.0,550.4,6411.1
TXN-12710,2024-01-10 20:15:00,Poolside Bar,Jack Daniel's Bourbon,6411.1,0.0,417.7,5978.4
TXN-12711,2024-01-11 19:15:00,Poolside Bar,Jack Daniel's Bourbon,5993.4,0.0,637.3,5356.1
TXN-12712,2024-01-12 21:30:00,Poolside Bar,Jack Daniel's Bourbon,5356.1,0.0,1860.5,3495.6
TXN-12713,2024-01-13 18:30:00,Poolside Bar,Jack Daniel's Bourbon,3495.6,0.0,1041.6,2454.0
TXN-12714,2024-01-14 22:15:00,Poolside Bar,Jack Daniel's Bourbon,2454.0,0.0,916.6,1537.4
TXN-12715,2024-01-15 21:00:00,Poolside Bar,Jack Daniel's Bourbon,1537.4,12000.0,553.0,12984.4
TXN-12716,2024-01-16 23:00:00,Poolside Bar,Jack Daniel's Bourbon,12984.4,0.0,760.0,12224.4
TXN-12717,2024-01-17 19:00:00,Poolside Bar,Jack Daniel's Bourbon,12224.4,0.0,1011.3,11213.1
TXN-12718,2024-01-18 21:00:00,Poolside Bar,Jack Daniel's Bourbon,11213.1,0.0,676.8,10536.3
TXN-12719,2024-01-19 23:00:00,Poolside Bar,Jack Daniel's Bourbon,10536.3,0.0,1516.4,9019.9
TXN-12720,2024-01-20 23:00:00,Poolside Bar,Jack Daniel's Bourbon,9019.9,0.0,1922.7,7097.2
TXN-12721,2024-01-21 18:15:00,Poolside Bar,Jack Daniel's Bourbon,7097.2,0.0,689.1,6408.1
TXN-12722,2024-01-22 20:30:00,Poolside Bar,Jack Daniel's Bourbon,6408.1,0.0,707.6,5700.5
TXN-12723,2024-01-23 23:00:00,Poolside Bar,Jack Daniel's Bourbon,5700.5,0.0,716.1,4984.4
TXN-12724,2024-01-24 22:00:00,Poolside Bar,Jack Daniel's Bourbon,4984.4,0.0,898.5,4085.9
TXN-12725,2024-01-25 23:30:00,Poolside Bar,Jack Daniel's Bourbon,4085.9,0.0,1086.1,2999.8
TXN-12726,2024-01-26 19:45:00,Poolside Bar,Jack Daniel's Bourbon,2999.8,0.0,1619.7,1380.1
TXN-12727,2024-01-27 22:00:00,Poolside Bar,Jack Daniel's Bourbon,1380.1,12000.0,1710.6,11669.5
TXN-12728,2024-01-28 20:15:00,Poolside Bar,Jack Daniel's Bourbon,11669.5,0.0,716.2,10953.3
TXN-12729,2024-01-29 21:15:00,Poolside Bar,Jack Daniel's Bourbon,10953.3,0.0,882.4,10070.9
TXN-12730,2024-01-30 18:00:00,Poolside Bar,Jack Daniel's Bourbon,10070.9,0.0,557.1,9513.8
TXN-12731,2024-01-31 20:30:00,Poolside Bar,Jack Daniel's Bourbon,9513.8,0.0,578.2,8935.6
TXN-12732,2024-02-01 20:30:00,Poolside Bar,Jack Daniel's Bourbon,8935.6,0.0,957.8,7977.8
TXN-12733,2024-02-02 23:00:00,Poolside Bar,Jack Daniel's Bourbon,7977.8,0.0,1804.3,6173.5
TXN-12734,2024-02-03 20:45:00,Poolside Bar,Jack Daniel's Bourbon,6173.5,0.0,1360.0,4813.5
TXN-12735,2024-02-04 19:45:00,Poolside Bar,Jack Daniel's Bourbon,4813.5,0.0,1024.0,3789.5
TXN-12736,2024-02-05 18:15:00,Poolside Bar,Jack Daniel's Bourbon,3789.5,0.0,557.8,3231.7
TXN-12737,2024-02-06 18:45:00,Poolside Bar,Jack Daniel's Bourbon,3231.7,0.0,713.9,2517.8
TXN-12738,2024-02-07 18:00:00,Poolside Bar,Jack Daniel's Bourbon,2517.8,0.0,821.4,1696.4
TXN-12739,2024-02-08 22:45:00,Poolside Bar,Jack Daniel's Bourbon,1696.4,6000.0,603.8,7092.6
TXN-12740,2024-02-09 18:00:00,Poolside Bar,Jack Daniel's Bourbon,7092.6,0.0,2127.1,4965.5
TXN-12741,2024-02-10 21:00:00,Poolside Bar,Jack Daniel's Bourbon,4965.5,0.0,1636.5,3329.0
TXN-12742,2024-02-11 23:00:00,Poolside Bar,Jack Daniel's Bourbon,3329.0,0.0,618.6,2710.4
TXN-12743,2024-02-12 19:30:00,Poolside Bar,Jack Daniel's Bourbon,2710.4,0.0,894.3,1816.1
TXN-12744,2024-02-13 21:45:00,Poolside Bar,Jack Daniel's Bourbon,1816.1,12000.0,923.5,12892.6
TXN-12745,2024-02-14 20:45:00,Poolside Bar,Jack Daniel's Bourbon,12892.6,0.0,1071.8,11820.8
TXN-12746,2024-02-15 20:15:00,Poolside Bar,Jack Daniel's Bourbon,11820.8,0.0,772.1,11048.7
TXN-12747,2024-02-16 21:30:00,Poolside Bar,Jack Daniel's Bourbon,11048.7,0.0,1548.1,9500.6
TXN-12748,2024-02-17 20:00:00,Poolside Bar,Jack Daniel's Bourbon,9500.6,0.0,1814.4,7686.2
TXN-12749,2024-02-18 19:15:00,Poolside Bar,Jack Daniel's Bourbon,7686.2,0.0,919.8,6766.4
TXN-12750,2024-02-19 21:00:00,Poolside Bar,Jack Daniel's Bourbon,6766.4,0.0,1104.7,5661.7
TXN-12751,2024-02-20 23:00:00,Poolside Bar,Jack Daniel's Bourbon,5661.7,0.0,806.6,4855.1
TXN-12752,2024-02-21 20:30:00,Poolside Bar,Jack Daniel's Bourbon,4855.1,0.0,629.4,4225.7
TXN-12753,2024-02-22 21:15:00,Poolside Bar,Jack Daniel's Bourbon,4225.7,0.0,1027.0,3198.7
TXN-12754,2024-02-23 18:00:00,Poolside Bar,Jack Daniel's Bourbon,3198.7,0.0,1377.4,1821.3
TXN-12755,2024-02-24 19:45:00,Poolside Bar,Jack Daniel's Bourbon,1821.3,18000.0,1598.0,18223.3
TXN-12756,2024-02-25 23:30:00,Poolside Bar,Jack Daniel's Bourbon,18223.3,0.0,803.3,17420.0
TXN-12757,2024-02-26 22:15:00,Poolside Bar,Jack Daniel's Bourbon,17420.0,0.0,773.4,16646.6
TXN-12758,2024-02-27 22:00:00,Poolside Bar,Jack Daniel's Bourbon,16646.6,0.0,290.6,16356.0
TXN-12759,2024-02-28 18:15:00,Poolside Bar,Jack Daniel's Bourbon,16356.0,0.0,712.2,15643.8
TXN-12760,2024-02-29 22:45:00,Poolside Bar,Jack Daniel's Bourbon,15643.8,0.0,895.9,14767.9
TXN-12761,2024-03-01 22:45:00,Poolside Bar,Jack Daniel's Bourbon,14747.9,0.0,1735.6,13012.3
TXN-12762,2024-03-02 23:45:00,Poolside Bar,Jack Daniel's Bourbon,13012.3,0.0,1362.4,11649.9
TXN-12763,2024-03-03 21:00:00,Poolside Bar,Jack Daniel's Bourbon,11649.9,0.0,903.6,10746.3
TXN-12764,2024-03-04 19:15:00,Poolside Bar,Jack Daniel's Bourbon,10746.3,0.0,157.7,10588.6
TXN-12765,2024-03-05 19:15:00,Poolside Bar,Jack Daniel's Bourbon,10588.6,0.0,732.7,9855.9
TXN-12766,2024-03-06 22:15:00,Poolside Bar,Jack Daniel's Bourbon,9855.9,0.0,889.3,8966.6
TXN-12767,2024-03-07 22:45:00,Poolside Bar,Jack Daniel's Bourbon,8966.6,0.0,720.1,8246.5
TXN-12768,2024-03-08 19:00:00,Poolside Bar,Jack Daniel's Bourbon,8246.5,0.0,1738.7,6507.8
TXN-12769,2024-03-09 21:00:00,Poolside Bar,Jack Daniel's Bourbon,6507.8,0.0,1728.5,4779.3
TXN-12770,2024-03-10 18:45:00,Poolside Bar,Jack Daniel's Bourbon,4779.3,0.0,532.4,4246.9
TXN-12771,2024-03-11 19:00:00,Poolside Bar,Jack Daniel's Bourbon,4246.9,0.0,677.7,3569.2
TXN-12772,2024-03-12 23:45:00,Poolside Bar,Jack Daniel's Bourbon,3569.2,0.0,536.0,3033.2
TXN-12773,2024-03-13 20:30:00,Poolside Bar,Jack Daniel's Bourbon,3033.2,0.0,1251.4,1781.8
TXN-12774,2024-03-14 18:00:00,Poolside Bar,Jack Daniel's Bourbon,1781.8,6000.0,383.5,7398.3
TXN-12775,2024-03-15 20:30:00,Poolside Bar,Jack Daniel's Bourbon,7398.3,0.0,1408.0,5990.3
TXN-12776,2024-03-16 21:45:00,Poolside Bar,Jack Daniel's Bourbon,5990.3,0.0,1933.4,4056.9
TXN-12777,2024-03-17 19:30:00,Poolside Bar,Jack Daniel's Bourbon,4056.9,0.0,981.8,3075.1
TXN-12778,2024-03-18 18:00:00,Poolside Bar,Jack Daniel's Bourbon,3075.1,0.0,731.3,2343.8
TXN-12779,2024-03-19 22:15:00,Poolside Bar,Jack Daniel's Bourbon,2343.8,0.0,873.9,1469.9
TXN-12780,2024-03-20 19:45:00,Poolside Bar,Jack Daniel's Bourbon,1469.9,6000.0,535.9,6934.0
TXN-12781,2024-03-21 18:30:00,Poolside Bar,Jack Daniel's Bourbon,6934.0,0.0,568.5,6365.5
TXN-12782,2024-03-22 19:45:00,Poolside Bar,Jack Daniel's Bourbon,6365.5,0.0,1532.3,4833.2
TXN-12783,2024-03-23 20:15:00,Poolside Bar,Jack Daniel's Bourbon,4833.2,0.0,1694.7,3138.5
TXN-12784,2024-03-24 20:00:00,Poolside Bar,Jack Daniel's Bourbon,3138.5,0.0,952.9,2185.6
TXN-12785,2024-03-25 20:15:00,Poolside Bar,Jack Daniel's Bourbon,2185.6,0.0,902.8,1282.8
TXN-12786,2024-03-26 22:15:00,Poolside Bar,Jack Daniel's Bourbon,1282.8,12000.0,1060.2,12222.6
TXN-12787,2024-03-27 20:15:00,Poolside Bar,Jack Daniel's Bourbon,12222.6,0.0,586.2,11636.4
TXN-12788,2024-03-28 20:15:00,Poolside Bar,Jack Daniel's Bourbon,11636.4,0.0,740.1,10896.3
TXN-12789,2024-03-29 20:45:00,Poolside Bar,Jack Daniel's Bourbon,10896.3,0.0,1365.7,9530.6
TXN-12790,2024-03-30 18:30:00,Poolside Bar,Jack Daniel's Bourbon,9530.6,0.0,1924.4,7606.2
TXN-12791,2024-03-31 20:45:00,Poolside Bar,Jack Daniel's Bourbon,7606.2,0.0,954.7,6651.5
TXN-12792,2024-04-01 18:30:00,Poolside Bar,Jack Daniel's Bourbon,6651.5,0.0,1213.8,5437.7
TXN-12793,2024-04-02 19:30:00,Poolside Bar,Jack Daniel's Bourbon,5437.7,0.0,706.2,4731.5
TXN-12794,2024-04-03 18:15:00,Poolside Bar,Jack Daniel's Bourbon,4731.5,0.0,717.9,4013.6
TXN-12795,2024-04-04 22:45:00,Poolside Bar,Jack Daniel's Bourbon,4013.6,0.0,795.8,3217.8
TXN-12796,2024-04-05 23:30:00,Poolside Bar,Jack Daniel's Bourbon,3217.8,0.0,1768.4,1449.4
TXN-12797,2024-04-06 23:00:00,Poolside Bar,Jack Daniel's Bourbon,1449.4,18000.0,1711.4,17738.0
TXN-12798,2024-04-07 18:30:00,Poolside Bar,Jack Daniel's Bourbon,17738.0,0.0,722.2,17015.8
TXN-12799,2024-04-08 18:45:00,Poolside Bar,Jack Daniel's Bourbon,17015.8,0.0,886.2,16129.6
TXN-12800,2024-04-09 23:45:00,Poolside Bar,Jack Daniel's Bourbon,16129.6,0.0,644.7,15484.9
TXN-12801,2024-04-10 22:15:00,Poolside Bar,Jack Daniel's Bourbon,15484.9,0.0,757.5,14727.4
TXN-12802,2024-04-11 21:45:00,Poolside Bar,Jack Daniel's Bourbon,14727.4,0.0,592.2,14135.2
TXN-12803,2024-04-12 20:30:00,Poolside Bar,Jack Daniel's Bourbon,14135.2,0.0,1395.4,12739.8
TXN-12804,2024-04-13 23:45:00,Poolside Bar,Jack Daniel's Bourbon,12739.8,0.0,1283.5,11456.3
TXN-12805,2024-04-14 20:45:00,Poolside Bar,Jack Daniel's Bourbon,11456.3,0.0,976.6,10464.7
TXN-12806,2024-04-15 20:30:00,Poolside Bar,Jack Daniel's Bourbon,10479.7,0.0,898.5,9581.2
TXN-12807,2024-04-16 21:15:00,Poolside Bar,Jack Daniel's Bourbon,9581.2,0.0,796.9,8784.3
TXN-12808,2024-04-17 18:30:00,Poolside Bar,Jack Daniel's Bourbon,8784.3,0.0,773.0,8011.3
TXN-12809,2024-04-18 20:30:00,Poolside Bar,Jack Daniel's Bourbon,8011.3,0.0,1008.5,7002.8
TXN-12810,2024-04-19 20:45:00,Poolside Bar,Jack Daniel's Bourbon,7002.8,0.0,1453.2,5549.6
TXN-12811,2024-04-20 22:45:00,Poolside Bar,Jack Daniel's Bourbon,5549.6,0.0,1326.2,4223.4
TXN-12812,2024-04-21 21:15:00,Poolside Bar,Jack Daniel's Bourbon,4223.4,0.0,688.0,3535.4
TXN-12813,2024-04-22 23:45:00,Poolside Bar,Jack Daniel's Bourbon,3535.4,0.0,1179.8,2355.6
TXN-12814,2024-04-23 19:45:00,Poolside Bar,Jack Daniel's Bourbon,2355.6,0.0,1148.9,1206.7
TXN-12815,2024-04-24 22:45:00,Poolside Bar,Jack Daniel's Bourbon,1206.7,18000.0,823.0,18383.7
TXN-12816,2024-04-25 20:00:00,Poolside Bar,Jack Daniel's Bourbon,18383.7,0.0,1011.1,17372.6
TXN-12817,2024-04-26 23:15:00,Poolside Bar,Jack Daniel's Bourbon,17372.6,0.0,1700.4,15672.2
TXN-12818,2024-04-27 20:30:00,Poolside Bar,Jack Daniel's Bourbon,15672.2,0.0,1327.2,14345.0
TXN-12819,2024-04-28 19:45:00,Poolside Bar,Jack Daniel's Bourbon,14345.0,0.0,613.6,13731.4
TXN-12820,2024-04-29 23:15:00,Poolside Bar,Jack Daniel's Bourbon,13731.4,0.0,1202.0,12529.4
TXN-12821,2024-04-30 23:00:00,Poolside Bar,Jack Daniel's Bourbon,12529.4,0.0,921.6,11607.8
TXN-12822,2024-05-01 21:45:00,Poolside Bar,Jack Daniel's Bourbon,11607.8,0.0,1094.2,10513.6
TXN-12823,2024-05-02 18:30:00,Poolside Bar,Jack Daniel's Bourbon,10513.6,0.0,651.9,9861.7
TXN-12824,2024-05-03 18:00:00,Poolside Bar,Jack Daniel's Bourbon,9861.7,0.0,1429.3,8432.4
TXN-12825,2024-05-04 18:15:00,Poolside Bar,Jack Daniel's Bourbon,8432.4,0.0,1773.7,6658.7
TXN-12826,2024-05-05 18:15:00,Poolside Bar,Jack Daniel's Bourbon,6658.7,0.0,777.9,5880.8
TXN-12827,2024-05-06 23:30:00,Poolside Bar,Jack Daniel's Bourbon,5880.8,0.0,831.9,5048.9
TXN-12828,2024-05-07 18:15:00,Poolside Bar,Jack Daniel's Bourbon,5048.9,0.0,779.2,4269.7
TXN-12829,2024-05-08 20:15:00,Poolside Bar,Jack Daniel's Bourbon,4269.7,0.0,375.7,3894.0
TXN-12830,2024-05-09 18:15:00,Poolside Bar,Jack Daniel's Bourbon,3894.0,0.0,743.7,3150.3
TXN-12831,2024-05-10 20:45:00,Poolside Bar,Jack Daniel's Bourbon,3150.3,0.0,1943.2,1207.1
TXN-12832,2024-05-11 18:30:00,Poolside Bar,Jack Daniel's Bourbon,1207.1,12000.0,1324.9,11882.2
TXN-12833,2024-05-12 21:45:00,Poolside Bar,Jack Daniel's Bourbon,11882.2,0.0,1196.8,10685.4
TXN-12834,2024-05-13 19:00:00,Poolside Bar,Jack Daniel's Bourbon,10685.4,0.0,954.5,9730.9
TXN-12835,2024-05-14 22:45:00,Poolside Bar,Jack Daniel's Bourbon,9730.9,0.0,1191.8,8539.1
TXN-12836,2024-05-15 19:30:00,Poolside Bar,Jack Daniel's Bourbon,8539.1,0.0,618.0,7921.1
TXN-12837,2024-05-16 21:45:00,Poolside Bar,Jack Daniel's Bourbon,7921.1,0.0,717.0,7204.1
TXN-12838,2024-05-17 21:45:00,Poolside Bar,Jack Daniel's Bourbon,7204.1,0.0,1224.6,5979.5
TXN-12839,2024-05-18 22:45:00,Poolside Bar,Jack Daniel's Bourbon,5979.5,0.0,1501.9,4477.6
TXN-12840,2024-05-19 18:30:00,Poolside Bar,Jack Daniel's Bourbon,4477.6,0.0,595.8,3881.8
TXN-12841,2024-05-20 19:45:00,Poolside Bar,Jack Daniel's Bourbon,3881.8,0.0,594.2,3287.6
TXN-12842,2024-05-21 18:45:00,Poolside Bar,Jack Daniel's Bourbon,3287.6,0.0,881.9,2405.7
TXN-12843,2024-05-22 19:45:00,Poolside Bar,Jack Daniel's Bourbon,2405.7,0.0,186.9,2218.8
TXN-12844,2024-05-23 18:00:00,Poolside Bar,Jack Daniel's Bourbon,2218.8,0.0,735.7,1483.1
TXN-12845,2024-05-24 20:00:00,Poolside Bar,Jack Daniel's Bourbon,1483.1,6000.0,1758.4,5724.7
TXN-12846,2024-05-25 23:45:00,Poolside Bar,Jack Daniel's Bourbon,5724.7,0.0,1945.2,3779.5
TXN-12847,2024-05-26 19:45:00,Poolside Bar,Jack Daniel's Bourbon,3779.5,0.0,854.5,2925.0
TXN-12848,2024-05-27 20:30:00,Poolside Bar,Jack Daniel's Bourbon,2925.0,0.0,863.4,2061.6
TXN-12849,2024-05-28 18:00:00,Poolside Bar,Jack Daniel's Bourbon,2061.6,0.0,694.0,1367.6
TXN-12850,2024-05-29 22:00:00,Poolside Bar,Jack Daniel's Bourbon,1367.6,6000.0,1208.7,6158.9
TXN-12851,2024-05-30 20:30:00,Poolside Bar,Jack Daniel's Bourbon,6158.9,0.0,809.9,5349.0
TXN-12852,2024-05-31 21:30:00,Poolside Bar,Jack Daniel's Bourbon,5349.0,0.0,1548.3,3800.7
TXN-12853,2024-06-01 22:45:00,Poolside Bar,Jack Daniel's Bourbon,3800.7,0.0,1165.9,2634.8
TXN-12854,2024-06-02 22:00:00,Poolside Bar,Jack Daniel's Bourbon,2634.8,0.0,897.4,1737.4
TXN-12855,2024-06-03 19:15:00,Poolside Bar,Jack Daniel's Bourbon,1737.4,18000.0,619.6,19117.8
TXN-12856,2024-06-04 22:45:00,Poolside Bar,Jack Daniel's Bourbon,19117.8,0.0,783.6,18334.2
TXN-12857,2024-06-05 19:30:00,Poolside Bar,Jack Daniel's Bourbon,18334.2,0.0,793.7,17540.5
TXN-12858,2024-06-06 22:45:00,Poolside Bar,Jack Daniel's Bourbon,17540.5,0.0,1020.8,16519.7
TXN-12859,2024-06-07 22:15:00,Poolside Bar,Jack Daniel's Bourbon,16519.7,0.0,1727.4,14792.3
TXN-12860,2024-06-08 21:45:00,Poolside Bar,Jack Daniel's Bourbon,14792.3,0.0,1732.2,13060.1
TXN-12861,2024-06-09 22:45:00,Poolside Bar,Jack Daniel's Bourbon,13060.1,0.0,911.1,12149.0
TXN-12862,2024-06-10 22:45:00,Poolside Bar,Jack Daniel's Bourbon,12149.0,0.0,741.5,11407.5
TXN-12863,2024-06-11 19:45:00,Poolside Bar,Jack Daniel's Bourbon,11407.5,0.0,1014.5,10393.0
TXN-12864,2024-06-12 22:30:00,Poolside Bar,Jack Daniel's Bourbon,10393.0,0.0,641.5,9751.5
TXN-12865,2024-06-13 21:30:00,Poolside Bar,Jack Daniel's Bourbon,9751.5,0.0,934.2,8817.3
TXN-12866,2024-06-14 19:15:00,Poolside Bar,Jack Daniel's Bourbon,8817.3,0.0,1618.6,7198.7
TXN-12867,2024-06-15 22:45:00,Poolside Bar,Jack Daniel's Bourbon,7198.7,0.0,1403.3,5795.4
TXN-12868,2024-06-16 23:15:00,Poolside Bar,Jack Daniel's Bourbon,5795.4,0.0,907.9,4907.5
TXN-12869,2024-06-17 20:00:00,Poolside Bar,Jack Daniel's Bourbon,4887.5,0.0,727.0,4160.5
TXN-12870,2024-06-18 18:30:00,Poolside Bar,Jack Daniel's Bourbon,4160.5,0.0,1018.4,3142.1
TXN-12871,2024-06-19 20:45:00,Poolside Bar,Jack Daniel's Bourbon,3142.1,0.0,1020.4,2121.7
TXN-12872,2024-06-20 23:15:00,Poolside Bar,Jack Daniel's Bourbon,2121.7,0.0,223.3,1898.4
TXN-12873,2024-06-21 22:15:00,Poolside Bar,Jack Daniel's Bourbon,1898.4,18000.0,1367.9,18530.5
TXN-12874,2024-06-22 18:15:00,Poolside Bar,Jack Daniel's Bourbon,18530.5,0.0,2040.4,16490.1
TXN-12875,2024-06-23 19:15:00,Poolside Bar,Jack Daniel's Bourbon,16490.1,0.0,676.9,15813.2
TXN-12876,2024-06-24 22:00:00,Poolside Bar,Jack Daniel's Bourbon,15813.2,0.0,908.7,14904.5
TXN-12877,2024-06-25 22:15:00,Poolside Bar,Jack Daniel's Bourbon,14904.5,0.0,716.2,14188.3
TXN-12878,2024-06-26 20:30:00,Poolside Bar,Jack Daniel's Bourbon,14188.3,0.0,813.7,13374.6
TXN-12879,2024-06-27 21:15:00,Poolside Bar,Jack Daniel's Bourbon,13374.6,0.0,579.0,12780.6
TXN-12880,2024-06-28 21:45:00,Poolside Bar,Jack Daniel's Bourbon,12795.6,0.0,1613.8,11181.8
TXN-12881,2024-01-01 20:45:00,Poolside Bar,Hendrick's Gin,7500.0,0.0,637.2,6862.8
TXN-12882,2024-01-02 22:15:00,Poolside Bar,Hendrick's Gin,6862.8,0.0,472.6,6390.2
TXN-12883,2024-01-03 21:30:00,Poolside Bar,Hendrick's Gin,6390.2,0.0,360.1,6020.1
TXN-12884,2024-01-04 18:00:00,Poolside Bar,Hendrick's Gin,6030.1,0.0,585.4,5444.7
TXN-12885,2024-01-05 18:00:00,Poolside Bar,Hendrick's Gin,5444.7,0.0,1461.0,3983.7
TXN-12886,2024-01-06 21:00:00,Poolside Bar,Hendrick's Gin,3983.7,0.0,1400.2,2583.5
TXN-12887,2024-01-07 22:15:00,Poolside Bar,Hendrick's Gin,2583.5,0.0,1006.5,1577.0
TXN-12888,2024-01-08 23:15:00,Poolside Bar,Hendrick's Gin,1577.0,0.0,512.7,1064.3
TXN-12889,2024-01-09 18:45:00,Poolside Bar,Hendrick's Gin,1064.3,13500.0,795.4,13768.9
TXN-12890,2024-01-10 21:15:00,Poolside Bar,Hendrick's Gin,13768.9,0.0,733.0,13035.9
TXN-12891,2024-01-11 23:15:00,Poolside Bar,Hendrick's Gin,13035.9,0.0,274.6,12761.3
TXN-12892,2024-01-12 19:15:00,Poolside Bar,Hendrick's Gin,12761.3,0.0,1200.8,11560.5
TXN-12893,2024-01-13 18:15:00,Poolside Bar,Hendrick's Gin,11560.5,0.0,1532.4,10028.1
TXN-12894,2024-01-14 19:45:00,Poolside Bar,Hendrick's Gin,10028.1,0.0,574.1,9444.0
TXN-12895,2024-01-15 21:30:00,Poolside Bar,Hendrick's Gin,9454.0,0.0,730.2,8723.8
TXN-12896,2024-01-16 22:15:00,Poolside Bar,Hendrick's Gin,8723.8,0.0,604.8,8119.0
TXN-12897,2024-01-17 23:15:00,Poolside Bar,Hendrick's Gin,8119.0,0.0,955.0,7164.0
TXN-12898,2024-01-18 20:45:00,Poolside Bar,Hendrick's Gin,7164.0,0.0,815.2,6348.8
TXN-12899,2024-01-19 23:15:00,Poolside Bar,Hendrick's Gin,6348.8,0.0,1405.7,4943.1
TXN-12900,2024-01-20 21:00:00,Poolside Bar,Hendrick's Gin,4943.1,0.0,942.0,4001.1
TXN-12901,2024-01-21 18:15:00,Poolside Bar,Hendrick's Gin,4001.1,0.0,504.3,3496.8
TXN-12902,2024-01-22 20:15:00,Poolside Bar,Hendrick's Gin,3496.8,0.0,0.0,3496.8
TXN-12903,2024-01-23 21:15:00,Poolside Bar,Hendrick's Gin,3496.8,0.0,699.4,2797.4
TXN-12904,2024-01-24 20:00:00,Poolside Bar,Hendrick's Gin,2797.4,0.0,721.7,2075.7
TXN-12905,2024-01-25 23:00:00,Poolside Bar,Hendrick's Gin,2075.7,0.0,823.3,1252.4
TXN-12906,2024-01-26 18:00:00,Poolside Bar,Hendrick's Gin,1252.4,9000.0,1763.5,8488.9
TXN-12907,2024-01-27 18:15:00,Poolside Bar,Hendrick's Gin,8488.9,0.0,1463.5,7025.4
TXN-12908,2024-01-28 19:30:00,Poolside Bar,Hendrick's Gin,7025.4,0.0,487.4,6538.0
TXN-12909,2024-01-29 21:15:00,Poolside Bar,Hendrick's Gin,6538.0,0.0,541.0,5997.0
TXN-12910,2024-01-30 18:45:00,Poolside Bar,Hendrick's Gin,5997.0,0.0,677.2,5319.8
TXN-12911,2024-01-31 21:45:00,Poolside Bar,Hendrick's Gin,5319.8,0.0,855.9,4463.9
TXN-12912,2024-02-01 21:30:00,Poolside Bar,Hendrick's Gin,4463.9,0.0,216.9,4247.0
TXN-12913,2024-02-02 23:30:00,Poolside Bar,Hendrick's Gin,4247.0,0.0,1538.4,2708.6
TXN-12914,2024-02-03 23:00:00,Poolside Bar,Hendrick's Gin,2708.6,0.0,1013.6,1695.0
TXN-12915,2024-02-04 20:30:00,Poolside Bar,Hendrick's Gin,1695.0,0.0,833.4,861.6
TXN-12916,2024-02-05 20:30:00,Poolside Bar,Hendrick's Gin,861.6,9000.0,553.5,9308.1
TXN-12917,2024-02-06 21:30:00,Poolside Bar,Hendrick's Gin,9308.1,0.0,1077.1,8231.0
TXN-12918,2024-02-07 23:30:00,Poolside Bar,Hendrick's Gin,8231.0,0.0,338.8,7892.2
TXN-12919,2024-02-08 18:45:00,Poolside Bar,Hendrick's Gin,7892.2,0.0,877.8,7014.4
TXN-12920,2024-02-09 19:15:00,Poolside Bar,Hendrick's Gin,7014.4,0.0,1471.1,5543.3
TXN-12921,2024-02-10 23:00:00,Poolside Bar,Hendrick's Gin,5543.3,0.0,1271.9,4271.4
TXN-12922,2024-02-11 22:15:00,Poolside Bar,Hendrick's Gin,4271.4,0.0,400.3,3871.1
TXN-12923,2024-02-12 23:30:00,Poolside Bar,Hendrick's Gin,3871.1,0.0,698.9,3172.2
TXN-12924,2024-02-13 20:15:00,Poolside Bar,Hendrick's Gin,3172.2,0.0,420.8,2751.4
TXN-12925,2024-02-14 23:30:00,Poolside Bar,Hendrick's Gin,2751.4,0.0,262.0,2489.4
TXN-12926,2024-02-15 23:30:00,Poolside Bar,Hendrick's Gin,2489.4,0.0,736.0,1753.4
TXN-12927,2024-02-16 23:45:00,Poolside Bar,Hendrick's Gin,1753.4,0.0,1522.9,230.5
TXN-12928,2024-02-17 20:30:00,Poolside Bar,Hendrick's Gin,230.5,4500.0,1461.6,3268.9
TXN-12929,2024-02-18 20:00:00,Poolside Bar,Hendrick's Gin,3268.9,0.0,639.7,2629.2
TXN-12930,2024-02-19 21:00:00,Poolside Bar,Hendrick's Gin,2629.2,0.0,344.7,2284.5
TXN-12931,2024-02-20 22:30:00,Poolside Bar,Hendrick's Gin,2284.5,0.0,851.6,1432.9
TXN-12932,2024-02-21 20:15:00,Poolside Bar,Hendrick's Gin,1432.9,9000.0,415.2,10017.7
TXN-12933,2024-02-22 20:15:00,Poolside Bar,Hendrick's Gin,10017.7,0.0,715.6,9302.1
TXN-12934,2024-02-23 22:00:00,Poolside Bar,Hendrick's Gin,9302.1,0.0,1171.1,8131.0
TXN-12935,2024-02-24 22:45:00,Poolside Bar,Hendrick's Gin,8131.0,0.0,1571.1,6559.9
TXN-12936,2024-02-25 18:30:00,Poolside Bar,Hendrick's Gin,6559.9,0.0,628.3,5931.6
TXN-12937,2024-02-26 18:00:00,Poolside Bar,Hendrick's Gin,5931.6,0.0,619.4,5312.2
TXN-12938,2024-02-27 22:15:00,Poolside Bar,Hendrick's Gin,5312.2,0.0,762.7,4549.5
TXN-12939,2024-02-28 23:30:00,Poolside Bar,Hendrick's Gin,4549.5,0.0,262.6,4286.9
TXN-12940,2024-02-29 19:30:00,Poolside Bar,Hendrick's Gin,4286.9,0.0,602.6,3684.3
TXN-12941,2024-03-01 21:30:00,Poolside Bar,Hendrick's Gin,3684.3,0.0,1550.5,2133.8
TXN-12942,2024-03-02 21:00:00,Poolside Bar,Hendrick's Gin,2133.8,0.0,1510.3,623.5
TXN-12943,2024-03-03 18:00:00,Poolside Bar,Hendrick's Gin,623.5,9000.0,799.6,8823.9
TXN-12944,2024-03-04 23:45:00,Poolside Bar,Hendrick's Gin,8823.9,0.0,666.2,8157.7
TXN-12945,2024-03-05 21:00:00,Poolside Bar,Hendrick's Gin,8157.7,0.0,468.7,7689.0
TXN-12946,2024-03-06 22:30:00,Poolside Bar,Hendrick's Gin,7689.0,0.0,697.2,6991.8
TXN-12947,2024-03-07 20:00:00,Poolside Bar,Hendrick's Gin,6991.8,0.0,677.7,6314.1
TXN-12948,2024-03-08 20:30:00,Poolside Bar,Hendrick's Gin,6314.1,0.0,1506.8,4807.3
TXN-12949,2024-03-09 21:30:00,Poolside Bar,Hendrick's Gin,4807.3,0.0,903.2,3904.1
TXN-12950,2024-03-10 18:45:00,Poolside Bar,Hendrick's Gin,3904.1,0.0,608.0,3296.1
TXN-12951,2024-03-11 22:45:00,Poolside Bar,Hendrick's Gin,3296.1,0.0,591.3,2704.8
TXN-12952,2024-03-12 20:15:00,Poolside Bar,Hendrick's Gin,2704.8,0.0,422.3,2282.5
TXN-12953,2024-03-13 21:00:00,Poolside Bar,Hendrick's Gin,2282.5,0.0,473.6,1808.9
TXN-12954,2024-03-14 21:45:00,Poolside Bar,Hendrick's Gin,1808.9,0.0,564.4,1244.5
TXN-12955,2024-03-15 18:45:00,Poolside Bar,Hendrick's Gin,1244.5,9000.0,1003.8,9240.7
TXN-12956,2024-03-16 22:00:00,Poolside Bar,Hendrick's Gin,9240.7,0.0,1341.1,7899.6
TXN-12957,2024-03-17 18:00:00,Poolside Bar,Hendrick's Gin,7899.6,0.0,692.0,7207.6
TXN-12958,2024-03-18 23:45:00,Poolside Bar,Hendrick's Gin,7207.6,0.0,654.8,6552.8
TXN-12959,2024-03-19 20:15:00,Poolside Bar,Hendrick's Gin,6552.8,0.0,659.3,5893.5
TXN-12960,2024-03-20 21:15:00,Poolside Bar,Hendrick's Gin,5893.5,0.0,762.4,5131.1
TXN-12961,2024-03-21 19:15:00,Poolside Bar,Hendrick's Gin,5131.1,0.0,556.3,4574.8
TXN-12962,2024-03-22 23:00:00,Poolside Bar,Hendrick's Gin,4574.8,0.0,1066.0,3508.8
TXN-12963,2024-03-23 19:30:00,Poolside Bar,Hendrick's Gin,3508.8,0.0,1320.3,2188.5
TXN-12964,2024-03-24 22:30:00,Poolside Bar,Hendrick's Gin,2188.5,0.0,815.5,1373.0
TXN-12965,2024-03-25 18:00:00,Poolside Bar,Hendrick's Gin,1373.0,13500.0,710.3,14162.7
TXN-12966,2024-03-26 21:45:00,Poolside Bar,Hendrick's Gin,14162.7,0.0,899.2,13263.5
TXN-12967,2024-03-27 19:00:00,Poolside Bar,Hendrick's Gin,13263.5,0.0,721.0,12542.5
TXN-12968,2024-03-28 21:30:00,Poolside Bar,Hendrick's Gin,12542.5,0.0,594.3,11948.2
TXN-12969,2024-03-29 18:45:00,Poolside Bar,Hendrick's Gin,11948.2,0.0,1343.8,10604.4
TXN-12970,2024-03-30 23:30:00,Poolside Bar,Hendrick's Gin,10604.4,0.0,1302.5,9301.9
TXN-12971,2024-03-31 22:45:00,Poolside Bar,Hendrick's Gin,9301.9,0.0,660.0,8641.9
TXN-12972,2024-04-01 18:15:00,Poolside Bar,Hendrick's Gin,8641.9,0.0,356.8,8285.1
TXN-12973,2024-04-02 18:45:00,Poolside Bar,Hendrick's Gin,8285.1,0.0,365.7,7919.4
TXN-12974,2024-04-03 18:45:00,Poolside Bar,Hendrick's Gin,7919.4,0.0,739.0,7180.4
TXN-12975,2024-04-04 23:15:00,Poolside Bar,Hendrick's Gin,7180.4,0.0,317.2,6863.2
TXN-12976,2024-04-05 20:00:00,Poolside Bar,Hendrick's Gin,6863.2,0.0,1282.4,5580.8
TXN-12977,2024-04-06 20:15:00,Poolside Bar,Hendrick's Gin,5580.8,0.0,1732.8,3848.0
TXN-12978,2024-04-07 21:45:00,Poolside Bar,Hendrick's Gin,3848.0,0.0,686.8,3161.2
TXN-12979,2024-04-08 19:45:00,Poolside Bar,Hendrick's Gin,3161.2,0.0,873.0,2288.2
TXN-12980,2024-04-09 19:00:00,Poolside Bar,Hendrick's Gin,2288.2,0.0,1050.4,1237.8
TXN-12981,2024-04-10 22:30:00,Poolside Bar,Hendrick's Gin,1237.8,4500.0,298.8,5439.0
TXN-12982,2024-04-11 18:30:00,Poolside Bar,Hendrick's Gin,5439.0,0.0,803.4,4635.6
TXN-12983,2024-04-12 18:45:00,Poolside Bar,Hendrick's Gin,4635.6,0.0,1140.6,3495.0
TXN-12984,2024-04-13 21:45:00,Poolside Bar,Hendrick's Gin,3495.0,0.0,1489.0,2006.0
TXN-12985,2024-04-14 23:00:00,Poolside Bar,Hendrick's Gin,2006.0,0.0,478.3,1527.7
TXN-12986,2024-04-15 22:15:00,Poolside Bar,Hendrick's Gin,1527.7,0.0,591.9,935.8
TXN-12987,2024-04-16 19:15:00,Poolside Bar,Hendrick's Gin,935.8,9000.0,470.3,9465.5
TXN-12988,2024-04-17 21:45:00,Poolside Bar,Hendrick's Gin,9465.5,0.0,768.9,8696.6
TXN-12989,2024-04-18 21:15:00,Poolside Bar,Hendrick's Gin,8696.6,0.0,525.9,8170.7
TXN-12990,2024-04-19 18:00:00,Poolside Bar,Hendrick's Gin,8170.7,0.0,1115.1,7055.6
TXN-12991,2024-04-20 23:00:00,Poolside Bar,Hendrick's Gin,7055.6,0.0,1250.2,5805.4
TXN-12992,2024-04-21 19:30:00,Poolside Bar,Hendrick's Gin,5805.4,0.0,540.9,5264.5
TXN-12993,2024-04-22 18:15:00,Poolside Bar,Hendrick's Gin,5264.5,0.0,829.9,4434.6
TXN-12994,2024-04-23 21:30:00,Poolside Bar,Hendrick's Gin,4434.6,0.0,496.7,3937.9
TXN-12995,2024-04-24 19:15:00,Poolside Bar,Hendrick's Gin,3937.9,0.0,388.7,3549.2
TXN-12996,2024-04-25 19:30:00,Poolside Bar,Hendrick's Gin,3549.2,0.0,507.9,3041.3
TXN-12997,2024-04-26 22:45:00,Poolside Bar,Hendrick's Gin,3041.3,0.0,1288.3,1753.0
TXN-12998,2024-04-27 18:45:00,Poolside Bar,Hendrick's Gin,1753.0,0.0,1380.8,372.2
TXN-12999,2024-04-28 20:15:00,Poolside Bar,Hendrick's Gin,372.2,4500.0,987.9,3884.3
TXN-13000,2024-04-29 20:45:00,Poolside Bar,Hendrick's Gin,3884.3,0.0,398.2,3486.1
TXN-13001,2024-04-30 22:00:00,Poolside Bar,Hendrick's Gin,3486.1,0.0,526.8,2959.3
TXN-13002,2024-05-01 22:45:00,Poolside Bar,Hendrick's Gin,2959.3,0.0,735.6,2223.7
TXN-13003,2024-05-02 21:45:00,Poolside Bar,Hendrick's Gin,2223.7,0.0,524.6,1699.1
TXN-13004,2024-05-03 23:15:00,Poolside Bar,Hendrick's Gin,1699.1,0.0,1315.2,383.9
TXN-13005,2024-05-04 22:45:00,Poolside Bar,Hendrick's Gin,383.9,9000.0,1560.6,7823.3
TXN-13006,2024-05-05 23:30:00,Poolside Bar,Hendrick's Gin,7823.3,0.0,723.4,7099.9
TXN-13007,2024-05-06 18:15:00,Poolside Bar,Hendrick's Gin,7099.9,0.0,443.1,6656.8
TXN-13008,2024-05-07 22:00:00,Poolside Bar,Hendrick's Gin,6656.8,0.0,617.4,6039.4
TXN-13009,2024-05-08 18:00:00,Poolside Bar,Hendrick's Gin,6039.4,0.0,528.9,5510.5
TXN-13010,2024-05-09 23:45:00,Poolside Bar,Hendrick's Gin,5510.5,0.0,952.6,4547.9
TXN-13011,2024-05-10 22:45:00,Poolside Bar,Hendrick's Gin,4557.9,0.0,1339.1,3208.8
TXN-13012,2024-05-11 19:45:00,Poolside Bar,Hendrick's Gin,3218.8,0.0,1302.2,1916.6
TXN-13013,2024-05-12 18:30:00,Poolside Bar,Hendrick's Gin,1916.6,0.0,395.8,1520.8
TXN-13014,2024-05-13 18:45:00,Poolside Bar,Hendrick's Gin,1520.8,0.0,920.5,600.3
TXN-13015,2024-05-14 23:00:00,Poolside Bar,Hendrick's Gin,600.3,13500.0,409.3,13691.0
TXN-13016,2024-05-15 20:00:00,Poolside Bar,Hendrick's Gin,13691.0,0.0,513.1,13177.9
TXN-13017,2024-05-16 18:15:00,Poolside Bar,Hendrick's Gin,13177.9,0.0,865.8,12312.1
TXN-13018,2024-05-17 18:15:00,Poolside Bar,Hendrick's Gin,12312.1,0.0,995.0,11317.1
TXN-13019,2024-05-18 23:45:00,Poolside Bar,Hendrick's Gin,11317.1,0.0,1132.9,10184.2
TXN-13020,2024-05-19 19:45:00,Poolside Bar,Hendrick's Gin,10184.2,0.0,463.6,9720.6
TXN-13021,2024-05-20 19:00:00,Poolside Bar,Hendrick's Gin,9720.6,0.0,351.5,9369.1
TXN-13022,2024-05-21 22:00:00,Poolside Bar,Hendrick's Gin,9369.1,0.0,767.7,8601.4
TXN-13023,2024-05-22 21:15:00,Poolside Bar,Hendrick's Gin,8601.4,0.0,979.5,7621.9
TXN-13024,2024-05-23 19:00:00,Poolside Bar,Hendrick's Gin,7621.9,0.0,503.2,7118.7
TXN-13025,2024-05-24 23:00:00,Poolside Bar,Hendrick's Gin,7118.7,0.0,1342.2,5776.5
TXN-13026,2024-05-25 22:30:00,Poolside Bar,Hendrick's Gin,5776.5,0.0,1360.3,4416.2
TXN-13027,2024-05-26 22:15:00,Poolside Bar,Hendrick's Gin,4416.2,0.0,875.8,3540.4
TXN-13028,2024-05-27 23:15:00,Poolside Bar,Hendrick's Gin,3540.4,0.0,745.4,2795.0
TXN-13029,2024-05-28 21:45:00,Poolside Bar,Hendrick's Gin,2795.0,0.0,641.5,2153.5
TXN-13030,2024-05-29 20:00:00,Poolside Bar,Hendrick's Gin,2153.5,0.0,621.2,1532.3
TXN-13031,2024-05-30 21:45:00,Poolside Bar,Hendrick's Gin,1532.3,0.0,872.6,659.7
TXN-13032,2024-05-31 19:00:00,Poolside Bar,Hendrick's Gin,659.7,9000.0,1529.6,8130.1
TXN-13033,2024-06-01 22:30:00,Poolside Bar,Hendrick's Gin,8130.1,0.0,1385.7,6744.4
TXN-13034,2024-06-02 18:15:00,Poolside Bar,Hendrick's Gin,6744.4,0.0,506.6,6237.8
TXN-13035,2024-06-03 20:45:00,Poolside Bar,Hendrick's Gin,6237.8,0.0,818.6,5419.2
TXN-13036,2024-06-04 18:15:00,Poolside Bar,Hendrick's Gin,5419.2,0.0,431.1,4988.1
TXN-13037,2024-06-05 18:15:00,Poolside Bar,Hendrick's Gin,4988.1,0.0,172.6,4815.5
TXN-13038,2024-06-06 18:30:00,Poolside Bar,Hendrick's Gin,4815.5,0.0,188.8,4626.7
TXN-13039,2024-06-07 19:00:00,Poolside Bar,Hendrick's Gin,4626.7,0.0,1430.2,3196.5
TXN-13040,2024-06-08 23:15:00,Poolside Bar,Hendrick's Gin,3196.5,0.0,1249.4,1947.1
TXN-13041,2024-06-09 20:15:00,Poolside Bar,Hendrick's Gin,1947.1,0.0,271.4,1675.7
TXN-13042,2024-06-10 20:45:00,Poolside Bar,Hendrick's Gin,1675.7,0.0,601.0,1074.7
TXN-13043,2024-06-11 21:00:00,Poolside Bar,Hendrick's Gin,1074.7,13500.0,494.8,14079.9
TXN-13044,2024-06-12 18:00:00,Poolside Bar,Hendrick's Gin,14079.9,0.0,552.7,13527.2
TXN-13045,2024-06-13 19:30:00,Poolside Bar,Hendrick's Gin,13527.2,0.0,849.6,12677.6
TXN-13046,2024-06-14 21:15:00,Poolside Bar,Hendrick's Gin,12677.6,0.0,1435.6,11242.0
TXN-13047,2024-06-15 18:45:00,Poolside Bar,Hendrick's Gin,11242.0,0.0,1746.6,9495.4
TXN-13048,2024-06-16 20:00:00,Poolside Bar,Hendrick's Gin,9495.4,0.0,757.4,8738.0
TXN-13049,2024-06-17 18:30:00,Poolside Bar,Hendrick's Gin,8738.0,0.0,680.4,8057.6
TXN-13050,2024-06-18 19:30:00,Poolside Bar,Hendrick's Gin,8057.6,0.0,776.0,7281.6
TXN-13051,2024-06-19 21:15:00,Poolside Bar,Hendrick's Gin,7281.6,0.0,361.0,6920.6
TXN-13052,2024-06-20 21:45:00,Poolside Bar,Hendrick's Gin,6920.6,0.0,735.3,6185.3
TXN-13053,2024-06-21 18:15:00,Poolside Bar,Hendrick's Gin,6185.3,0.0,1336.9,4848.4
TXN-13054,2024-06-22 20:45:00,Poolside Bar,Hendrick's Gin,4848.4,0.0,1287.3,3561.1
TXN-13055,2024-06-23 20:45:00,Poolside Bar,Hendrick's Gin,3561.1,0.0,878.1,2683.0
TXN-13056,2024-06-24 19:00:00,Poolside Bar,Hendrick's Gin,2683.0,0.0,309.6,2373.4
TXN-13057,2024-06-25 19:45:00,Poolside Bar,Hendrick's Gin,2373.4,0.0,993.2,1380.2
TXN-13058,2024-06-26 19:30:00,Poolside Bar,Hendrick's Gin,1380.2,9000.0,649.8,9730.4
TXN-13059,2024-06-27 20:30:00,Poolside Bar,Hendrick's Gin,9730.4,0.0,601.4,9129.0
TXN-13060,2024-06-28 21:00:00,Poolside Bar,Hendrick's Gin,9129.0,0.0,1445.9,7683.1
TXN-13061,2024-01-01 18:30:00,Poolside Bar,Macallan 12 Scotch,5250.0,0.0,251.0,4999.0
TXN-13062,2024-01-02 19:15:00,Poolside Bar,Macallan 12 Scotch,4999.0,0.0,284.7,4714.3
TXN-13063,2024-01-03 22:45:00,Poolside Bar,Macallan 12 Scotch,4714.3,0.0,190.8,4523.5
TXN-13064,2024-01-04 23:30:00,Poolside Bar,Macallan 12 Scotch,4523.5,0.0,193.7,4329.8
TXN-13065,2024-01-05 23:30:00,Poolside Bar,Macallan 12 Scotch,4329.8,0.0,465.1,3864.7
TXN-13066,2024-01-06 21:45:00,Poolside Bar,Macallan 12 Scotch,3864.7,0.0,354.9,3509.8
TXN-13067,2024-01-07 23:30:00,Poolside Bar,Macallan 12 Scotch,3509.8,0.0,123.5,3406.3
TXN-13068,2024-01-08 23:15:00,Poolside Bar,Macallan 12 Scotch,3386.3,0.0,286.4,3099.9
TXN-13069,2024-01-09 21:00:00,Poolside Bar,Macallan 12 Scotch,3099.9,0.0,508.7,2591.2
TXN-13070,2024-01-10 20:15:00,Poolside Bar,Macallan 12 Scotch,2591.2,0.0,502.4,2088.8
TXN-13071,2024-01-11 22:15:00,Poolside Bar,Macallan 12 Scotch,2088.8,0.0,224.2,1864.6
TXN-13072,2024-01-12 21:00:00,Poolside Bar,Macallan 12 Scotch,1864.6,0.0,637.5,1227.1
TXN-13073,2024-01-13 20:30:00,Poolside Bar,Macallan 12 Scotch,1227.1,4500.0,687.8,5039.3
TXN-13074,2024-01-14 18:45:00,Poolside Bar,Macallan 12 Scotch,5039.3,0.0,430.9,4608.4
TXN-13075,2024-01-15 20:30:00,Poolside Bar,Macallan 12 Scotch,4608.4,0.0,325.1,4283.3
TXN-13076,2024-01-16 20:15:00,Poolside Bar,Macallan 12 Scotch,4283.3,0.0,347.1,3936.2
TXN-13077,2024-01-17 18:30:00,Poolside Bar,Macallan 12 Scotch,3936.2,0.0,152.3,3783.9
TXN-13078,2024-01-18 19:00:00,Poolside Bar,Macallan 12 Scotch,3783.9,0.0,548.2,3235.7
TXN-13079,2024-01-19 21:00:00,Poolside Bar,Macallan 12 Scotch,3235.7,0.0,528.5,2707.2
TXN-13080,2024-01-20 19:30:00,Poolside Bar,Macallan 12 Scotch,2707.2,0.0,494.1,2213.1
TXN-13081,2024-01-21 21:00:00,Poolside Bar,Macallan 12 Scotch,2213.1,0.0,395.7,1817.4
TXN-13082,2024-01-22 18:30:00,Poolside Bar,Macallan 12 Scotch,1817.4,0.0,0.0,1817.4
TXN-13083,2024-01-23 23:30:00,Poolside Bar,Macallan 12 Scotch,1817.4,0.0,191.9,1625.5
TXN-13084,2024-01-24 23:15:00,Poolside Bar,Macallan 12 Scotch,1625.5,0.0,415.0,1210.5
TXN-13085,2024-01-25 19:45:00,Poolside Bar,Macallan 12 Scotch,1210.5,13500.0,392.6,14317.9
TXN-13086,2024-01-26 18:00:00,Poolside Bar,Macallan 12 Scotch,14317.9,0.0,449.3,13868.6
TXN-13087,2024-01-27 18:15:00,Poolside Bar,Macallan 12 Scotch,13868.6,0.0,472.0,13396.6
TXN-13088,2024-01-28 22:45:00,Poolside Bar,Macallan 12 Scotch,13396.6,0.0,189.2,13207.4
TXN-13089,2024-01-29 19:45:00,Poolside Bar,Macallan 12 Scotch,13207.4,0.0,283.2,12924.2
TXN-13090,2024-01-30 18:30:00,Poolside Bar,Macallan 12 Scotch,12924.2,0.0,392.2,12532.0
TXN-13091,2024-01-31 21:15:00,Poolside Bar,Macallan 12 Scotch,12532.0,0.0,336.4,12195.6
TXN-13092,2024-02-01 23:15:00,Poolside Bar,Macallan 12 Scotch,12195.6,0.0,187.1,12008.5
TXN-13093,2024-02-02 22:45:00,Poolside Bar,Macallan 12 Scotch,12008.5,0.0,584.1,11424.4
TXN-13094,2024-02-03 20:00:00,Poolside Bar,Macallan 12 Scotch,11424.4,0.0,669.1,10755.3
TXN-13095,2024-02-04 22:30:00,Poolside Bar,Macallan 12 Scotch,10755.3,0.0,290.0,10465.3
TXN-13096,2024-02-05 23:45:00,Poolside Bar,Macallan 12 Scotch,10465.3,0.0,355.7,10109.6
TXN-13097,2024-02-06 20:15:00,Poolside Bar,Macallan 12 Scotch,10109.6,0.0,0.0,10109.6
TXN-13098,2024-02-07 18:45:00,Poolside Bar,Macallan 12 Scotch,10109.6,0.0,347.0,9762.6
TXN-13099,2024-02-08 23:30:00,Poolside Bar,Macallan 12 Scotch,9762.6,0.0,280.4,9482.2
TXN-13100,2024-02-09 22:15:00,Poolside Bar,Macallan 12 Scotch,9482.2,0.0,293.1,9189.1
TXN-13101,2024-02-10 21:15:00,Poolside Bar,Macallan 12 Scotch,9189.1,0.0,477.2,8711.9
TXN-13102,2024-02-11 22:30:00,Poolside Bar,Macallan 12 Scotch,8711.9,0.0,347.5,8364.4
TXN-13103,2024-02-12 21:15:00,Poolside Bar,Macallan 12 Scotch,8364.4,0.0,311.4,8053.0
TXN-13104,2024-02-13 18:45:00,Poolside Bar,Macallan 12 Scotch,8053.0,0.0,325.2,7727.8
TXN-13105,2024-02-14 21:00:00,Poolside Bar,Macallan 12 Scotch,7727.8,0.0,426.7,7301.1
TXN-13106,2024-02-15 22:00:00,Poolside Bar,Macallan 12 Scotch,7301.1,0.0,367.8,6933.3
TXN-13107,2024-02-16 22:30:00,Poolside Bar,Macallan 12 Scotch,6933.3,0.0,462.4,6470.9
TXN-13108,2024-02-17 20:15:00,Poolside Bar,Macallan 12 Scotch,6470.9,0.0,672.7,5798.2
TXN-13109,2024-02-18 18:00:00,Poolside Bar,Macallan 12 Scotch,5798.2,0.0,175.3,5622.9
TXN-13110,2024-02-19 19:45:00,Poolside Bar,Macallan 12 Scotch,5622.9,0.0,322.2,5300.7
TXN-13111,2024-02-20 19:15:00,Poolside Bar,Macallan 12 Scotch,5300.7,0.0,424.4,4876.3
TXN-13112,2024-02-21 19:30:00,Poolside Bar,Macallan 12 Scotch,4876.3,0.0,302.4,4573.9
TXN-13113,2024-02-22 19:30:00,Poolside Bar,Macallan 12 Scotch,4573.9,0.0,386.0,4187.9
TXN-13114,2024-02-23 18:15:00,Poolside Bar,Macallan 12 Scotch,4187.9,0.0,588.1,3599.8
TXN-13115,2024-02-24 20:15:00,Poolside Bar,Macallan 12 Scotch,3599.8,0.0,432.5,3167.3
TXN-13116,2024-02-25 20:45:00,Poolside Bar,Macallan 12 Scotch,3167.3,0.0,389.0,2778.3
TXN-13117,2024-02-26 20:45:00,Poolside Bar,Macallan 12 Scotch,2778.3,0.0,382.3,2396.0
TXN-13118,2024-02-27 19:00:00,Poolside Bar,Macallan 12 Scotch,2396.0,0.0,191.7,2204.3
TXN-13119,2024-02-28 21:45:00,Poolside Bar,Macallan 12 Scotch,2204.3,0.0,368.4,1835.9
TXN-13120,2024-02-29 23:15:00,Poolside Bar,Macallan 12 Scotch,1835.9,0.0,417.9,1438.0
TXN-13121,2024-03-01 22:30:00,Poolside Bar,Macallan 12 Scotch,1418.0,9000.0,531.3,9886.7
TXN-13122,2024-03-02 21:15:00,Poolside Bar,Macallan 12 Scotch,9886.7,0.0,414.9,9471.8
TXN-13123,2024-03-03 19:45:00,Poolside Bar,Macallan 12 Scotch,9471.8,0.0,316.7,9155.1
TXN-13124,2024-03-04 18:30:00,Poolside Bar,Macallan 12 Scotch,9155.1,0.0,160.7,8994.4
TXN-13125,2024-03-05 18:45:00,Poolside Bar,Macallan 12 Scotch,8994.4,0.0,227.5,8766.9
TXN-13126,2024-03-06 20:30:00,Poolside Bar,Macallan 12 Scotch,8766.9,0.0,362.7,8404.2
TXN-13127,2024-03-07 19:15:00,Poolside Bar,Macallan 12 Scotch,8404.2,0.0,470.4,7933.8
TXN-13128,2024-03-08 21:00:00,Poolside Bar,Macallan 12 Scotch,7933.8,0.0,636.6,7297.2
TXN-13129,2024-03-09 21:15:00,Poolside Bar,Macallan 12 Scotch,7297.2,0.0,606.7,6690.5
TXN-13130,2024-03-10 19:45:00,Poolside Bar,Macallan 12 Scotch,6690.5,0.0,499.6,6190.9
TXN-13131,2024-03-11 22:15:00,Poolside Bar,Macallan 12 Scotch,6190.9,0.0,371.8,5819.1
TXN-13132,2024-03-12 22:30:00,Poolside Bar,Macallan 12 Scotch,5819.1,0.0,317.4,5501.7
TXN-13133,2024-03-13 23:00:00,Poolside Bar,Macallan 12 Scotch,5501.7,0.0,299.8,5201.9
TXN-13134,2024-03-14 18:00:00,Poolside Bar,Macallan 12 Scotch,5201.9,0.0,406.2,4795.7
TXN-13135,2024-03-15 19:45:00,Poolside Bar,Macallan 12 Scotch,4795.7,0.0,454.1,4341.6
TXN-13136,2024-03-16 19:15:00,Poolside Bar,Macallan 12 Scotch,4341.6,0.0,492.9,3848.7
TXN-13137,2024-03-17 21:45:00,Poolside Bar,Macallan 12 Scotch,3848.7,0.0,358.5,3490.2
TXN-13138,2024-03-18 23:00:00,Poolside Bar,Macallan 12 Scotch,3490.2,0.0,215.8,3274.4
TXN-13139,2024-03-19 19:30:00,Poolside Bar,Macallan 12 Scotch,3274.4,0.0,202.7,3071.7
TXN-13140,2024-03-20 20:30:00,Poolside Bar,Macallan 12 Scotch,3071.7,0.0,220.8,2850.9
TXN-13141,2024-03-21 20:15:00,Poolside Bar,Macallan 12 Scotch,2850.9,0.0,348.0,2502.9
TXN-13142,2024-03-22 22:00:00,Poolside Bar,Macallan 12 Scotch,2502.9,0.0,314.0,2188.9
TXN-13143,2024-03-23 20:45:00,Poolside Bar,Macallan 12 Scotch,2188.9,0.0,478.3,1710.6
TXN-13144,2024-03-24 22:30:00,Poolside Bar,Macallan 12 Scotch,1710.6,0.0,383.5,1327.1
TXN-13145,2024-03-25 23:00:00,Poolside Bar,Macallan 12 Scotch,1327.1,9000.0,247.4,10079.7
TXN-13146,2024-03-26 20:00:00,Poolside Bar,Macallan 12 Scotch,10079.7,0.0,337.6,9742.1
TXN-13147,2024-03-27 23:30:00,Poolside Bar,Macallan 12 Scotch,9742.1,0.0,420.2,9321.9
TXN-13148,2024-03-28 23:30:00,Poolside Bar,Macallan 12 Scotch,9321.9,0.0,340.8,8981.1
TXN-13149,2024-03-29 21:30:00,Poolside Bar,Macallan 12 Scotch,8981.1,0.0,657.9,8323.2
TXN-13150,2024-03-30 22:15:00,Poolside Bar,Macallan 12 Scotch,8323.2,0.0,635.4,7687.8
TXN-13151,2024-03-31 20:00:00,Poolside Bar,Macallan 12 Scotch,7687.8,0.0,160.9,7526.9
TXN-13152,2024-04-01 23:15:00,Poolside Bar,Macallan 12 Scotch,7526.9,0.0,256.1,7270.8
TXN-13153,2024-04-02 20:15:00,Poolside Bar,Macallan 12 Scotch,7270.8,0.0,311.1,6959.7
TXN-13154,2024-04-03 19:15:00,Poolside Bar,Macallan 12 Scotch,6959.7,0.0,295.0,6664.7
TXN-13155,2024-04-04 23:30:00,Poolside Bar,Macallan 12 Scotch,6664.7,0.0,351.6,6313.1
TXN-13156,2024-04-05 20:15:00,Poolside Bar,Macallan 12 Scotch,6313.1,0.0,319.9,5993.2
TXN-13157,2024-04-06 18:00:00,Poolside Bar,Macallan 12 Scotch,5993.2,0.0,604.5,5388.7
TXN-13158,2024-04-07 21:15:00,Poolside Bar,Macallan 12 Scotch,5388.7,0.0,362.4,5026.3
TXN-13159,2024-04-08 19:45:00,Poolside Bar,Macallan 12 Scotch,5026.3,0.0,225.1,4801.2
TXN-13160,2024-04-09 22:45:00,Poolside Bar,Macallan 12 Scotch,4801.2,0.0,369.0,4432.2
TXN-13161,2024-04-10 20:45:00,Poolside Bar,Macallan 12 Scotch,4432.2,0.0,235.9,4196.3
TXN-13162,2024-04-11 22:30:00,Poolside Bar,Macallan 12 Scotch,4196.3,0.0,376.4,3819.9
TXN-13163,2024-04-12 19:00:00,Poolside Bar,Macallan 12 Scotch,3819.9,0.0,594.5,3225.4
TXN-13164,2024-04-13 18:15:00,Poolside Bar,Macallan 12 Scotch,3225.4,0.0,348.2,2877.2
TXN-13165,2024-04-14 20:30:00,Poolside Bar,Macallan 12 Scotch,2877.2,0.0,368.3,2508.9
TXN-13166,2024-04-15 21:00:00,Poolside Bar,Macallan 12 Scotch,2508.9,0.0,259.1,2249.8
TXN-13167,2024-04-16 21:15:00,Poolside Bar,Macallan 12 Scotch,2249.8,0.0,403.6,1846.2
TXN-13168,2024-04-17 20:30:00,Poolside Bar,Macallan 12 Scotch,1846.2,0.0,184.0,1662.2
TXN-13169,2024-04-18 19:45:00,Poolside Bar,Macallan 12 Scotch,1662.2,0.0,305.4,1356.8
TXN-13170,2024-04-19 18:30:00,Poolside Bar,Macallan 12 Scotch,1356.8,13500.0,715.2,14141.6
TXN-13171,2024-04-20 23:00:00,Poolside Bar,Macallan 12 Scotch,14141.6,0.0,521.3,13620.3
TXN-13172,2024-04-21 18:45:00,Poolside Bar,Macallan 12 Scotch,13620.3,0.0,348.8,13271.5
TXN-13173,2024-04-22 20:30:00,Poolside Bar,Macallan 12 Scotch,13271.5,0.0,294.4,12977.1
TXN-13174,2024-04-23 23:15:00,Poolside Bar,Macallan 12 Scotch,12977.1,0.0,279.3,12697.8
TXN-13175,2024-04-24 19:45:00,Poolside Bar,Macallan 12 Scotch,12697.8,0.0,353.2,12344.6
TXN-13176,2024-04-25 23:00:00,Poolside Bar,Macallan 12 Scotch,12344.6,0.0,246.2,12098.4
TXN-13177,2024-04-26 18:00:00,Poolside Bar,Macallan 12 Scotch,12098.4,0.0,660.8,11437.6
TXN-13178,2024-04-27 19:15:00,Poolside Bar,Macallan 12 Scotch,11437.6,0.0,471.0,10966.6
TXN-13179,2024-04-28 21:45:00,Poolside Bar,Macallan 12 Scotch,10966.6,0.0,267.3,10699.3
TXN-13180,2024-04-29 21:45:00,Poolside Bar,Macallan 12 Scotch,10699.3,0.0,227.2,10472.1
TXN-13181,2024-04-30 19:15:00,Poolside Bar,Macallan 12 Scotch,10472.1,0.0,251.8,10220.3
TXN-13182,2024-05-01 19:00:00,Poolside Bar,Macallan 12 Scotch,10220.3,0.0,211.1,10009.2
TXN-13183,2024-05-02 22:45:00,Poolside Bar,Macallan 12 Scotch,10009.2,0.0,149.8,9859.4
TXN-13184,2024-05-03 19:30:00,Poolside Bar,Macallan 12 Scotch,9859.4,0.0,365.0,9494.4
TXN-13185,2024-05-04 19:30:00,Poolside Bar,Macallan 12 Scotch,9494.4,0.0,738.4,8756.0
TXN-13186,2024-05-05 19:30:00,Poolside Bar,Macallan 12 Scotch,8756.0,0.0,317.2,8438.8
TXN-13187,2024-05-06 22:00:00,Poolside Bar,Macallan 12 Scotch,8438.8,0.0,345.2,8093.6
TXN-13188,2024-05-07 22:15:00,Poolside Bar,Macallan 12 Scotch,8093.6,0.0,454.1,7639.5
TXN-13189,2024-05-08 23:00:00,Poolside Bar,Macallan 12 Scotch,7639.5,0.0,289.8,7349.7
TXN-13190,2024-05-09 21:15:00,Poolside Bar,Macallan 12 Scotch,7349.7,0.0,37.7,7312.0
TXN-13191,2024-05-10 18:00:00,Poolside Bar,Macallan 12 Scotch,7312.0,0.0,528.7,6783.3
TXN-13192,2024-05-11 20:30:00,Poolside Bar,Macallan 12 Scotch,6783.3,0.0,321.5,6461.8
TXN-13193,2024-05-12 22:30:00,Poolside Bar,Macallan 12 Scotch,6461.8,0.0,237.7,6224.1
TXN-13194,2024-05-13 21:15:00,Poolside Bar,Macallan 12 Scotch,6224.1,0.0,204.0,6020.1
TXN-13195,2024-05-14 18:00:00,Poolside Bar,Macallan 12 Scotch,6020.1,0.0,418.7,5601.4
TXN-13196,2024-05-15 22:15:00,Poolside Bar,Macallan 12 Scotch,5601.4,0.0,164.7,5436.7
TXN-13197,2024-05-16 18:15:00,Poolside Bar,Macallan 12 Scotch,5436.7,0.0,307.5,5129.2
TXN-13198,2024-05-17 23:00:00,Poolside Bar,Macallan 12 Scotch,5129.2,0.0,491.5,4637.7
TXN-13199,2024-05-18 23:30:00,Poolside Bar,Macallan 12 Scotch,4637.7,0.0,619.5,4018.2
TXN-13200,2024-05-19 18:45:00,Poolside Bar,Macallan 12 Scotch,4018.2,0.0,414.3,3603.9
TXN-13201,2024-05-20 22:15:00,Poolside Bar,Macallan 12 Scotch,3603.9,0.0,551.7,3052.2
TXN-13202,2024-05-21 22:45:00,Poolside Bar,Macallan 12 Scotch,3052.2,0.0,367.3,2684.9
TXN-13203,2024-05-22 21:45:00,Poolside Bar,Macallan 12 Scotch,2684.9,0.0,193.6,2491.3
TXN-13204,2024-05-23 18:45:00,Poolside Bar,Macallan 12 Scotch,2491.3,0.0,124.6,2366.7
TXN-13205,2024-05-24 18:45:00,Poolside Bar,Macallan 12 Scotch,2366.7,0.0,434.7,1932.0
TXN-13206,2024-05-25 22:30:00,Poolside Bar,Macallan 12 Scotch,1932.0,0.0,652.1,1279.9
TXN-13207,2024-05-26 20:15:00,Poolside Bar,Macallan 12 Scotch,1279.9,9000.0,186.8,10093.1
TXN-13208,2024-05-27 21:00:00,Poolside Bar,Macallan 12 Scotch,10093.1,0.0,285.5,9807.6
TXN-13209,2024-05-28 22:00:00,Poolside Bar,Macallan 12 Scotch,9807.6,0.0,353.0,9454.6
TXN-13210,2024-05-29 21:45:00,Poolside Bar,Macallan 12 Scotch,9454.6,0.0,216.0,9238.6
TXN-13211,2024-05-30 22:30:00,Poolside Bar,Macallan 12 Scotch,9238.6,0.0,446.8,8791.8
TXN-13212,2024-05-31 20:15:00,Poolside Bar,Macallan 12 Scotch,8791.8,0.0,622.2,8169.6
TXN-13213,2024-06-01 21:00:00,Poolside Bar,Macallan 12 Scotch,8169.6,0.0,523.9,7645.7
TXN-13214,2024-06-02 22:45:00,Poolside Bar,Macallan 12 Scotch,7645.7,0.0,426.2,7219.5
TXN-13215,2024-06-03 18:45:00,Poolside Bar,Macallan 12 Scotch,7219.5,0.0,444.9,6774.6
TXN-13216,2024-06-04 23:45:00,Poolside Bar,Macallan 12 Scotch,6774.6,0.0,318.7,6455.9
TXN-13217,2024-06-05 18:30:00,Poolside Bar,Macallan 12 Scotch,6455.9,0.0,380.1,6075.8
TXN-13218,2024-06-06 23:45:00,Poolside Bar,Macallan 12 Scotch,6075.8,0.0,338.2,5737.6
TXN-13219,2024-06-07 23:00:00,Poolside Bar,Macallan 12 Scotch,5737.6,0.0,284.2,5453.4
TXN-13220,2024-06-08 19:15:00,Poolside Bar,Macallan 12 Scotch,5453.4,0.0,613.4,4840.0
TXN-13221,2024-06-09 20:00:00,Poolside Bar,Macallan 12 Scotch,4840.0,0.0,0.0,4840.0
TXN-13222,2024-06-10 21:00:00,Poolside Bar,Macallan 12 Scotch,4840.0,0.0,402.1,4437.9
TXN-13223,2024-06-11 18:15:00,Poolside Bar,Macallan 12 Scotch,4437.9,0.0,474.4,3963.5
TXN-13224,2024-06-12 18:00:00,Poolside Bar,Macallan 12 Scotch,3963.5,0.0,491.6,3471.9
TXN-13225,2024-06-13 21:15:00,Poolside Bar,Macallan 12 Scotch,3471.9,0.0,367.1,3104.8
TXN-13226,2024-06-14 19:30:00,Poolside Bar,Macallan 12 Scotch,3104.8,0.0,631.0,2473.8
TXN-13227,2024-06-15 19:00:00,Poolside Bar,Macallan 12 Scotch,2473.8,0.0,475.8,1998.0
TXN-13228,2024-06-16 18:45:00,Poolside Bar,Macallan 12 Scotch,1998.0,0.0,340.9,1657.1
TXN-13229,2024-06-17 22:30:00,Poolside Bar,Macallan 12 Scotch,1657.1,0.0,294.5,1362.6
TXN-13230,2024-06-18 23:45:00,Poolside Bar,Macallan 12 Scotch,1362.6,4500.0,512.5,5350.1
TXN-13231,2024-06-19 22:15:00,Poolside Bar,Macallan 12 Scotch,5350.1,0.0,380.2,4969.9
TXN-13232,2024-06-20 22:00:00,Poolside Bar,Macallan 12 Scotch,4969.9,0.0,305.9,4664.0
TXN-13233,2024-06-21 22:15:00,Poolside Bar,Macallan 12 Scotch,4664.0,0.0,275.0,4389.0
TXN-13234,2024-06-22 22:15:00,Poolside Bar,Macallan 12 Scotch,4389.0,0.0,477.0,3912.0
TXN-13235,2024-06-23 18:45:00,Poolside Bar,Macallan 12 Scotch,3912.0,0.0,232.8,3679.2
TXN-13236,2024-06-24 19:00:00,Poolside Bar,Macallan 12 Scotch,3679.2,0.0,278.9,3400.3
TXN-13237,2024-06-25 23:45:00,Poolside Bar,Macallan 12 Scotch,3400.3,0.0,308.1,3092.2
TXN-13238,2024-06-26 19:30:00,Poolside Bar,Macallan 12 Scotch,3092.2,0.0,315.0,2777.2
TXN-13239,2024-06-27 22:30:00,Poolside Bar,Macallan 12 Scotch,2777.2,0.0,102.4,2674.8
TXN-13240,2024-06-28 22:45:00,Poolside Bar,Macallan 12 Scotch,2674.8,0.0,328.9,2345.9
TXN-13241,2024-01-01 22:00:00,Poolside Bar,Patron Silver Tequila,5250.0,0.0,449.8,4800.2
TXN-13242,2024-01-02 21:45:00,Poolside Bar,Patron Silver Tequila,4800.2,0.0,395.9,4404.3
TXN-13243,2024-01-03 19:15:00,Poolside Bar,Patron Silver Tequila,4404.3,0.0,547.5,3856.8
TXN-13244,2024-01-04 18:30:00,Poolside Bar,Patron Silver Tequila,3856.8,0.0,391.0,3465.8
TXN-13245,2024-01-05 20:00:00,Poolside Bar,Patron Silver Tequila,3465.8,0.0,948.5,2517.3
TXN-13246,2024-01-06 20:15:00,Poolside Bar,Patron Silver Tequila,2517.3,0.0,1055.3,1462.0
TXN-13247,2024-01-07 21:45:00,Poolside Bar,Patron Silver Tequila,1462.0,4500.0,564.6,5397.4
TXN-13248,2024-01-08 23:45:00,Poolside Bar,Patron Silver Tequila,5397.4,0.0,508.8,4888.6
TXN-13249,2024-01-09 23:15:00,Poolside Bar,Patron Silver Tequila,4888.6,0.0,516.2,4372.4
TXN-13250,2024-01-10 18:30:00,Poolside Bar,Patron Silver Tequila,4372.4,0.0,682.8,3689.6
TXN-13251,2024-01-11 19:30:00,Poolside Bar,Patron Silver Tequila,3689.6,0.0,316.4,3373.2
TXN-13252,2024-01-12 18:45:00,Poolside Bar,Patron Silver Tequila,3373.2,0.0,810.9,2562.3
TXN-13253,2024-01-13 19:45:00,Poolside Bar,Patron Silver Tequila,2562.3,0.0,1364.7,1197.6
TXN-13254,2024-01-14 23:00:00,Poolside Bar,Patron Silver Tequila,1197.6,13500.0,478.7,14218.9
TXN-13255,2024-01-15 18:15:00,Poolside Bar,Patron Silver Tequila,14218.9,0.0,513.6,13705.3
TXN-13256,2024-01-16 23:45:00,Poolside Bar,Patron Silver Tequila,13705.3,0.0,532.4,13172.9
TXN-13257,2024-01-17 20:15:00,Poolside Bar,Patron Silver Tequila,13172.9,0.0,513.7,12659.2
TXN-13258,2024-01-18 21:00:00,Poolside Bar,Patron Silver Tequila,12659.2,0.0,365.4,12293.8
TXN-13259,2024-01-19 20:00:00,Poolside Bar,Patron Silver Tequila,12293.8,0.0,969.0,11324.8
TXN-13260,2024-01-20 19:00:00,Poolside Bar,Patron Silver Tequila,11324.8,0.0,1172.0,10152.8
TXN-13261,2024-01-21 19:00:00,Poolside Bar,Patron Silver Tequila,10152.8,0.0,159.9,9992.9
TXN-13262,2024-01-22 22:45:00,Poolside Bar,Patron Silver Tequila,9992.9,0.0,219.4,9773.5
TXN-13263,2024-01-23 18:15:00,Poolside Bar,Patron Silver Tequila,9773.5,0.0,299.5,9474.0
TXN-13264,2024-01-24 21:00:00,Poolside Bar,Patron Silver Tequila,9474.0,0.0,346.2,9127.8
TXN-13265,2024-01-25 22:15:00,Poolside Bar,Patron Silver Tequila,9127.8,0.0,622.7,8505.1
TXN-13266,2024-01-26 18:45:00,Poolside Bar,Patron Silver Tequila,8505.1,0.0,875.2,7629.9
TXN-13267,2024-01-27 23:15:00,Poolside Bar,Patron Silver Tequila,7629.9,0.0,949.2,6680.7
TXN-13268,2024-01-28 18:00:00,Poolside Bar,Patron Silver Tequila,6680.7,0.0,582.7,6098.0
TXN-13269,2024-01-29 19:30:00,Poolside Bar,Patron Silver Tequila,6098.0,0.0,207.5,5890.5
TXN-13270,2024-01-30 18:15:00,Poolside Bar,Patron Silver Tequila,5890.5,0.0,171.3,5719.2
TXN-13271,2024-01-31 18:00:00,Poolside Bar,Patron Silver Tequila,5719.2,0.0,443.0,5276.2
TXN-13272,2024-02-01 22:45:00,Poolside Bar,Patron Silver Tequila,5276.2,0.0,618.9,4657.3
TXN-13273,2024-02-02 21:00:00,Poolside Bar,Patron Silver Tequila,4657.3,0.0,812.5,3844.8
TXN-13274,2024-02-03 22:45:00,Poolside Bar,Patron Silver Tequila,3844.8,0.0,1002.9,2841.9
TXN-13275,2024-02-04 23:15:00,Poolside Bar,Patron Silver Tequila,2841.9,0.0,429.2,2412.7
TXN-13276,2024-02-05 21:45:00,Poolside Bar,Patron Silver Tequila,2412.7,0.0,297.0,2115.7
TXN-13277,2024-02-06 18:15:00,Poolside Bar,Patron Silver Tequila,2115.7,0.0,377.2,1738.5
TXN-13278,2024-02-07 22:00:00,Poolside Bar,Patron Silver Tequila,1738.5,0.0,803.0,935.5
TXN-13279,2024-02-08 19:00:00,Poolside Bar,Patron Silver Tequila,935.5,4500.0,659.4,4776.1
TXN-13280,2024-02-09 22:45:00,Poolside Bar,Patron Silver Tequila,4776.1,0.0,884.9,3891.2
TXN-13281,2024-02-10 19:45:00,Poolside Bar,Patron Silver Tequila,3891.2,0.0,845.4,3045.8
TXN-13282,2024-02-11 20:15:00,Poolside Bar,Patron Silver Tequila,3045.8,0.0,147.3,2898.5
TXN-13283,2024-02-12 20:15:00,Poolside Bar,Patron Silver Tequila,2898.5,0.0,667.0,2231.5
TXN-13284,2024-02-13 19:00:00,Poolside Bar,Patron Silver Tequila,2231.5,0.0,45.6,2185.9
TXN-13285,2024-02-14 22:15:00,Poolside Bar,Patron Silver Tequila,2185.9,0.0,425.9,1760.0
TXN-13286,2024-02-15 18:00:00,Poolside Bar,Patron Silver Tequila,1760.0,0.0,428.8,1331.2
TXN-13287,2024-02-16 18:45:00,Poolside Bar,Patron Silver Tequila,1331.2,9000.0,1128.5,9202.7
TXN-13288,2024-02-17 21:00:00,Poolside Bar,Patron Silver Tequila,9202.7,0.0,1025.2,8177.5
TXN-13289,2024-02-18 18:00:00,Poolside Bar,Patron Silver Tequila,8177.5,0.0,286.8,7890.7
TXN-13290,2024-02-19 19:00:00,Poolside Bar,Patron Silver Tequila,7890.7,0.0,381.8,7508.9
TXN-13291,2024-02-20 23:30:00,Poolside Bar,Patron Silver Tequila,7508.9,0.0,567.8,6941.1
TXN-13292,2024-02-21 20:00:00,Poolside Bar,Patron Silver Tequila,6941.1,0.0,201.8,6739.3
TXN-13293,2024-02-22 20:30:00,Poolside Bar,Patron Silver Tequila,6739.3,0.0,501.9,6237.4
TXN-13294,2024-02-23 19:15:00,Poolside Bar,Patron Silver Tequila,6237.4,0.0,1014.9,5222.5
TXN-13295,2024-02-24 20:45:00,Poolside Bar,Patron Silver Tequila,5222.5,0.0,1104.1,4118.4
TXN-13296,2024-02-25 22:15:00,Poolside Bar,Patron Silver Tequila,4118.4,0.0,399.4,3719.0
TXN-13297,2024-02-26 23:00:00,Poolside Bar,Patron Silver Tequila,3719.0,0.0,489.1,3229.9
TXN-13298,2024-02-27 18:00:00,Poolside Bar,Patron Silver Tequila,3229.9,0.0,702.2,2527.7
TXN-13299,2024-02-28 18:45:00,Poolside Bar,Patron Silver Tequila,2527.7,0.0,515.2,2012.5
TXN-13300,2024-02-29 22:00:00,Poolside Bar,Patron Silver Tequila,2012.5,0.0,188.2,1824.3
TXN-13301,2024-03-01 20:30:00,Poolside Bar,Patron Silver Tequila,1824.3,0.0,1295.4,548.9
TXN-13302,2024-03-02 19:15:00,Poolside Bar,Patron Silver Tequila,528.9,13500.0,819.8,13209.1
TXN-13303,2024-03-03 18:00:00,Poolside Bar,Patron Silver Tequila,13209.1,0.0,773.1,12436.0
TXN-13304,2024-03-04 22:45:00,Poolside Bar,Patron Silver Tequila,12436.0,0.0,284.6,12151.4
TXN-13305,2024-03-05 22:30:00,Poolside Bar,Patron Silver Tequila,12151.4,0.0,293.6,11857.8
TXN-13306,2024-03-06 23:30:00,Poolside Bar,Patron Silver Tequila,11857.8,0.0,516.0,11341.8
TXN-13307,2024-03-07 23:30:00,Poolside Bar,Patron Silver Tequila,11341.8,0.0,320.2,11021.6
TXN-13308,2024-03-08 22:45:00,Poolside Bar,Patron Silver Tequila,11021.6,0.0,1277.7,9743.9
TXN-13309,2024-03-09 21:45:00,Poolside Bar,Patron Silver Tequila,9743.9,0.0,712.3,9031.6
TXN-13310,2024-03-10 21:45:00,Poolside Bar,Patron Silver Tequila,9031.6,0.0,516.7,8514.9
TXN-13311,2024-03-11 22:00:00,Poolside Bar,Patron Silver Tequila,8514.9,0.0,405.4,8109.5
TXN-13312,2024-03-12 23:30:00,Poolside Bar,Patron Silver Tequila,8109.5,0.0,292.3,7817.2
TXN-13313,2024-03-13 23:15:00,Poolside Bar,Patron Silver Tequila,7817.2,0.0,246.9,7570.3
TXN-13314,2024-03-14 22:00:00,Poolside Bar,Patron Silver Tequila,7570.3,0.0,515.6,7054.7
TXN-13315,2024-03-15 22:00:00,Poolside Bar,Patron Silver Tequila,7054.7,0.0,1119.0,5935.7
TXN-13316,2024-03-16 18:45:00,Poolside Bar,Patron Silver Tequila,5935.7,0.0,1047.5,4888.2
TXN-13317,2024-03-17 20:45:00,Poolside Bar,Patron Silver Tequila,4888.2,0.0,316.9,4571.3
TXN-13318,2024-03-18 21:30:00,Poolside Bar,Patron Silver Tequila,4571.3,0.0,519.1,4052.2
TXN-13319,2024-03-19 23:45:00,Poolside Bar,Patron Silver Tequila,4052.2,0.0,105.0,3947.2
TXN-13320,2024-03-20 18:00:00,Poolside Bar,Patron Silver Tequila,3947.2,0.0,338.1,3609.1
TXN-13321,2024-03-21 22:00:00,Poolside Bar,Patron Silver Tequila,3609.1,0.0,571.5,3037.6
TXN-13322,2024-03-22 22:15:00,Poolside Bar,Patron Silver Tequila,3037.6,0.0,952.0,2085.6
TXN-13323,2024-03-23 19:45:00,Poolside Bar,Patron Silver Tequila,2085.6,0.0,1059.0,1026.6
TXN-13324,2024-03-24 18:30:00,Poolside Bar,Patron Silver Tequila,1026.6,9000.0,214.9,9811.7
TXN-13325,2024-03-25 18:00:00,Poolside Bar,Patron Silver Tequila,9811.7,0.0,42.8,9768.9
TXN-13326,2024-03-26 19:00:00,Poolside Bar,Patron Silver Tequila,9768.9,0.0,730.2,9038.7
TXN-13327,2024-03-27 22:45:00,Poolside Bar,Patron Silver Tequila,9038.7,0.0,282.3,8756.4
TXN-13328,2024-03-28 23:15:00,Poolside Bar,Patron Silver Tequila,8756.4,0.0,395.4,8361.0
TXN-13329,2024-03-29 22:45:00,Poolside Bar,Patron Silver Tequila,8361.0,0.0,944.3,7416.7
TXN-13330,2024-03-30 20:45:00,Poolside Bar,Patron Silver Tequila,7416.7,0.0,690.2,6726.5
TXN-13331,2024-03-31 21:30:00,Poolside Bar,Patron Silver Tequila,6726.5,0.0,438.4,6288.1
TXN-13332,2024-04-01 21:45:00,Poolside Bar,Patron Silver Tequila,6288.1,0.0,696.4,5591.7
TXN-13333,2024-04-02 22:45:00,Poolside Bar,Patron Silver Tequila,5591.7,0.0,335.1,5256.6
TXN-13334,2024-04-03 19:15:00,Poolside Bar,Patron Silver Tequila,5256.6,0.0,244.4,5012.2
TXN-13335,2024-04-04 20:00:00,Poolside Bar,Patron Silver Tequila,5012.2,0.0,508.1,4504.1
TXN-13336,2024-04-05 18:15:00,Poolside Bar,Patron Silver Tequila,4504.1,0.0,1063.3,3440.8
TXN-13337,2024-04-06 23:00:00,Poolside Bar,Patron Silver Tequila,3440.8,0.0,1066.4,2374.4
TXN-13338,2024-04-07 20:00:00,Poolside Bar,Patron Silver Tequila,2374.4,0.0,435.7,1938.7
TXN-13339,2024-04-08 22:15:00,Poolside Bar,Patron Silver Tequila,1938.7,0.0,379.0,1559.7
TXN-13340,2024-04-09 22:30:00,Poolside Bar,Patron Silver Tequila,1559.7,0.0,640.3,919.4
TXN-13341,2024-04-10 23:45:00,Poolside Bar,Patron Silver Tequila,919.4,9000.0,351.0,9568.4
TXN-13342,2024-04-11 21:45:00,Poolside Bar,Patron Silver Tequila,9568.4,0.0,385.3,9183.1
TXN-13343,2024-04-12 20:00:00,Poolside Bar,Patron Silver Tequila,9183.1,0.0,934.1,8249.0
TXN-13344,2024-04-13 22:30:00,Poolside Bar,Patron Silver Tequila,8249.0,0.0,884.3,7364.7
TXN-13345,2024-04-14 20:00:00,Poolside Bar,Patron Silver Tequila,7364.7,0.0,379.4,6985.3
TXN-13346,2024-04-15 21:00:00,Poolside Bar,Patron Silver Tequila,6985.3,0.0,484.4,6500.9
TXN-13347,2024-04-16 19:45:00,Poolside Bar,Patron Silver Tequila,6500.9,0.0,482.6,6018.3
TXN-13348,2024-04-17 21:30:00,Poolside Bar,Patron Silver Tequila,6018.3,0.0,291.4,5726.9
TXN-13349,2024-04-18 18:00:00,Poolside Bar,Patron Silver Tequila,5726.9,0.0,346.9,5380.0
TXN-13350,2024-04-19 18:45:00,Poolside Bar,Patron Silver Tequila,5380.0,0.0,955.9,4424.1
TXN-13351,2024-04-20 18:45:00,Poolside Bar,Patron Silver Tequila,4424.1,0.0,1046.9,3377.2
TXN-13352,2024-04-21 22:00:00,Poolside Bar,Patron Silver Tequila,3377.2,0.0,382.8,2994.4
TXN-13353,2024-04-22 21:30:00,Poolside Bar,Patron Silver Tequila,2994.4,0.0,428.0,2566.4
TXN-13354,2024-04-23 23:30:00,Poolside Bar,Patron Silver Tequila,2566.4,0.0,403.5,2162.9
TXN-13355,2024-04-24 21:45:00,Poolside Bar,Patron Silver Tequila,2162.9,0.0,307.4,1855.5
TXN-13356,2024-04-25 23:45:00,Poolside Bar,Patron Silver Tequila,1855.5,0.0,516.7,1338.8
TXN-13357,2024-04-26 23:00:00,Poolside Bar,Patron Silver Tequila,1338.8,13500.0,1136.7,13702.1
TXN-13358,2024-04-27 18:30:00,Poolside Bar,Patron Silver Tequila,13702.1,0.0,1159.2,12542.9
TXN-13359,2024-04-28 18:00:00,Poolside Bar,Patron Silver Tequila,12542.9,0.0,455.4,12087.5
TXN-13360,2024-04-29 20:00:00,Poolside Bar,Patron Silver Tequila,12087.5,0.0,598.9,11488.6
TXN-13361,2024-04-30 23:15:00,Poolside Bar,Patron Silver Tequila,11488.6,0.0,409.4,11079.2
TXN-13362,2024-05-01 20:00:00,Poolside Bar,Patron Silver Tequila,11079.2,0.0,521.6,10557.6
TXN-13363,2024-05-02 23:15:00,Poolside Bar,Patron Silver Tequila,10557.6,0.0,250.1,10307.5
TXN-13364,2024-05-03 22:45:00,Poolside Bar,Patron Silver Tequila,10307.5,0.0,1229.9,9077.6
TXN-13365,2024-05-04 20:15:00,Poolside Bar,Patron Silver Tequila,9077.6,0.0,729.3,8348.3
TXN-13366,2024-05-05 20:15:00,Poolside Bar,Patron Silver Tequila,8348.3,0.0,502.7,7845.6
TXN-13367,2024-05-06 23:45:00,Poolside Bar,Patron Silver Tequila,7845.6,0.0,679.6,7166.0
TXN-13368,2024-05-07 20:45:00,Poolside Bar,Patron Silver Tequila,7166.0,0.0,481.3,6684.7
TXN-13369,2024-05-08 23:45:00,Poolside Bar,Patron Silver Tequila,6684.7,0.0,681.8,6002.9
TXN-13370,2024-05-09 20:30:00,Poolside Bar,Patron Silver Tequila,6002.9,0.0,348.7,5654.2
TXN-13371,2024-05-10 23:45:00,Poolside Bar,Patron Silver Tequila,5654.2,0.0,924.3,4729.9
TXN-13372,2024-05-11 19:30:00,Poolside Bar,Patron Silver Tequila,4729.9,0.0,844.4,3885.5
TXN-13373,2024-05-12 19:45:00,Poolside Bar,Patron Silver Tequila,3885.5,0.0,551.8,3333.7
TXN-13374,2024-05-13 18:45:00,Poolside Bar,Patron Silver Tequila,3333.7,0.0,450.0,2883.7
TXN-13375,2024-05-14 23:15:00,Poolside Bar,Patron Silver Tequila,2883.7,0.0,693.1,2190.6
TXN-13376,2024-05-15 19:30:00,Poolside Bar,Patron Silver Tequila,2190.6,0.0,720.9,1469.7
TXN-13377,2024-05-16 23:30:00,Poolside Bar,Patron Silver Tequila,1469.7,13500.0,590.6,14379.1
TXN-13378,2024-05-17 20:30:00,Poolside Bar,Patron Silver Tequila,14379.1,0.0,950.5,13428.6
TXN-13379,2024-05-18 20:30:00,Poolside Bar,Patron Silver Tequila,13428.6,0.0,711.5,12717.1
TXN-13380,2024-05-19 18:00:00,Poolside Bar,Patron Silver Tequila,12717.1,0.0,408.8,12308.3
TXN-13381,2024-05-20 19:00:00,Poolside Bar,Patron Silver Tequila,12308.3,0.0,477.7,11830.6
TXN-13382,2024-05-21 19:30:00,Poolside Bar,Patron Silver Tequila,11830.6,0.0,361.8,11468.8
TXN-13383,2024-05-22 20:00:00,Poolside Bar,Patron Silver Tequila,11468.8,0.0,461.9,11006.9
TXN-13384,2024-05-23 18:15:00,Poolside Bar,Patron Silver Tequila,11006.9,0.0,743.7,10263.2
TXN-13385,2024-05-24 22:15:00,Poolside Bar,Patron Silver Tequila,10263.2,0.0,1191.2,9072.0
TXN-13386,2024-05-25 18:30:00,Poolside Bar,Patron Silver Tequila,9072.0,0.0,1065.3,8006.7
TXN-13387,2024-05-26 21:15:00,Poolside Bar,Patron Silver Tequila,8006.7,0.0,599.7,7407.0
TXN-13388,2024-05-27 18:15:00,Poolside Bar,Patron Silver Tequila,7407.0,0.0,286.9,7120.1
TXN-13389,2024-05-28 20:30:00,Poolside Bar,Patron Silver Tequila,7120.1,0.0,702.0,6418.1
TXN-13390,2024-05-29 22:15:00,Poolside Bar,Patron Silver Tequila,6418.1,0.0,508.7,5909.4
TXN-13391,2024-05-30 21:15:00,Poolside Bar,Patron Silver Tequila,5909.4,0.0,532.2,5377.2
TXN-13392,2024-05-31 18:15:00,Poolside Bar,Patron Silver Tequila,5377.2,0.0,866.4,4510.8
TXN-13393,2024-06-01 20:15:00,Poolside Bar,Patron Silver Tequila,4510.8,0.0,1151.5,3359.3
TXN-13394,2024-06-02 23:00:00,Poolside Bar,Patron Silver Tequila,3359.3,0.0,542.0,2817.3
TXN-13395,2024-06-03 20:30:00,Poolside Bar,Patron Silver Tequila,2817.3,0.0,553.4,2263.9
TXN-13396,2024-06-04 22:30:00,Poolside Bar,Patron Silver Tequila,2263.9,0.0,524.5,1739.4
TXN-13397,2024-06-05 23:15:00,Poolside Bar,Patron Silver Tequila,1739.4,0.0,405.6,1333.8
TXN-13398,2024-06-06 20:15:00,Poolside Bar,Patron Silver Tequila,1333.8,9000.0,219.7,10114.1
TXN-13399,2024-06-07 23:45:00,Poolside Bar,Patron Silver Tequila,10114.1,0.0,1171.2,8942.9
TXN-13400,2024-06-08 22:15:00,Poolside Bar,Patron Silver Tequila,8942.9,0.0,882.8,8060.1
TXN-13401,2024-06-09 19:15:00,Poolside Bar,Patron Silver Tequila,8060.1,0.0,475.1,7585.0
TXN-13402,2024-06-10 19:45:00,Poolside Bar,Patron Silver Tequila,7585.0,0.0,424.0,7161.0
TXN-13403,2024-06-11 18:00:00,Poolside Bar,Patron Silver Tequila,7161.0,0.0,241.7,6919.3
TXN-13404,2024-06-12 23:30:00,Poolside Bar,Patron Silver Tequila,6919.3,0.0,372.5,6546.8
TXN-13405,2024-06-13 21:30:00,Poolside Bar,Patron Silver Tequila,6546.8,0.0,202.2,6344.6
TXN-13406,2024-06-14 19:15:00,Poolside Bar,Patron Silver Tequila,6344.6,0.0,1240.6,5104.0
TXN-13407,2024-06-15 20:15:00,Poolside Bar,Patron Silver Tequila,5104.0,0.0,1027.7,4076.3
TXN-13408,2024-06-16 23:00:00,Poolside Bar,Patron Silver Tequila,4076.3,0.0,334.7,3741.6
TXN-13409,2024-06-17 23:15:00,Poolside Bar,Patron Silver Tequila,3741.6,0.0,258.8,3482.8
TXN-13410,2024-06-18 20:00:00,Poolside Bar,Patron Silver Tequila,3482.8,0.0,619.5,2863.3
TXN-13411,2024-06-19 19:30:00,Poolside Bar,Patron Silver Tequila,2863.3,0.0,201.6,2661.7
TXN-13412,2024-06-20 22:15:00,Poolside Bar,Patron Silver Tequila,2661.7,0.0,650.1,2011.6
TXN-13413,2024-06-21 22:15:00,Poolside Bar,Patron Silver Tequila,2011.6,0.0,1021.1,990.5
TXN-13414,2024-06-22 18:30:00,Poolside Bar,Patron Silver Tequila,990.5,4500.0,1205.0,4285.5
TXN-13415,2024-06-23 22:30:00,Poolside Bar,Patron Silver Tequila,4285.5,0.0,402.6,3882.9
TXN-13416,2024-06-24 22:45:00,Poolside Bar,Patron Silver Tequila,3882.9,0.0,349.0,3533.9
TXN-13417,2024-06-25 22:30:00,Poolside Bar,Patron Silver Tequila,3533.9,0.0,323.8,3210.1
TXN-13418,2024-06-26 18:00:00,Poolside Bar,Patron Silver Tequila,3210.1,0.0,562.8,2647.3
TXN-13419,2024-06-27 21:00:00,Poolside Bar,Patron Silver Tequila,2647.3,0.0,434.1,2213.2
TXN-13420,2024-06-28 21:00:00,Poolside Bar,Patron Silver Tequila,2213.2,0.0,1039.7,1173.5
TXN-13421,2024-01-01 20:30:00,Poolside Bar,Remy Martin XO Cognac,7700.0,0.0,0.0,7700.0
TXN-13422,2024-01-02 23:15:00,Poolside Bar,Remy Martin XO Cognac,7700.0,0.0,145.9,7554.1
TXN-13423,2024-01-03 23:00:00,Poolside Bar,Remy Martin XO Cognac,7554.1,0.0,0.0,7554.1
TXN-13424,2024-01-04 23:15:00,Poolside Bar,Remy Martin XO Cognac,7554.1,0.0,0.0,7554.1
TXN-13425,2024-01-05 21:00:00,Poolside Bar,Remy Martin XO Cognac,7554.1,0.0,108.6,7445.5
TXN-13426,2024-01-06 18:15:00,Poolside Bar,Remy Martin XO Cognac,7445.5,0.0,85.2,7360.3
TXN-13427,2024-01-07 20:45:00,Poolside Bar,Remy Martin XO Cognac,7360.3,0.0,0.0,7360.3
TXN-13428,2024-01-08 20:45:00,Poolside Bar,Remy Martin XO Cognac,7360.3,0.0,0.0,7360.3
TXN-13429,2024-01-09 21:15:00,Poolside Bar,Remy Martin XO Cognac,7360.3,0.0,128.0,7232.3
TXN-13430,2024-01-10 18:00:00,Poolside Bar,Remy Martin XO Cognac,7232.3,0.0,224.8,7007.5
TXN-13431,2024-01-11 23:00:00,Poolside Bar,Remy Martin XO Cognac,7007.5,0.0,0.0,7007.5
TXN-13432,2024-01-12 18:30:00,Poolside Bar,Remy Martin XO Cognac,7007.5,0.0,115.7,6891.8
TXN-13433,2024-01-13 22:00:00,Poolside Bar,Remy Martin XO Cognac,6891.8,0.0,112.5,6779.3
TXN-13434,2024-01-14 23:15:00,Poolside Bar,Remy Martin XO Cognac,6779.3,0.0,0.0,6779.3
TXN-13435,2024-01-15 18:00:00,Poolside Bar,Remy Martin XO Cognac,6779.3,0.0,93.8,6685.5
TXN-13436,2024-01-16 21:45:00,Poolside Bar,Remy Martin XO Cognac,6685.5,0.0,0.0,6685.5
TXN-13437,2024-01-17 19:15:00,Poolside Bar,Remy Martin XO Cognac,6685.5,0.0,101.0,6584.5
TXN-13438,2024-01-18 18:00:00,Poolside Bar,Remy Martin XO Cognac,6584.5,0.0,146.4,6438.1
TXN-13439,2024-01-19 20:15:00,Poolside Bar,Remy Martin XO Cognac,6438.1,0.0,231.8,6206.3
TXN-13440,2024-01-20 20:45:00,Poolside Bar,Remy Martin XO Cognac,6206.3,0.0,206.2,6000.1
TXN-13441,2024-01-21 20:45:00,Poolside Bar,Remy Martin XO Cognac,6000.1,0.0,0.0,6000.1
TXN-13442,2024-01-22 21:45:00,Poolside Bar,Remy Martin XO Cognac,6000.1,0.0,59.1,5941.0
TXN-13443,2024-01-23 18:30:00,Poolside Bar,Remy Martin XO Cognac,5941.0,0.0,59.1,5881.9
TXN-13444,2024-01-24 19:15:00,Poolside Bar,Remy Martin XO Cognac,5881.9,0.0,160.2,5721.7
TXN-13445,2024-01-25 18:30:00,Poolside Bar,Remy Martin XO Cognac,5721.7,0.0,0.0,5721.7
TXN-13446,2024-01-26 20:45:00,Poolside Bar,Remy Martin XO Cognac,5721.7,0.0,78.2,5643.5
TXN-13447,2024-01-27 20:15:00,Poolside Bar,Remy Martin XO Cognac,5643.5,0.0,136.2,5507.3
TXN-13448,2024-01-28 21:00:00,Poolside Bar,Remy Martin XO Cognac,5507.3,0.0,98.3,5409.0
TXN-13449,2024-01-29 19:30:00,Poolside Bar,Remy Martin XO Cognac,5409.0,0.0,0.0,5409.0
TXN-13450,2024-01-30 22:45:00,Poolside Bar,Remy Martin XO Cognac,5409.0,0.0,0.0,5409.0
TXN-13451,2024-01-31 22:15:00,Poolside Bar,Remy Martin XO Cognac,5409.0,0.0,0.0,5409.0
TXN-13452,2024-02-01 18:45:00,Poolside Bar,Remy Martin XO Cognac,5409.0,0.0,0.0,5409.0
TXN-13453,2024-02-02 23:30:00,Poolside Bar,Remy Martin XO Cognac,5409.0,0.0,50.9,5358.1
TXN-13454,2024-02-03 19:15:00,Poolside Bar,Remy Martin XO Cognac,5358.1,0.0,146.4,5211.7
TXN-13455,2024-02-04 21:30:00,Poolside Bar,Remy Martin XO Cognac,5211.7,0.0,0.0,5211.7
TXN-13456,2024-02-05 19:30:00,Poolside Bar,Remy Martin XO Cognac,5211.7,0.0,89.2,5122.5
TXN-13457,2024-02-06 22:30:00,Poolside Bar,Remy Martin XO Cognac,5122.5,0.0,0.0,5122.5
TXN-13458,2024-02-07 20:15:00,Poolside Bar,Remy Martin XO Cognac,5122.5,0.0,0.0,5122.5
TXN-13459,2024-02-08 21:00:00,Poolside Bar,Remy Martin XO Cognac,5122.5,0.0,115.7,5006.8
TXN-13460,2024-02-09 19:15:00,Poolside Bar,Remy Martin XO Cognac,5006.8,0.0,176.5,4830.3
TXN-13461,2024-02-10 21:15:00,Poolside Bar,Remy Martin XO Cognac,4830.3,0.0,147.5,4682.8
TXN-13462,2024-02-11 23:30:00,Poolside Bar,Remy Martin XO Cognac,4682.8,0.0,66.6,4616.2
TXN-13463,2024-02-12 18:45:00,Poolside Bar,Remy Martin XO Cognac,4616.2,0.0,0.0,4616.2
TXN-13464,2024-02-13 18:00:00,Poolside Bar,Remy Martin XO Cognac,4616.2,0.0,118.7,4497.5
TXN-13465,2024-02-14 19:15:00,Poolside Bar,Remy Martin XO Cognac,4497.5,0.0,28.2,4469.3
TXN-13466,2024-02-15 22:45:00,Poolside Bar,Remy Martin XO Cognac,4469.3,0.0,109.8,4359.5
TXN-13467,2024-02-16 18:45:00,Poolside Bar,Remy Martin XO Cognac,4359.5,0.0,111.6,4247.9
TXN-13468,2024-02-17 21:45:00,Poolside Bar,Remy Martin XO Cognac,4247.9,0.0,102.4,4145.5
TXN-13469,2024-02-18 18:15:00,Poolside Bar,Remy Martin XO Cognac,4145.5,0.0,144.4,4001.1
TXN-13470,2024-02-19 22:45:00,Poolside Bar,Remy Martin XO Cognac,4001.1,0.0,32.6,3968.5
TXN-13471,2024-02-20 22:00:00,Poolside Bar,Remy Martin XO Cognac,3968.5,0.0,103.0,3865.5
TXN-13472,2024-02-21 19:15:00,Poolside Bar,Remy Martin XO Cognac,3865.5,0.0,28.3,3837.2
TXN-13473,2024-02-22 19:00:00,Poolside Bar,Remy Martin XO Cognac,3837.2,0.0,81.0,3756.2
TXN-13474,2024-02-23 20:15:00,Poolside Bar,Remy Martin XO Cognac,3756.2,0.0,144.8,3611.4
TXN-13475,2024-02-24 18:00:00,Poolside Bar,Remy Martin XO Cognac,3611.4,0.0,204.7,3406.7
TXN-13476,2024-02-25 22:45:00,Poolside Bar,Remy Martin XO Cognac,3406.7,0.0,116.8,3289.9
TXN-13477,2024-02-26 19:15:00,Poolside Bar,Remy Martin XO Cognac,3289.9,0.0,87.3,3202.6
TXN-13478,2024-02-27 19:00:00,Poolside Bar,Remy Martin XO Cognac,3202.6,0.0,166.4,3036.2
TXN-13479,2024-02-28 21:45:00,Poolside Bar,Remy Martin XO Cognac,3036.2,0.0,7.0,3029.2
TXN-13480,2024-02-29 22:15:00,Poolside Bar,Remy Martin XO Cognac,3029.2,0.0,118.4,2910.8
TXN-13481,2024-03-01 18:15:00,Poolside Bar,Remy Martin XO Cognac,2910.8,0.0,126.6,2784.2
TXN-13482,2024-03-02 21:00:00,Poolside Bar,Remy Martin XO Cognac,2784.2,0.0,63.6,2720.6
TXN-13483,2024-03-03 23:45:00,Poolside Bar,Remy Martin XO Cognac,2720.6,0.0,136.9,2583.7
TXN-13484,2024-03-04 21:45:00,Poolside Bar,Remy Martin XO Cognac,2583.7,0.0,75.2,2508.5
TXN-13485,2024-03-05 19:15:00,Poolside Bar,Remy Martin XO Cognac,2508.5,0.0,0.0,2508.5
TXN-13486,2024-03-06 22:30:00,Poolside Bar,Remy Martin XO Cognac,2508.5,0.0,0.0,2508.5
TXN-13487,2024-03-07 23:00:00,Poolside Bar,Remy Martin XO Cognac,2508.5,0.0,55.6,2452.9
TXN-13488,2024-03-08 21:45:00,Poolside Bar,Remy Martin XO Cognac,2452.9,0.0,179.9,2273.0
TXN-13489,2024-03-09 22:30:00,Poolside Bar,Remy Martin XO Cognac,2273.0,0.0,212.4,2060.6
TXN-13490,2024-03-10 21:00:00,Poolside Bar,Remy Martin XO Cognac,2060.6,0.0,0.0,2060.6
TXN-13491,2024-03-11 19:30:00,Poolside Bar,Remy Martin XO Cognac,2060.6,0.0,0.0,2060.6
TXN-13492,2024-03-12 21:45:00,Poolside Bar,Remy Martin XO Cognac,2060.6,0.0,140.9,1919.7
TXN-13493,2024-03-13 18:00:00,Poolside Bar,Remy Martin XO Cognac,1919.7,0.0,68.9,1850.8
TXN-13494,2024-03-14 21:15:00,Poolside Bar,Remy Martin XO Cognac,1850.8,0.0,22.8,1828.0
TXN-13495,2024-03-15 19:00:00,Poolside Bar,Remy Martin XO Cognac,1828.0,0.0,76.8,1751.2
TXN-13496,2024-03-16 22:15:00,Poolside Bar,Remy Martin XO Cognac,1751.2,0.0,103.3,1647.9
TXN-13497,2024-03-17 22:30:00,Poolside Bar,Remy Martin XO Cognac,1647.9,0.0,118.2,1529.7
TXN-13498,2024-03-18 23:30:00,Poolside Bar,Remy Martin XO Cognac,1529.7,0.0,120.6,1409.1
TXN-13499,2024-03-19 20:15:00,Poolside Bar,Remy Martin XO Cognac,1409.1,0.0,81.3,1327.8
TXN-13500,2024-03-20 20:15:00,Poolside Bar,Remy Martin XO Cognac,1327.8,12600.0,0.0,13927.8
TXN-13501,2024-03-21 22:30:00,Poolside Bar,Remy Martin XO Cognac,13927.8,0.0,87.2,13840.6
TXN-13502,2024-03-22 23:30:00,Poolside Bar,Remy Martin XO Cognac,13840.6,0.0,171.2,13669.4
TXN-13503,2024-03-23 21:30:00,Poolside Bar,Remy Martin XO Cognac,13669.4,0.0,140.6,13528.8
TXN-13504,2024-03-24 22:00:00,Poolside Bar,Remy Martin XO Cognac,13528.8,0.0,33.1,13495.7
TXN-13505,2024-03-25 23:00:00,Poolside Bar,Remy Martin XO Cognac,13495.7,0.0,0.0,13495.7
TXN-13506,2024-03-26 22:30:00,Poolside Bar,Remy Martin XO Cognac,13495.7,0.0,0.0,13495.7
TXN-13507,2024-03-27 20:00:00,Poolside Bar,Remy Martin XO Cognac,13495.7,0.0,0.0,13495.7
TXN-13508,2024-03-28 23:15:00,Poolside Bar,Remy Martin XO Cognac,13495.7,0.0,54.2,13441.5
TXN-13509,2024-03-29 22:45:00,Poolside Bar,Remy Martin XO Cognac,13441.5,0.0,199.0,13242.5
TXN-13510,2024-03-30 21:00:00,Poolside Bar,Remy Martin XO Cognac,13242.5,0.0,103.8,13138.7
TXN-13511,2024-03-31 22:30:00,Poolside Bar,Remy Martin XO Cognac,13138.7,0.0,150.3,12988.4
TXN-13512,2024-04-01 23:00:00,Poolside Bar,Remy Martin XO Cognac,12988.4,0.0,0.0,12988.4
TXN-13513,2024-04-02 20:45:00,Poolside Bar,Remy Martin XO Cognac,12988.4,0.0,16.6,12971.8
TXN-13514,2024-04-03 23:15:00,Poolside Bar,Remy Martin XO Cognac,12971.8,0.0,79.5,12892.3
TXN-13515,2024-04-04 20:45:00,Poolside Bar,Remy Martin XO Cognac,12892.3,0.0,126.7,12765.6
TXN-13516,2024-04-05 20:45:00,Poolside Bar,Remy Martin XO Cognac,12765.6,0.0,28.5,12737.1
TXN-13517,2024-04-06 22:30:00,Poolside Bar,Remy Martin XO Cognac,12737.1,0.0,183.4,12553.7
TXN-13518,2024-04-07 20:30:00,Poolside Bar,Remy Martin XO Cognac,12553.7,0.0,105.2,12448.5
TXN-13519,2024-04-08 20:45:00,Poolside Bar,Remy Martin XO Cognac,12448.5,0.0,0.0,12448.5
TXN-13520,2024-04-09 20:15:00,Poolside Bar,Remy Martin XO Cognac,12448.5,0.0,110.9,12337.6
TXN-13521,2024-04-10 19:15:00,Poolside Bar,Remy Martin XO Cognac,12337.6,0.0,0.0,12337.6
TXN-13522,2024-04-11 21:00:00,Poolside Bar,Remy Martin XO Cognac,12337.6,0.0,84.4,12253.2
TXN-13523,2024-04-12 20:15:00,Poolside Bar,Remy Martin XO Cognac,12253.2,0.0,25.8,12227.4
TXN-13524,2024-04-13 20:00:00,Poolside Bar,Remy Martin XO Cognac,12227.4,0.0,71.6,12155.8
TXN-13525,2024-04-14 23:45:00,Poolside Bar,Remy Martin XO Cognac,12155.8,0.0,79.6,12076.2
TXN-13526,2024-04-15 23:45:00,Poolside Bar,Remy Martin XO Cognac,12076.2,0.0,0.0,12076.2
TXN-13527,2024-04-16 18:45:00,Poolside Bar,Remy Martin XO Cognac,12076.2,0.0,168.8,11907.4
TXN-13528,2024-04-17 21:45:00,Poolside Bar,Remy Martin XO Cognac,11907.4,0.0,100.9,11806.5
TXN-13529,2024-04-18 23:30:00,Poolside Bar,Remy Martin XO Cognac,11806.5,0.0,0.0,11806.5
TXN-13530,2024-04-19 23:30:00,Poolside Bar,Remy Martin XO Cognac,11806.5,0.0,163.4,11643.1
TXN-13531,2024-04-20 20:45:00,Poolside Bar,Remy Martin XO Cognac,11643.1,0.0,111.7,11531.4
TXN-13532,2024-04-21 21:00:00,Poolside Bar,Remy Martin XO Cognac,11531.4,0.0,0.0,11531.4
TXN-13533,2024-04-22 22:45:00,Poolside Bar,Remy Martin XO Cognac,11531.4,0.0,0.0,11531.4
TXN-13534,2024-04-23 22:15:00,Poolside Bar,Remy Martin XO Cognac,11531.4,0.0,63.6,11467.8
TXN-13535,2024-04-24 19:15:00,Poolside Bar,Remy Martin XO Cognac,11467.8,0.0,0.0,11467.8
TXN-13536,2024-04-25 19:45:00,Poolside Bar,Remy Martin XO Cognac,11467.8,0.0,0.0,11467.8
TXN-13537,2024-04-26 22:00:00,Poolside Bar,Remy Martin XO Cognac,11467.8,0.0,208.1,11259.7
TXN-13538,2024-04-27 20:15:00,Poolside Bar,Remy Martin XO Cognac,11259.7,0.0,32.3,11227.4
TXN-13539,2024-04-28 20:00:00,Poolside Bar,Remy Martin XO Cognac,11227.4,0.0,97.9,11129.5
TXN-13540,2024-04-29 19:45:00,Poolside Bar,Remy Martin XO Cognac,11129.5,0.0,92.7,11036.8
TXN-13541,2024-04-30 21:15:00,Poolside Bar,Remy Martin XO Cognac,11036.8,0.0,26.8,11010.0
TXN-13542,2024-05-01 22:15:00,Poolside Bar,Remy Martin XO Cognac,11010.0,0.0,54.8,10955.2
TXN-13543,2024-05-02 22:15:00,Poolside Bar,Remy Martin XO Cognac,10955.2,0.0,0.0,10955.2
TXN-13544,2024-05-03 21:15:00,Poolside Bar,Remy Martin XO Cognac,10955.2,0.0,150.9,10804.3
TXN-13545,2024-05-04 21:45:00,Poolside Bar,Remy Martin XO Cognac,10804.3,0.0,64.7,10739.6
TXN-13546,2024-05-05 23:45:00,Poolside Bar,Remy Martin XO Cognac,10739.6,0.0,121.7,10617.9
TXN-13547,2024-05-06 21:45:00,Poolside Bar,Remy Martin XO Cognac,10617.9,0.0,138.9,10479.0
TXN-13548,2024-05-07 18:45:00,Poolside Bar,Remy Martin XO Cognac,10479.0,0.0,178.8,10300.2
TXN-13549,2024-05-08 19:15:00,Poolside Bar,Remy Martin XO Cognac,10300.2,0.0,0.0,10300.2
TXN-13550,2024-05-09 19:30:00,Poolside Bar,Remy Martin XO Cognac,10300.2,0.0,0.0,10300.2
TXN-13551,2024-05-10 23:30:00,Poolside Bar,Remy Martin XO Cognac,10300.2,0.0,113.3,10186.9
TXN-13552,2024-05-11 19:30:00,Poolside Bar,Remy Martin XO Cognac,10186.9,0.0,203.9,9983.0
TXN-13553,2024-05-12 19:45:00,Poolside Bar,Remy Martin XO Cognac,9983.0,0.0,102.9,9880.1
TXN-13554,2024-05-13 21:45:00,Poolside Bar,Remy Martin XO Cognac,9880.1,0.0,83.9,9796.2
TXN-13555,2024-05-14 19:00:00,Poolside Bar,Remy Martin XO Cognac,9796.2,0.0,121.2,9675.0
TXN-13556,2024-05-15 20:45:00,Poolside Bar,Remy Martin XO Cognac,9675.0,0.0,107.7,9567.3
TXN-13557,2024-05-16 19:00:00,Poolside Bar,Remy Martin XO Cognac,9567.3,0.0,0.0,9567.3
TXN-13558,2024-05-17 22:30:00,Poolside Bar,Remy Martin XO Cognac,9567.3,0.0,112.3,9455.0
TXN-13559,2024-05-18 20:45:00,Poolside Bar,Remy Martin XO Cognac,9455.0,0.0,30.6,9424.4
TXN-13560,2024-05-19 18:15:00,Poolside Bar,Remy Martin XO Cognac,9424.4,0.0,0.0,9424.4
TXN-13561,2024-05-20 23:45:00,Poolside Bar,Remy Martin XO Cognac,9424.4,0.0,0.0,9424.4
TXN-13562,2024-05-21 21:00:00,Poolside Bar,Remy Martin XO Cognac,9424.4,0.0,0.0,9424.4
TXN-13563,2024-05-22 18:45:00,Poolside Bar,Remy Martin XO Cognac,9424.4,0.0,0.0,9424.4
TXN-13564,2024-05-23 23:15:00,Poolside Bar,Remy Martin XO Cognac,9424.4,0.0,144.4,9280.0
TXN-13565,2024-05-24 19:45:00,Poolside Bar,Remy Martin XO Cognac,9280.0,0.0,162.3,9117.7
TXN-13566,2024-05-25 22:00:00,Poolside Bar,Remy Martin XO Cognac,9117.7,0.0,200.9,8916.8
TXN-13567,2024-05-26 20:45:00,Poolside Bar,Remy Martin XO Cognac,8916.8,0.0,50.8,8866.0
TXN-13568,2024-05-27 19:30:00,Poolside Bar,Remy Martin XO Cognac,8866.0,0.0,0.0,8866.0
TXN-13569,2024-05-28 20:00:00,Poolside Bar,Remy Martin XO Cognac,8866.0,0.0,30.3,8835.7
TXN-13570,2024-05-29 22:15:00,Poolside Bar,Remy Martin XO Cognac,8835.7,0.0,118.7,8717.0
TXN-13571,2024-05-30 21:30:00,Poolside Bar,Remy Martin XO Cognac,8717.0,0.0,208.3,8508.7
TXN-13572,2024-05-31 22:00:00,Poolside Bar,Remy Martin XO Cognac,8508.7,0.0,113.2,8395.5
TXN-13573,2024-06-01 23:00:00,Poolside Bar,Remy Martin XO Cognac,8395.5,0.0,123.1,8272.4
TXN-13574,2024-06-02 22:30:00,Poolside Bar,Remy Martin XO Cognac,8272.4,0.0,0.0,8272.4
TXN-13575,2024-06-03 18:00:00,Poolside Bar,Remy Martin XO Cognac,8272.4,0.0,114.7,8157.7
TXN-13576,2024-06-04 18:00:00,Poolside Bar,Remy Martin XO Cognac,8157.7,0.0,57.0,8100.7
TXN-13577,2024-06-05 23:30:00,Poolside Bar,Remy Martin XO Cognac,8100.7,0.0,200.4,7900.3
TXN-13578,2024-06-06 21:00:00,Poolside Bar,Remy Martin XO Cognac,7900.3,0.0,188.2,7712.1
TXN-13579,2024-06-07 20:45:00,Poolside Bar,Remy Martin XO Cognac,7712.1,0.0,114.8,7597.3
TXN-13580,2024-06-08 18:15:00,Poolside Bar,Remy Martin XO Cognac,7597.3,0.0,56.7,7540.6
TXN-13581,2024-06-09 21:15:00,Poolside Bar,Remy Martin XO Cognac,7540.6,0.0,67.8,7472.8
TXN-13582,2024-06-10 21:00:00,Poolside Bar,Remy Martin XO Cognac,7472.8,0.0,92.5,7380.3
TXN-13583,2024-06-11 21:45:00,Poolside Bar,Remy Martin XO Cognac,7380.3,0.0,0.0,7380.3
TXN-13584,2024-06-12 19:30:00,Poolside Bar,Remy Martin XO Cognac,7380.3,0.0,82.7,7297.6
TXN-13585,2024-06-13 19:00:00,Poolside Bar,Remy Martin XO Cognac,7297.6,0.0,0.0,7297.6
TXN-13586,2024-06-14 18:00:00,Poolside Bar,Remy Martin XO Cognac,7297.6,0.0,45.4,7252.2
TXN-13587,2024-06-15 22:30:00,Poolside Bar,Remy Martin XO Cognac,7252.2,0.0,251.2,7001.0
TXN-13588,2024-06-16 18:30:00,Poolside Bar,Remy Martin XO Cognac,7001.0,0.0,0.0,7001.0
TXN-13589,2024-06-17 23:30:00,Poolside Bar,Remy Martin XO Cognac,7001.0,0.0,100.3,6900.7
TXN-13590,2024-06-18 18:30:00,Poolside Bar,Remy Martin XO Cognac,6900.7,0.0,0.0,6900.7
TXN-13591,2024-06-19 22:00:00,Poolside Bar,Remy Martin XO Cognac,6900.7,0.0,155.1,6745.6
TXN-13592,2024-06-20 20:15:00,Poolside Bar,Remy Martin XO Cognac,6745.6,0.0,181.3,6564.3
TXN-13593,2024-06-21 18:00:00,Poolside Bar,Remy Martin XO Cognac,6564.3,0.0,87.7,6476.6
TXN-13594,2024-06-22 18:30:00,Poolside Bar,Remy Martin XO Cognac,6476.6,0.0,270.5,6206.1
TXN-13595,2024-06-23 19:15:00,Poolside Bar,Remy Martin XO Cognac,6206.1,0.0,0.0,6206.1
TXN-13596,2024-06-24 19:00:00,Poolside Bar,Remy Martin XO Cognac,6206.1,0.0,169.3,6036.8
TXN-13597,2024-06-25 19:45:00,Poolside Bar,Remy Martin XO Cognac,6036.8,0.0,0.0,6036.8
TXN-13598,2024-06-26 18:15:00,Poolside Bar,Remy Martin XO Cognac,6036.8,0.0,0.0,6036.8
TXN-13599,2024-06-27 21:15:00,Poolside Bar,Remy Martin XO Cognac,6036.8,0.0,89.8,5947.0
TXN-13600,2024-06-28 20:30:00,Poolside Bar,Remy Martin XO Cognac,5947.0,0.0,227.4,5719.6
TXN-13601,2024-01-01 23:30:00,Poolside Bar,Chartreuse Herbal Liqueur,5600.0,0.0,0.0,5600.0
TXN-13602,2024-01-02 22:00:00,Poolside Bar,Chartreuse Herbal Liqueur,5600.0,0.0,0.0,5600.0
TXN-13603,2024-01-03 18:45:00,Poolside Bar,Chartreuse Herbal Liqueur,5600.0,0.0,67.7,5532.3
TXN-13604,2024-01-04 19:00:00,Poolside Bar,Chartreuse Herbal Liqueur,5532.3,0.0,69.5,5462.8
TXN-13605,2024-01-05 20:30:00,Poolside Bar,Chartreuse Herbal Liqueur,5462.8,0.0,57.6,5405.2
TXN-13606,2024-01-06 22:30:00,Poolside Bar,Chartreuse Herbal Liqueur,5405.2,0.0,100.7,5304.5
TXN-13607,2024-01-07 21:45:00,Poolside Bar,Chartreuse Herbal Liqueur,5304.5,0.0,64.4,5240.1
TXN-13608,2024-01-08 20:45:00,Poolside Bar,Chartreuse Herbal Liqueur,5240.1,0.0,56.3,5173.8
TXN-13609,2024-01-09 19:30:00,Poolside Bar,Chartreuse Herbal Liqueur,5183.8,0.0,95.4,5088.4
TXN-13610,2024-01-10 20:00:00,Poolside Bar,Chartreuse Herbal Liqueur,5088.4,0.0,40.9,5047.5
TXN-13611,2024-01-11 22:15:00,Poolside Bar,Chartreuse Herbal Liqueur,5047.5,0.0,0.0,5047.5
TXN-13612,2024-01-12 23:45:00,Poolside Bar,Chartreuse Herbal Liqueur,5047.5,0.0,92.0,4955.5
TXN-13613,2024-01-13 18:30:00,Poolside Bar,Chartreuse Herbal Liqueur,4955.5,0.0,14.5,4941.0
TXN-13614,2024-01-14 21:15:00,Poolside Bar,Chartreuse Herbal Liqueur,4941.0,0.0,60.3,4880.7
TXN-13615,2024-01-15 21:00:00,Poolside Bar,Chartreuse Herbal Liqueur,4880.7,0.0,38.9,4841.8
TXN-13616,2024-01-16 22:45:00,Poolside Bar,Chartreuse Herbal Liqueur,4841.8,0.0,37.1,4804.7
TXN-13617,2024-01-17 21:15:00,Poolside Bar,Chartreuse Herbal Liqueur,4804.7,0.0,0.0,4804.7
TXN-13618,2024-01-18 20:15:00,Poolside Bar,Chartreuse Herbal Liqueur,4804.7,0.0,0.0,4804.7
TXN-13619,2024-01-19 18:00:00,Poolside Bar,Chartreuse Herbal Liqueur,4804.7,0.0,84.8,4719.9
TXN-13620,2024-01-20 23:00:00,Poolside Bar,Chartreuse Herbal Liqueur,4719.9,0.0,69.5,4650.4
TXN-13621,2024-01-21 18:15:00,Poolside Bar,Chartreuse Herbal Liqueur,4650.4,0.0,14.9,4635.5
TXN-13622,2024-01-22 21:15:00,Poolside Bar,Chartreuse Herbal Liqueur,4635.5,0.0,89.6,4545.9
TXN-13623,2024-01-23 21:30:00,Poolside Bar,Chartreuse Herbal Liqueur,4545.9,0.0,0.0,4545.9
TXN-13624,2024-01-24 23:15:00,Poolside Bar,Chartreuse Herbal Liqueur,4545.9,0.0,41.3,4504.6
TXN-13625,2024-01-25 19:30:00,Poolside Bar,Chartreuse Herbal Liqueur,4504.6,0.0,0.0,4504.6
TXN-13626,2024-01-26 18:30:00,Poolside Bar,Chartreuse Herbal Liqueur,4504.6,0.0,85.1,4419.5
TXN-13627,2024-01-27 20:45:00,Poolside Bar,Chartreuse Herbal Liqueur,4419.5,0.0,72.0,4347.5
TXN-13628,2024-01-28 20:30:00,Poolside Bar,Chartreuse Herbal Liqueur,4347.5,0.0,26.3,4321.2
TXN-13629,2024-01-29 18:30:00,Poolside Bar,Chartreuse Herbal Liqueur,4321.2,0.0,22.8,4298.4
TXN-13630,2024-01-30 23:00:00,Poolside Bar,Chartreuse Herbal Liqueur,4298.4,0.0,0.0,4298.4
TXN-13631,2024-01-31 23:30:00,Poolside Bar,Chartreuse Herbal Liqueur,4298.4,0.0,0.0,4298.4
TXN-13632,2024-02-01 19:15:00,Poolside Bar,Chartreuse Herbal Liqueur,4298.4,0.0,14.3,4284.1
TXN-13633,2024-02-02 23:45:00,Poolside Bar,Chartreuse Herbal Liqueur,4284.1,0.0,27.8,4256.3
TXN-13634,2024-02-03 19:15:00,Poolside Bar,Chartreuse Herbal Liqueur,4256.3,0.0,54.2,4202.1
TXN-13635,2024-02-04 22:00:00,Poolside Bar,Chartreuse Herbal Liqueur,4202.1,0.0,0.0,4202.1
TXN-13636,2024-02-05 18:30:00,Poolside Bar,Chartreuse Herbal Liqueur,4202.1,0.0,48.3,4153.8
TXN-13637,2024-02-06 22:45:00,Poolside Bar,Chartreuse Herbal Liqueur,4153.8,0.0,0.0,4153.8
TXN-13638,2024-02-07 18:45:00,Poolside Bar,Chartreuse Herbal Liqueur,4153.8,0.0,123.5,4030.3
TXN-13639,2024-02-08 21:30:00,Poolside Bar,Chartreuse Herbal Liqueur,4030.3,0.0,0.0,4030.3
TXN-13640,2024-02-09 18:15:00,Poolside Bar,Chartreuse Herbal Liqueur,4030.3,0.0,0.0,4030.3
TXN-13641,2024-02-10 22:30:00,Poolside Bar,Chartreuse Herbal Liqueur,4030.3,0.0,72.9,3957.4
TXN-13642,2024-02-11 23:15:00,Poolside Bar,Chartreuse Herbal Liqueur,3957.4,0.0,14.3,3943.1
TXN-13643,2024-02-12 21:30:00,Poolside Bar,Chartreuse Herbal Liqueur,3943.1,0.0,0.0,3943.1
TXN-13644,2024-02-13 23:45:00,Poolside Bar,Chartreuse Herbal Liqueur,3943.1,0.0,0.0,3943.1
TXN-13645,2024-02-14 18:15:00,Poolside Bar,Chartreuse Herbal Liqueur,3943.1,0.0,0.0,3943.1
TXN-13646,2024-02-15 23:30:00,Poolside Bar,Chartreuse Herbal Liqueur,3943.1,0.0,0.0,3943.1
TXN-13647,2024-02-16 18:00:00,Poolside Bar,Chartreuse Herbal Liqueur,3943.1,0.0,62.5,3880.6
TXN-13648,2024-02-17 21:15:00,Poolside Bar,Chartreuse Herbal Liqueur,3880.6,0.0,0.0,3880.6
TXN-13649,2024-02-18 23:45:00,Poolside Bar,Chartreuse Herbal Liqueur,3880.6,0.0,89.4,3791.2
TXN-13650,2024-02-19 20:15:00,Poolside Bar,Chartreuse Herbal Liqueur,3791.2,0.0,64.4,3726.8
TXN-13651,2024-02-20 19:00:00,Poolside Bar,Chartreuse Herbal Liqueur,3726.8,0.0,12.0,3704.8
TXN-13652,2024-02-21 21:15:00,Poolside Bar,Chartreuse Herbal Liqueur,3714.8,0.0,74.7,3640.1
TXN-13653,2024-02-22 21:30:00,Poolside Bar,Chartreuse Herbal Liqueur,3640.1,0.0,0.0,3640.1
TXN-13654,2024-02-23 19:45:00,Poolside Bar,Chartreuse Herbal Liqueur,3640.1,0.0,41.4,3598.7
TXN-13655,2024-02-24 18:45:00,Poolside Bar,Chartreuse Herbal Liqueur,3598.7,0.0,0.0,3598.7
TXN-13656,2024-02-25 19:00:00,Poolside Bar,Chartreuse Herbal Liqueur,3598.7,0.0,24.0,3574.7
TXN-13657,2024-02-26 19:45:00,Poolside Bar,Chartreuse Herbal Liqueur,3574.7,0.0,39.0,3535.7
TXN-13658,2024-02-27 23:30:00,Poolside Bar,Chartreuse Herbal Liqueur,3535.7,0.0,68.2,3467.5
TXN-13659,2024-02-28 21:30:00,Poolside Bar,Chartreuse Herbal Liqueur,3467.5,0.0,0.0,3467.5
TXN-13660,2024-02-29 23:15:00,Poolside Bar,Chartreuse Herbal Liqueur,3467.5,0.0,57.5,3410.0
TXN-13661,2024-03-01 23:30:00,Poolside Bar,Chartreuse Herbal Liqueur,3410.0,0.0,121.2,3288.8
TXN-13662,2024-03-02 22:45:00,Poolside Bar,Chartreuse Herbal Liqueur,3288.8,0.0,21.2,3257.6
TXN-13663,2024-03-03 21:15:00,Poolside Bar,Chartreuse Herbal Liqueur,3267.6,0.0,19.3,3248.3
TXN-13664,2024-03-04 18:45:00,Poolside Bar,Chartreuse Herbal Liqueur,3248.3,0.0,0.0,3248.3
TXN-13665,2024-03-05 22:00:00,Poolside Bar,Chartreuse Herbal Liqueur,3248.3,0.0,0.0,3248.3
TXN-13666,2024-03-06 19:30:00,Poolside Bar,Chartreuse Herbal Liqueur,3248.3,0.0,0.0,3248.3
TXN-13667,2024-03-07 21:30:00,Poolside Bar,Chartreuse Herbal Liqueur,3248.3,0.0,0.0,3248.3
TXN-13668,2024-03-08 20:15:00,Poolside Bar,Chartreuse Herbal Liqueur,3248.3,0.0,61.9,3186.4
TXN-13669,2024-03-09 22:30:00,Poolside Bar,Chartreuse Herbal Liqueur,3186.4,0.0,16.9,3169.5
TXN-13670,2024-03-10 21:15:00,Poolside Bar,Chartreuse Herbal Liqueur,3169.5,0.0,0.0,3169.5
TXN-13671,2024-03-11 18:15:00,Poolside Bar,Chartreuse Herbal Liqueur,3169.5,0.0,0.0,3169.5
TXN-13672,2024-03-12 20:30:00,Poolside Bar,Chartreuse Herbal Liqueur,3169.5,0.0,0.0,3169.5
TXN-13673,2024-03-13 23:15:00,Poolside Bar,Chartreuse Herbal Liqueur,3169.5,0.0,91.8,3077.7
TXN-13674,2024-03-14 19:00:00,Poolside Bar,Chartreuse Herbal Liqueur,3077.7,0.0,0.0,3077.7
TXN-13675,2024-03-15 20:45:00,Poolside Bar,Chartreuse Herbal Liqueur,3077.7,0.0,100.7,2977.0
TXN-13676,2024-03-16 23:30:00,Poolside Bar,Chartreuse Herbal Liqueur,2977.0,0.0,58.1,2918.9
TXN-13677,2024-03-17 21:00:00,Poolside Bar,Chartreuse Herbal Liqueur,2918.9,0.0,0.0,2918.9
TXN-13678,2024-03-18 22:00:00,Poolside Bar,Chartreuse Herbal Liqueur,2918.9,0.0,0.0,2918.9
TXN-13679,2024-03-19 19:30:00,Poolside Bar,Chartreuse Herbal Liqueur,2918.9,0.0,0.0,2918.9
TXN-13680,2024-03-20 23:30:00,Poolside Bar,Chartreuse Herbal Liqueur,2918.9,0.0,52.1,2866.8
TXN-13681,2024-03-21 19:30:00,Poolside Bar,Chartreuse Herbal Liqueur,2866.8,0.0,0.0,2866.8
TXN-13682,2024-03-22 23:15:00,Poolside Bar,Chartreuse Herbal Liqueur,2866.8,0.0,42.1,2824.7
TXN-13683,2024-03-23 21:00:00,Poolside Bar,Chartreuse Herbal Liqueur,2824.7,0.0,41.1,2783.6
TXN-13684,2024-03-24 19:15:00,Poolside Bar,Chartreuse Herbal Liqueur,2783.6,0.0,32.8,2750.8
TXN-13685,2024-03-25 18:45:00,Poolside Bar,Chartreuse Herbal Liqueur,2750.8,0.0,85.0,2655.8
TXN-13686,2024-03-26 22:15:00,Poolside Bar,Chartreuse Herbal Liqueur,2665.8,0.0,18.3,2647.5
TXN-13687,2024-03-27 20:15:00,Poolside Bar,Chartreuse Herbal Liqueur,2647.5,0.0,0.0,2647.5
TXN-13688,2024-03-28 18:00:00,Poolside Bar,Chartreuse Herbal Liqueur,2647.5,0.0,8.7,2638.8
TXN-13689,2024-03-29 22:30:00,Poolside Bar,Chartreuse Herbal Liqueur,2638.8,0.0,109.6,2529.2
TXN-13690,2024-03-30 18:15:00,Poolside Bar,Chartreuse Herbal Liqueur,2529.2,0.0,31.9,2517.3
TXN-13691,2024-03-31 18:15:00,Poolside Bar,Chartreuse Herbal Liqueur,2497.3,0.0,5.6,2491.7
TXN-13692,2024-04-01 20:30:00,Poolside Bar,Chartreuse Herbal Liqueur,2491.7,0.0,93.0,2398.7
TXN-13693,2024-04-02 21:30:00,Poolside Bar,Chartreuse Herbal Liqueur,2398.7,0.0,1.2,2397.5
TXN-13694,2024-04-03 20:00:00,Poolside Bar,Chartreuse Herbal Liqueur,2397.5,0.0,0.0,2397.5
TXN-13695,2024-04-04 23:45:00,Poolside Bar,Chartreuse Herbal Liqueur,2397.5,0.0,34.9,2362.6
TXN-13696,2024-04-05 19:30:00,Poolside Bar,Chartreuse Herbal Liqueur,2362.6,0.0,67.2,2295.4
TXN-13697,2024-04-06 19:15:00,Poolside Bar,Chartreuse Herbal Liqueur,2295.4,0.0,60.5,2234.9
TXN-13698,2024-04-07 22:00:00,Poolside Bar,Chartreuse Herbal Liqueur,2234.9,0.0,87.8,2147.1
TXN-13699,2024-04-08 23:00:00,Poolside Bar,Chartreuse Herbal Liqueur,2147.1,0.0,39.1,2108.0
TXN-13700,2024-04-09 23:15:00,Poolside Bar,Chartreuse Herbal Liqueur,2108.0,0.0,39.3,2068.7
TXN-13701,2024-04-10 19:15:00,Poolside Bar,Chartreuse Herbal Liqueur,2068.7,0.0,82.6,1986.1
TXN-13702,2024-04-11 18:30:00,Poolside Bar,Chartreuse Herbal Liqueur,1986.1,0.0,0.0,1986.1
TXN-13703,2024-04-12 18:00:00,Poolside Bar,Chartreuse Herbal Liqueur,1986.1,0.0,26.6,1959.5
TXN-13704,2024-04-13 23:00:00,Poolside Bar,Chartreuse Herbal Liqueur,1959.5,0.0,104.4,1855.1
TXN-13705,2024-04-14 19:00:00,Poolside Bar,Chartreuse Herbal Liqueur,1855.1,0.0,103.5,1751.6
TXN-13706,2024-04-15 22:45:00,Poolside Bar,Chartreuse Herbal Liqueur,1751.6,0.0,96.0,1655.6
TXN-13707,2024-04-16 20:15:00,Poolside Bar,Chartreuse Herbal Liqueur,1655.6,0.0,65.7,1589.9
TXN-13708,2024-04-17 19:45:00,Poolside Bar,Chartreuse Herbal Liqueur,1589.9,0.0,0.0,1589.9
TXN-13709,2024-04-18 20:00:00,Poolside Bar,Chartreuse Herbal Liqueur,1589.9,0.0,7.3,1582.6
TXN-13710,2024-04-19 23:30:00,Poolside Bar,Chartreuse Herbal Liqueur,1582.6,0.0,50.1,1532.5
TXN-13711,2024-04-20 20:15:00,Poolside Bar,Chartreuse Herbal Liqueur,1532.5,0.0,78.7,1453.8
TXN-13712,2024-04-21 19:00:00,Poolside Bar,Chartreuse Herbal Liqueur,1453.8,0.0,118.2,1335.6
TXN-13713,2024-04-22 22:00:00,Poolside Bar,Chartreuse Herbal Liqueur,1335.6,4200.0,0.0,5535.6
TXN-13714,2024-04-23 20:00:00,Poolside Bar,Chartreuse Herbal Liqueur,5535.6,0.0,0.0,5535.6
TXN-13715,2024-04-24 21:15:00,Poolside Bar,Chartreuse Herbal Liqueur,5535.6,0.0,0.0,5535.6
TXN-13716,2024-04-25 19:45:00,Poolside Bar,Chartreuse Herbal Liqueur,5535.6,0.0,32.1,5503.5
TXN-13717,2024-04-26 19:00:00,Poolside Bar,Chartreuse Herbal Liqueur,5503.5,0.0,38.7,5464.8
TXN-13718,2024-04-27 22:45:00,Poolside Bar,Chartreuse Herbal Liqueur,5464.8,0.0,15.5,5449.3
TXN-13719,2024-04-28 23:45:00,Poolside Bar,Chartreuse Herbal Liqueur,5449.3,0.0,0.0,5449.3
TXN-13720,2024-04-29 20:45:00,Poolside Bar,Chartreuse Herbal Liqueur,5449.3,0.0,0.0,5449.3
TXN-13721,2024-04-30 22:45:00,Poolside Bar,Chartreuse Herbal Liqueur,5449.3,0.0,0.0,5449.3
TXN-13722,2024-05-01 22:15:00,Poolside Bar,Chartreuse Herbal Liqueur,5449.3,0.0,93.9,5340.4
TXN-13723,2024-05-02 19:00:00,Poolside Bar,Chartreuse Herbal Liqueur,5355.4,0.0,0.0,5355.4
TXN-13724,2024-05-03 18:00:00,Poolside Bar,Chartreuse Herbal Liqueur,5355.4,0.0,87.0,5268.4
TXN-13725,2024-05-04 18:45:00,Poolside Bar,Chartreuse Herbal Liqueur,5268.4,0.0,74.2,5194.2
TXN-13726,2024-05-05 19:15:00,Poolside Bar,Chartreuse Herbal Liqueur,5194.2,0.0,31.0,5163.2
TXN-13727,2024-05-06 19:30:00,Poolside Bar,Chartreuse Herbal Liqueur,5163.2,0.0,80.3,5082.9
TXN-13728,2024-05-07 23:45:00,Poolside Bar,Chartreuse Herbal Liqueur,5082.9,0.0,35.9,5047.0
TXN-13729,2024-05-08 19:45:00,Poolside Bar,Chartreuse Herbal Liqueur,5047.0,0.0,8.8,5038.2
TXN-13730,2024-05-09 21:45:00,Poolside Bar,Chartreuse Herbal Liqueur,5038.2,0.0,148.8,4889.4
TXN-13731,2024-05-10 18:30:00,Poolside Bar,Chartreuse Herbal Liqueur,4889.4,0.0,0.0,4889.4
TXN-13732,2024-05-11 20:00:00,Poolside Bar,Chartreuse Herbal Liqueur,4889.4,0.0,49.7,4839.7
TXN-13733,2024-05-12 22:15:00,Poolside Bar,Chartreuse Herbal Liqueur,4839.7,0.0,91.6,4748.1
TXN-13734,2024-05-13 20:30:00,Poolside Bar,Chartreuse Herbal Liqueur,4748.1,0.0,0.0,4748.1
TXN-13735,2024-05-14 22:30:00,Poolside Bar,Chartreuse Herbal Liqueur,4748.1,0.0,68.8,4679.3
TXN-13736,2024-05-15 20:45:00,Poolside Bar,Chartreuse Herbal Liqueur,4679.3,0.0,0.0,4679.3
TXN-13737,2024-05-16 19:30:00,Poolside Bar,Chartreuse Herbal Liqueur,4679.3,0.0,96.1,4583.2
TXN-13738,2024-05-17 19:15:00,Poolside Bar,Chartreuse Herbal Liqueur,4583.2,0.0,37.0,4546.2
TXN-13739,2024-05-18 22:15:00,Poolside Bar,Chartreuse Herbal Liqueur,4546.2,0.0,58.1,4488.1
TXN-13740,2024-05-19 19:15:00,Poolside Bar,Chartreuse Herbal Liqueur,4488.1,0.0,0.0,4488.1
TXN-13741,2024-05-20 20:15:00,Poolside Bar,Chartreuse Herbal Liqueur,4488.1,0.0,47.6,4440.5
TXN-13742,2024-05-21 22:15:00,Poolside Bar,Chartreuse Herbal Liqueur,4440.5,0.0,54.5,4386.0
TXN-13743,2024-05-22 22:45:00,Poolside Bar,Chartreuse Herbal Liqueur,4386.0,0.0,58.6,4327.4
TXN-13744,2024-05-23 19:30:00,Poolside Bar,Chartreuse Herbal Liqueur,4327.4,0.0,80.1,4247.3
TXN-13745,2024-05-24 20:45:00,Poolside Bar,Chartreuse Herbal Liqueur,4247.3,0.0,65.5,4181.8
TXN-13746,2024-05-25 20:00:00,Poolside Bar,Chartreuse Herbal Liqueur,4181.8,0.0,0.0,4181.8
TXN-13747,2024-05-26 22:30:00,Poolside Bar,Chartreuse Herbal Liqueur,4181.8,0.0,0.0,4181.8
TXN-13748,2024-05-27 21:45:00,Poolside Bar,Chartreuse Herbal Liqueur,4181.8,0.0,0.0,4181.8
TXN-13749,2024-05-28 23:30:00,Poolside Bar,Chartreuse Herbal Liqueur,4181.8,0.0,0.0,4181.8
TXN-13750,2024-05-29 19:45:00,Poolside Bar,Chartreuse Herbal Liqueur,4181.8,0.0,56.3,4125.5
TXN-13751,2024-05-30 19:30:00,Poolside Bar,Chartreuse Herbal Liqueur,4125.5,0.0,56.9,4068.6
TXN-13752,2024-05-31 20:15:00,Poolside Bar,Chartreuse Herbal Liqueur,4068.6,0.0,50.3,4018.3
TXN-13753,2024-06-01 23:30:00,Poolside Bar,Chartreuse Herbal Liqueur,4018.3,0.0,65.9,3952.4
TXN-13754,2024-06-02 20:00:00,Poolside Bar,Chartreuse Herbal Liqueur,3952.4,0.0,0.0,3952.4
TXN-13755,2024-06-03 18:00:00,Poolside Bar,Chartreuse Herbal Liqueur,3952.4,0.0,86.0,3866.4
TXN-13756,2024-06-04 22:30:00,Poolside Bar,Chartreuse Herbal Liqueur,3866.4,0.0,44.8,3821.6
TXN-13757,2024-06-05 18:45:00,Poolside Bar,Chartreuse Herbal Liqueur,3821.6,0.0,32.3,3789.3
TXN-13758,2024-06-06 23:00:00,Poolside Bar,Chartreuse Herbal Liqueur,3789.3,0.0,0.0,3789.3
TXN-13759,2024-06-07 21:15:00,Poolside Bar,Chartreuse Herbal Liqueur,3789.3,0.0,76.6,3712.7
TXN-13760,2024-06-08 20:30:00,Poolside Bar,Chartreuse Herbal Liqueur,3712.7,0.0,65.0,3647.7
TXN-13761,2024-06-09 19:45:00,Poolside Bar,Chartreuse Herbal Liqueur,3647.7,0.0,0.0,3647.7
TXN-13762,2024-06-10 20:15:00,Poolside Bar,Chartreuse Herbal Liqueur,3647.7,0.0,0.0,3647.7
TXN-13763,2024-06-11 18:30:00,Poolside Bar,Chartreuse Herbal Liqueur,3647.7,0.0,0.0,3647.7
TXN-13764,2024-06-12 20:45:00,Poolside Bar,Chartreuse Herbal Liqueur,3647.7,0.0,135.4,3512.3
TXN-13765,2024-06-13 23:00:00,Poolside Bar,Chartreuse Herbal Liqueur,3512.3,0.0,0.0,3512.3
TXN-13766,2024-06-14 20:30:00,Poolside Bar,Chartreuse Herbal Liqueur,3512.3,0.0,3.7,3508.6
TXN-13767,2024-06-15 23:15:00,Poolside Bar,Chartreuse Herbal Liqueur,3508.6,0.0,6.3,3502.3
TXN-13768,2024-06-16 18:15:00,Poolside Bar,Chartreuse Herbal Liqueur,3502.3,0.0,0.0,3502.3
TXN-13769,2024-06-17 18:30:00,Poolside Bar,Chartreuse Herbal Liqueur,3502.3,0.0,22.4,3479.9
TXN-13770,2024-06-18 18:30:00,Poolside Bar,Chartreuse Herbal Liqueur,3479.9,0.0,19.5,3460.4
TXN-13771,2024-06-19 22:45:00,Poolside Bar,Chartreuse Herbal Liqueur,3460.4,0.0,36.8,3423.6
TXN-13772,2024-06-20 18:00:00,Poolside Bar,Chartreuse Herbal Liqueur,3423.6,0.0,34.4,3389.2
TXN-13773,2024-06-21 22:15:00,Poolside Bar,Chartreuse Herbal Liqueur,3389.2,0.0,61.1,3328.1
TXN-13774,2024-06-22 21:15:00,Poolside Bar,Chartreuse Herbal Liqueur,3328.1,0.0,106.6,3221.5
TXN-13775,2024-06-23 20:30:00,Poolside Bar,Chartreuse Herbal Liqueur,3221.5,0.0,45.5,3176.0
TXN-13776,2024-06-24 20:45:00,Poolside Bar,Chartreuse Herbal Liqueur,3176.0,0.0,138.7,3037.3
TXN-13777,2024-06-25 21:45:00,Poolside Bar,Chartreuse Herbal Liqueur,3037.3,0.0,112.1,2925.2
TXN-13778,2024-06-26 19:00:00,Poolside Bar,Chartreuse Herbal Liqueur,2925.2,0.0,100.1,2825.1
TXN-13779,2024-06-27 20:30:00,Poolside Bar,Chartreuse Herbal Liqueur,2825.1,0.0,33.4,2791.7
TXN-13780,2024-06-28 23:30:00,Poolside Bar,Chartreuse Herbal Liqueur,2791.7,0.0,30.0,2761.7
TXN-13781,2024-01-01 21:15:00,Executive Lounge,Grey Goose Vodka,11000.0,0.0,466.7,10533.3
TXN-13782,2024-01-02 19:30:00,Executive Lounge,Grey Goose Vodka,10533.3,0.0,762.3,9771.0
TXN-13783,2024-01-03 18:45:00,Executive Lounge,Grey Goose Vodka,9771.0,0.0,880.8,8890.2
TXN-13784,2024-01-04 22:30:00,Executive Lounge,Grey Goose Vodka,8890.2,0.0,711.3,8178.9
TXN-13785,2024-01-05 20:00:00,Executive Lounge,Grey Goose Vodka,8178.9,0.0,1182.4,6996.5
TXN-13786,2024-01-06 19:00:00,Executive Lounge,Grey Goose Vodka,6996.5,0.0,1259.6,5736.9
TXN-13787,2024-01-07 22:45:00,Executive Lounge,Grey Goose Vodka,5736.9,0.0,715.4,5021.5
TXN-13788,2024-01-08 18:30:00,Executive Lounge,Grey Goose Vodka,5021.5,0.0,360.4,4661.1
TXN-13789,2024-01-09 21:15:00,Executive Lounge,Grey Goose Vodka,4661.1,0.0,478.7,4182.4
TXN-13790,2024-01-10 21:30:00,Executive Lounge,Grey Goose Vodka,4182.4,0.0,650.8,3531.6
TXN-13791,2024-01-11 18:30:00,Executive Lounge,Grey Goose Vodka,3531.6,0.0,665.6,2866.0
TXN-13792,2024-01-12 19:30:00,Executive Lounge,Grey Goose Vodka,2866.0,0.0,1337.2,1528.8
TXN-13793,2024-01-13 20:00:00,Executive Lounge,Grey Goose Vodka,1528.8,12000.0,1479.7,12049.1
TXN-13794,2024-01-14 21:15:00,Executive Lounge,Grey Goose Vodka,12049.1,0.0,580.7,11468.4
TXN-13795,2024-01-15 23:15:00,Executive Lounge,Grey Goose Vodka,11468.4,0.0,434.2,11034.2
TXN-13796,2024-01-16 21:45:00,Executive Lounge,Grey Goose Vodka,11034.2,0.0,598.3,10435.9
TXN-13797,2024-01-17 19:00:00,Executive Lounge,Grey Goose Vodka,10435.9,0.0,228.9,10207.0
TXN-13798,2024-01-18 22:45:00,Executive Lounge,Grey Goose Vodka,10207.0,0.0,960.6,9246.4
TXN-13799,2024-01-19 20:30:00,Executive Lounge,Grey Goose Vodka,9246.4,0.0,1558.5,7687.9
TXN-13800,2024-01-20 23:15:00,Executive Lounge,Grey Goose Vodka,7687.9,0.0,1190.3,6497.6
TXN-13801,2024-01-21 20:45:00,Executive Lounge,Grey Goose Vodka,6497.6,0.0,741.4,5756.2
TXN-13802,2024-01-22 22:15:00,Executive Lounge,Grey Goose Vodka,5756.2,0.0,295.1,5461.1
TXN-13803,2024-01-23 18:30:00,Executive Lounge,Grey Goose Vodka,5461.1,0.0,520.3,4940.8
TXN-13804,2024-01-24 23:00:00,Executive Lounge,Grey Goose Vodka,4940.8,0.0,432.5,4508.3
TXN-13805,2024-01-25 19:30:00,Executive Lounge,Grey Goose Vodka,4508.3,0.0,652.1,3856.2
TXN-13806,2024-01-26 22:00:00,Executive Lounge,Grey Goose Vodka,3856.2,0.0,1273.1,2583.1
TXN-13807,2024-01-27 19:45:00,Executive Lounge,Grey Goose Vodka,2583.1,0.0,1340.7,1242.4
TXN-13808,2024-01-28 23:30:00,Executive Lounge,Grey Goose Vodka,1242.4,6000.0,797.6,6444.8
TXN-13809,2024-01-29 19:15:00,Executive Lounge,Grey Goose Vodka,6444.8,0.0,592.7,5852.1
TXN-13810,2024-01-30 21:30:00,Executive Lounge,Grey Goose Vodka,5852.1,0.0,429.6,5422.5
TXN-13811,2024-01-31 18:30:00,Executive Lounge,Grey Goose Vodka,5422.5,0.0,470.2,4952.3
TXN-13812,2024-02-01 23:00:00,Executive Lounge,Grey Goose Vodka,4952.3,0.0,0.0,4952.3
TXN-13813,2024-02-02 23:45:00,Executive Lounge,Grey Goose Vodka,4952.3,0.0,1305.8,3646.5
TXN-13814,2024-02-03 20:30:00,Executive Lounge,Grey Goose Vodka,3646.5,0.0,1124.2,2522.3
TXN-13815,2024-02-04 20:15:00,Executive Lounge,Grey Goose Vodka,2522.3,0.0,403.7,2118.6
TXN-13816,2024-02-05 22:15:00,Executive Lounge,Grey Goose Vodka,2118.6,0.0,549.7,1568.9
TXN-13817,2024-02-06 23:15:00,Executive Lounge,Grey Goose Vodka,1568.9,18000.0,780.1,18788.8
TXN-13818,2024-02-07 23:30:00,Executive Lounge,Grey Goose Vodka,18788.8,0.0,462.4,18326.4
TXN-13819,2024-02-08 18:15:00,Executive Lounge,Grey Goose Vodka,18326.4,0.0,645.1,17681.3
TXN-13820,2024-02-09 23:45:00,Executive Lounge,Grey Goose Vodka,17681.3,0.0,1281.4,16399.9
TXN-13821,2024-02-10 19:30:00,Executive Lounge,Grey Goose Vodka,16399.9,0.0,1133.4,15266.5
TXN-13822,2024-02-11 19:15:00,Executive Lounge,Grey Goose Vodka,15266.5,0.0,640.8,14625.7
TXN-13823,2024-02-12 22:45:00,Executive Lounge,Grey Goose Vodka,14625.7,0.0,490.8,14134.9
TXN-13824,2024-02-13 19:30:00,Executive Lounge,Grey Goose Vodka,14134.9,0.0,532.8,13602.1
TXN-13825,2024-02-14 20:15:00,Executive Lounge,Grey Goose Vodka,13602.1,0.0,457.6,13144.5
TXN-13826,2024-02-15 22:00:00,Executive Lounge,Grey Goose Vodka,13144.5,0.0,834.4,12310.1
TXN-13827,2024-02-16 18:45:00,Executive Lounge,Grey Goose Vodka,12310.1,0.0,1316.3,10993.8
TXN-13828,2024-02-17 23:00:00,Executive Lounge,Grey Goose Vodka,10993.8,0.0,1443.8,9550.0
TXN-13829,2024-02-18 22:00:00,Executive Lounge,Grey Goose Vodka,9550.0,0.0,525.3,9024.7
TXN-13830,2024-02-19 18:30:00,Executive Lounge,Grey Goose Vodka,9024.7,0.0,769.4,8255.3
TXN-13831,2024-02-20 22:00:00,Executive Lounge,Grey Goose Vodka,8255.3,0.0,613.4,7641.9
TXN-13832,2024-02-21 20:30:00,Executive Lounge,Grey Goose Vodka,7641.9,0.0,656.5,6985.4
TXN-13833,2024-02-22 23:15:00,Executive Lounge,Grey Goose Vodka,6985.4,0.0,487.6,6497.8
TXN-13834,2024-02-23 18:00:00,Executive Lounge,Grey Goose Vodka,6497.8,0.0,1149.9,5347.9
TXN-13835,2024-02-24 22:30:00,Executive Lounge,Grey Goose Vodka,5347.9,0.0,1163.3,4184.6
TXN-13836,2024-02-25 21:45:00,Executive Lounge,Grey Goose Vodka,4184.6,0.0,650.1,3534.5
TXN-13837,2024-02-26 19:15:00,Executive Lounge,Grey Goose Vodka,3534.5,0.0,434.3,3100.2
TXN-13838,2024-02-27 21:15:00,Executive Lounge,Grey Goose Vodka,3100.2,0.0,791.0,2299.2
TXN-13839,2024-02-28 23:00:00,Executive Lounge,Grey Goose Vodka,2309.2,0.0,651.7,1657.5
TXN-13840,2024-02-29 20:15:00,Executive Lounge,Grey Goose Vodka,1657.5,12000.0,436.6,13220.9
TXN-13841,2024-03-01 23:00:00,Executive Lounge,Grey Goose Vodka,13220.9,0.0,1140.7,12080.2
TXN-13842,2024-03-02 19:30:00,Executive Lounge,Grey Goose Vodka,12080.2,0.0,1055.0,11025.2
TXN-13843,2024-03-03 23:45:00,Executive Lounge,Grey Goose Vodka,11025.2,0.0,696.0,10329.2
TXN-13844,2024-03-04 21:30:00,Executive Lounge,Grey Goose Vodka,10329.2,0.0,871.7,9457.5
TXN-13845,2024-03-05 23:45:00,Executive Lounge,Grey Goose Vodka,9457.5,0.0,317.7,9139.8
TXN-13846,2024-03-06 21:00:00,Executive Lounge,Grey Goose Vodka,9139.8,0.0,183.5,8956.3
TXN-13847,2024-03-07 18:00:00,Executive Lounge,Grey Goose Vodka,8956.3,0.0,471.5,8484.8
TXN-13848,2024-03-08 20:45:00,Executive Lounge,Grey Goose Vodka,8484.8,0.0,1389.3,7095.5
TXN-13849,2024-03-09 21:45:00,Executive Lounge,Grey Goose Vodka,7095.5,0.0,1338.6,5756.9
TXN-13850,2024-03-10 20:30:00,Executive Lounge,Grey Goose Vodka,5756.9,0.0,284.5,5472.4
TXN-13851,2024-03-11 19:45:00,Executive Lounge,Grey Goose Vodka,5472.4,0.0,617.3,4855.1
TXN-13852,2024-03-12 22:30:00,Executive Lounge,Grey Goose Vodka,4855.1,0.0,903.1,3952.0
TXN-13853,2024-03-13 18:00:00,Executive Lounge,Grey Goose Vodka,3952.0,0.0,174.1,3777.9
TXN-13854,2024-03-14 20:15:00,Executive Lounge,Grey Goose Vodka,3777.9,0.0,403.1,3374.8
TXN-13855,2024-03-15 20:30:00,Executive Lounge,Grey Goose Vodka,3374.8,0.0,1378.4,1996.4
TXN-13856,2024-03-16 22:00:00,Executive Lounge,Grey Goose Vodka,1996.4,12000.0,1124.5,12871.9
TXN-13857,2024-03-17 19:30:00,Executive Lounge,Grey Goose Vodka,12871.9,0.0,416.6,12455.3
TXN-13858,2024-03-18 22:00:00,Executive Lounge,Grey Goose Vodka,12455.3,0.0,467.8,11987.5
TXN-13859,2024-03-19 20:00:00,Executive Lounge,Grey Goose Vodka,11987.5,0.0,990.8,10996.7
TXN-13860,2024-03-20 23:30:00,Executive Lounge,Grey Goose Vodka,10996.7,0.0,604.9,10391.8
TXN-13861,2024-03-21 21:15:00,Executive Lounge,Grey Goose Vodka,10391.8,0.0,468.1,9923.7
TXN-13862,2024-03-22 23:45:00,Executive Lounge,Grey Goose Vodka,9923.7,0.0,1189.1,8734.6
TXN-13863,2024-03-23 23:00:00,Executive Lounge,Grey Goose Vodka,8734.6,0.0,1371.0,7363.6
TXN-13864,2024-03-24 18:15:00,Executive Lounge,Grey Goose Vodka,7363.6,0.0,711.2,6652.4
TXN-13865,2024-03-25 21:15:00,Executive Lounge,Grey Goose Vodka,6652.4,0.0,420.4,6232.0
TXN-13866,2024-03-26 18:45:00,Executive Lounge,Grey Goose Vodka,6232.0,0.0,354.2,5877.8
TXN-13867,2024-03-27 19:00:00,Executive Lounge,Grey Goose Vodka,5877.8,0.0,461.0,5416.8
TXN-13868,2024-03-28 20:15:00,Executive Lounge,Grey Goose Vodka,5416.8,0.0,769.6,4647.2
TXN-13869,2024-03-29 20:45:00,Executive Lounge,Grey Goose Vodka,4647.2,0.0,1505.1,3142.1
TXN-13870,2024-03-30 22:30:00,Executive Lounge,Grey Goose Vodka,3142.1,0.0,1328.3,1813.8
TXN-13871,2024-03-31 22:15:00,Executive Lounge,Grey Goose Vodka,1813.8,6000.0,582.2,7231.6
TXN-13872,2024-04-01 23:30:00,Executive Lounge,Grey Goose Vodka,7231.6,0.0,709.3,6522.3
TXN-13873,2024-04-02 19:00:00,Executive Lounge,Grey Goose Vodka,6522.3,0.0,740.9,5781.4
TXN-13874,2024-04-03 22:45:00,Executive Lounge,Grey Goose Vodka,5781.4,0.0,370.3,5411.1
TXN-13875,2024-04-04 23:15:00,Executive Lounge,Grey Goose Vodka,5411.1,0.0,642.2,4768.9
TXN-13876,2024-04-05 23:00:00,Executive Lounge,Grey Goose Vodka,4768.9,0.0,1458.4,3310.5
TXN-13877,2024-04-06 20:45:00,Executive Lounge,Grey Goose Vodka,3310.5,0.0,1270.2,2040.3
TXN-13878,2024-04-07 19:00:00,Executive Lounge,Grey Goose Vodka,2040.3,0.0,794.4,1245.9
TXN-13879,2024-04-08 19:30:00,Executive Lounge,Grey Goose Vodka,1245.9,18000.0,732.2,18513.7
TXN-13880,2024-04-09 22:45:00,Executive Lounge,Grey Goose Vodka,18513.7,0.0,838.4,17675.3
TXN-13881,2024-04-10 19:30:00,Executive Lounge,Grey Goose Vodka,17675.3,0.0,375.7,17299.6
TXN-13882,2024-04-11 20:45:00,Executive Lounge,Grey Goose Vodka,17299.6,0.0,667.2,16632.4
TXN-13883,2024-04-12 22:45:00,Executive Lounge,Grey Goose Vodka,16632.4,0.0,1260.6,15371.8
TXN-13884,2024-04-13 22:00:00,Executive Lounge,Grey Goose Vodka,15371.8,0.0,1240.0,14131.8
TXN-13885,2024-04-14 20:00:00,Executive Lounge,Grey Goose Vodka,14131.8,0.0,639.4,13492.4
TXN-13886,2024-04-15 20:15:00,Executive Lounge,Grey Goose Vodka,13492.4,0.0,361.3,13131.1
TXN-13887,2024-04-16 22:15:00,Executive Lounge,Grey Goose Vodka,13131.1,0.0,973.9,12157.2
TXN-13888,2024-04-17 21:15:00,Executive Lounge,Grey Goose Vodka,12157.2,0.0,637.9,11519.3
TXN-13889,2024-04-18 19:15:00,Executive Lounge,Grey Goose Vodka,11519.3,0.0,352.1,11167.2
TXN-13890,2024-04-19 19:30:00,Executive Lounge,Grey Goose Vodka,11167.2,0.0,1028.2,10129.0
TXN-13891,2024-04-20 19:30:00,Executive Lounge,Grey Goose Vodka,10139.0,0.0,1493.3,8645.7
TXN-13892,2024-04-21 20:00:00,Executive Lounge,Grey Goose Vodka,8645.7,0.0,489.1,8156.6
TXN-13893,2024-04-22 20:30:00,Executive Lounge,Grey Goose Vodka,8156.6,0.0,537.0,7619.6
TXN-13894,2024-04-23 22:15:00,Executive Lounge,Grey Goose Vodka,7619.6,0.0,764.8,6854.8
TXN-13895,2024-04-24 19:45:00,Executive Lounge,Grey Goose Vodka,6854.8,0.0,536.8,6318.0
TXN-13896,2024-04-25 20:15:00,Executive Lounge,Grey Goose Vodka,6318.0,0.0,569.3,5748.7
TXN-13897,2024-04-26 19:00:00,Executive Lounge,Grey Goose Vodka,5748.7,0.0,1338.0,4410.7
TXN-13898,2024-04-27 18:45:00,Executive Lounge,Grey Goose Vodka,4410.7,0.0,1285.1,3125.6
TXN-13899,2024-04-28 22:00:00,Executive Lounge,Grey Goose Vodka,3125.6,0.0,730.3,2395.3
TXN-13900,2024-04-29 19:30:00,Executive Lounge,Grey Goose Vodka,2395.3,0.0,563.3,1832.0
TXN-13901,2024-04-30 20:30:00,Executive Lounge,Grey Goose Vodka,1832.0,6000.0,661.6,7170.4
TXN-13902,2024-05-01 23:00:00,Executive Lounge,Grey Goose Vodka,7170.4,0.0,586.6,6583.8
TXN-13903,2024-05-02 20:30:00,Executive Lounge,Grey Goose Vodka,6583.8,0.0,705.5,5878.3
TXN-13904,2024-05-03 23:00:00,Executive Lounge,Grey Goose Vodka,5878.3,0.0,1236.7,4641.6
TXN-13905,2024-05-04 21:00:00,Executive Lounge,Grey Goose Vodka,4641.6,0.0,1868.4,2773.2
TXN-13906,2024-05-05 23:15:00,Executive Lounge,Grey Goose Vodka,2773.2,0.0,122.8,2650.4
TXN-13907,2024-05-06 18:15:00,Executive Lounge,Grey Goose Vodka,2650.4,0.0,155.0,2495.4
TXN-13908,2024-05-07 19:00:00,Executive Lounge,Grey Goose Vodka,2495.4,0.0,781.5,1713.9
TXN-13909,2024-05-08 22:15:00,Executive Lounge,Grey Goose Vodka,1713.9,6000.0,646.9,7067.0
TXN-13910,2024-05-09 21:00:00,Executive Lounge,Grey Goose Vodka,7067.0,0.0,485.3,6581.7
TXN-13911,2024-05-10 18:30:00,Executive Lounge,Grey Goose Vodka,6581.7,0.0,1354.1,5227.6
TXN-13912,2024-05-11 22:00:00,Executive Lounge,Grey Goose Vodka,5227.6,0.0,1530.9,3696.7
TXN-13913,2024-05-12 23:00:00,Executive Lounge,Grey Goose Vodka,3696.7,0.0,802.1,2894.6
TXN-13914,2024-05-13 19:30:00,Executive Lounge,Grey Goose Vodka,2894.6,0.0,361.7,2532.9
TXN-13915,2024-05-14 19:45:00,Executive Lounge,Grey Goose Vodka,2532.9,0.0,1026.6,1506.3
TXN-13916,2024-05-15 20:00:00,Executive Lounge,Grey Goose Vodka,1506.3,6000.0,84.3,7422.0
TXN-13917,2024-05-16 18:15:00,Executive Lounge,Grey Goose Vodka,7422.0,0.0,880.8,6541.2
TXN-13918,2024-05-17 22:45:00,Executive Lounge,Grey Goose Vodka,6541.2,0.0,1010.9,5530.3
TXN-13919,2024-05-18 21:45:00,Executive Lounge,Grey Goose Vodka,5530.3,0.0,1358.3,4172.0
TXN-13920,2024-05-19 23:45:00,Executive Lounge,Grey Goose Vodka,4172.0,0.0,424.4,3747.6
TXN-13921,2024-05-20 20:15:00,Executive Lounge,Grey Goose Vodka,3747.6,0.0,330.1,3417.5
TXN-13922,2024-05-21 22:45:00,Executive Lounge,Grey Goose Vodka,3417.5,0.0,439.5,2978.0
TXN-13923,2024-05-22 23:00:00,Executive Lounge,Grey Goose Vodka,2978.0,0.0,747.5,2230.5
TXN-13924,2024-05-23 23:30:00,Executive Lounge,Grey Goose Vodka,2230.5,0.0,269.0,1961.5
TXN-13925,2024-05-24 18:00:00,Executive Lounge,Grey Goose Vodka,1961.5,18000.0,1413.4,18548.1
TXN-13926,2024-05-25 21:45:00,Executive Lounge,Grey Goose Vodka,18548.1,0.0,1375.1,17173.0
TXN-13927,2024-05-26 20:45:00,Executive Lounge,Grey Goose Vodka,17173.0,0.0,709.2,16463.8
TXN-13928,2024-05-27 20:30:00,Executive Lounge,Grey Goose Vodka,16463.8,0.0,695.4,15768.4
TXN-13929,2024-05-28 21:30:00,Executive Lounge,Grey Goose Vodka,15768.4,0.0,290.9,15477.5
TXN-13930,2024-05-29 18:15:00,Executive Lounge,Grey Goose Vodka,15477.5,0.0,385.3,15092.2
TXN-13931,2024-05-30 23:15:00,Executive Lounge,Grey Goose Vodka,15092.2,0.0,670.5,14421.7
TXN-13932,2024-05-31 22:30:00,Executive Lounge,Grey Goose Vodka,14421.7,0.0,1330.5,13091.2
TXN-13933,2024-06-01 21:45:00,Executive Lounge,Grey Goose Vodka,13091.2,0.0,1289.8,11801.4
TXN-13934,2024-06-02 22:45:00,Executive Lounge,Grey Goose Vodka,11801.4,0.0,550.6,11250.8
TXN-13935,2024-06-03 23:00:00,Executive Lounge,Grey Goose Vodka,11250.8,0.0,309.2,10941.6
TXN-13936,2024-06-04 22:15:00,Executive Lounge,Grey Goose Vodka,10941.6,0.0,428.6,10513.0
TXN-13937,2024-06-05 23:45:00,Executive Lounge,Grey Goose Vodka,10513.0,0.0,454.0,10059.0
TXN-13938,2024-06-06 21:15:00,Executive Lounge,Grey Goose Vodka,10059.0,0.0,482.8,9576.2
TXN-13939,2024-06-07 22:30:00,Executive Lounge,Grey Goose Vodka,9576.2,0.0,1238.4,8337.8
TXN-13940,2024-06-08 20:00:00,Executive Lounge,Grey Goose Vodka,8337.8,0.0,1870.5,6467.3
TXN-13941,2024-06-09 18:45:00,Executive Lounge,Grey Goose Vodka,6467.3,0.0,870.2,5597.1
TXN-13942,2024-06-10 18:30:00,Executive Lounge,Grey Goose Vodka,5597.1,0.0,756.5,4840.6
TXN-13943,2024-06-11 18:30:00,Executive Lounge,Grey Goose Vodka,4840.6,0.0,658.5,4182.1
TXN-13944,2024-06-12 18:30:00,Executive Lounge,Grey Goose Vodka,4182.1,0.0,685.6,3496.5
TXN-13945,2024-06-13 22:15:00,Executive Lounge,Grey Goose Vodka,3496.5,0.0,769.6,2726.9
TXN-13946,2024-06-14 18:30:00,Executive Lounge,Grey Goose Vodka,2726.9,0.0,1436.2,1290.7
TXN-13947,2024-06-15 22:45:00,Executive Lounge,Grey Goose Vodka,1290.7,6000.0,1373.5,5917.2
TXN-13948,2024-06-16 22:00:00,Executive Lounge,Grey Goose Vodka,5917.2,0.0,775.6,5141.6
TXN-13949,2024-06-17 18:30:00,Executive Lounge,Grey Goose Vodka,5141.6,0.0,696.0,4445.6
TXN-13950,2024-06-18 23:15:00,Executive Lounge,Grey Goose Vodka,4445.6,0.0,550.9,3894.7
TXN-13951,2024-06-19 21:30:00,Executive Lounge,Grey Goose Vodka,3894.7,0.0,492.2,3402.5
TXN-13952,2024-06-20 23:30:00,Executive Lounge,Grey Goose Vodka,3402.5,0.0,598.0,2804.5
TXN-13953,2024-06-21 21:00:00,Executive Lounge,Grey Goose Vodka,2804.5,0.0,1129.2,1675.3
TXN-13954,2024-06-22 18:45:00,Executive Lounge,Grey Goose Vodka,1675.3,6000.0,1083.8,6591.5
TXN-13955,2024-06-23 19:15:00,Executive Lounge,Grey Goose Vodka,6591.5,0.0,703.2,5888.3
TXN-13956,2024-06-24 22:00:00,Executive Lounge,Grey Goose Vodka,5888.3,0.0,491.2,5397.1
TXN-13957,2024-06-25 19:30:00,Executive Lounge,Grey Goose Vodka,5397.1,0.0,969.7,4427.4
TXN-13958,2024-06-26 20:30:00,Executive Lounge,Grey Goose Vodka,4427.4,0.0,610.5,3816.9
TXN-13959,2024-06-27 20:00:00,Executive Lounge,Grey Goose Vodka,3816.9,0.0,769.5,3047.4
TXN-13960,2024-06-28 20:15:00,Executive Lounge,Grey Goose Vodka,3047.4,0.0,937.5,2109.9
TXN-13961,2024-01-01 20:30:00,Executive Lounge,Jack Daniel's Bourbon,7000.0,0.0,649.4,6350.6
TXN-13962,2024-01-02 20:00:00,Executive Lounge,Jack Daniel's Bourbon,6350.6,0.0,631.0,5719.6
TXN-13963,2024-01-03 20:00:00,Executive Lounge,Jack Daniel's Bourbon,5719.6,0.0,632.4,5087.2
TXN-13964,2024-01-04 21:30:00,Executive Lounge,Jack Daniel's Bourbon,5087.2,0.0,485.6,4601.6
TXN-13965,2024-01-05 23:45:00,Executive Lounge,Jack Daniel's Bourbon,4601.6,0.0,702.3,3899.3
TXN-13966,2024-01-06 22:30:00,Executive Lounge,Jack Daniel's Bourbon,3899.3,0.0,900.3,2999.0
TXN-13967,2024-01-07 19:00:00,Executive Lounge,Jack Daniel's Bourbon,2999.0,0.0,443.6,2555.4
TXN-13968,2024-01-08 22:45:00,Executive Lounge,Jack Daniel's Bourbon,2555.4,0.0,606.7,1948.7
TXN-13969,2024-01-09 21:45:00,Executive Lounge,Jack Daniel's Bourbon,1948.7,18000.0,449.9,19498.8
TXN-13970,2024-01-10 18:30:00,Executive Lounge,Jack Daniel's Bourbon,19498.8,0.0,384.7,19114.1
TXN-13971,2024-01-11 20:15:00,Executive Lounge,Jack Daniel's Bourbon,19114.1,0.0,596.6,18517.5
TXN-13972,2024-01-12 20:30:00,Executive Lounge,Jack Daniel's Bourbon,18517.5,0.0,1025.0,17492.5
TXN-13973,2024-01-13 20:00:00,Executive Lounge,Jack Daniel's Bourbon,17492.5,0.0,1057.6,16434.9
TXN-13974,2024-01-14 22:45:00,Executive Lounge,Jack Daniel's Bourbon,16434.9,0.0,475.2,15959.7
TXN-13975,2024-01-15 18:45:00,Executive Lounge,Jack Daniel's Bourbon,15959.7,0.0,203.7,15756.0
TXN-13976,2024-01-16 19:00:00,Executive Lounge,Jack Daniel's Bourbon,15756.0,0.0,396.5,15359.5
TXN-13977,2024-01-17 21:30:00,Executive Lounge,Jack Daniel's Bourbon,15359.5,0.0,400.7,14958.8
TXN-13978,2024-01-18 18:00:00,Executive Lounge,Jack Daniel's Bourbon,14958.8,0.0,699.8,14259.0
TXN-13979,2024-01-19 21:30:00,Executive Lounge,Jack Daniel's Bourbon,14259.0,0.0,1016.5,13242.5
TXN-13980,2024-01-20 22:30:00,Executive Lounge,Jack Daniel's Bourbon,13242.5,0.0,1049.2,12193.3
TXN-13981,2024-01-21 19:00:00,Executive Lounge,Jack Daniel's Bourbon,12193.3,0.0,583.6,11609.7
TXN-13982,2024-01-22 19:30:00,Executive Lounge,Jack Daniel's Bourbon,11609.7,0.0,534.7,11075.0
TXN-13983,2024-01-23 20:45:00,Executive Lounge,Jack Daniel's Bourbon,11075.0,0.0,337.7,10737.3
TXN-13984,2024-01-24 18:00:00,Executive Lounge,Jack Daniel's Bourbon,10737.3,0.0,593.3,10144.0
TXN-13985,2024-01-25 19:15:00,Executive Lounge,Jack Daniel's Bourbon,10144.0,0.0,517.0,9627.0
TXN-13986,2024-01-26 19:45:00,Executive Lounge,Jack Daniel's Bourbon,9627.0,0.0,1008.8,8618.2
TXN-13987,2024-01-27 21:15:00,Executive Lounge,Jack Daniel's Bourbon,8618.2,0.0,975.8,7642.4
TXN-13988,2024-01-28 23:15:00,Executive Lounge,Jack Daniel's Bourbon,7642.4,0.0,458.3,7184.1
TXN-13989,2024-01-29 22:45:00,Executive Lounge,Jack Daniel's Bourbon,7184.1,0.0,533.9,6650.2
TXN-13990,2024-01-30 19:00:00,Executive Lounge,Jack Daniel's Bourbon,6650.2,0.0,601.0,6049.2
TXN-13991,2024-01-31 18:00:00,Executive Lounge,Jack Daniel's Bourbon,6049.2,0.0,237.6,5811.6
TXN-13992,2024-02-01 19:30:00,Executive Lounge,Jack Daniel's Bourbon,5811.6,0.0,505.7,5305.9
TXN-13993,2024-02-02 21:30:00,Executive Lounge,Jack Daniel's Bourbon,5305.9,0.0,954.9,4351.0
TXN-13994,2024-02-03 21:45:00,Executive Lounge,Jack Daniel's Bourbon,4351.0,0.0,915.4,3435.6
TXN-13995,2024-02-04 23:45:00,Executive Lounge,Jack Daniel's Bourbon,3435.6,0.0,316.8,3118.8
TXN-13996,2024-02-05 22:15:00,Executive Lounge,Jack Daniel's Bourbon,3118.8,0.0,374.3,2744.5
TXN-13997,2024-02-06 22:30:00,Executive Lounge,Jack Daniel's Bourbon,2744.5,0.0,438.3,2306.2
TXN-13998,2024-02-07 23:30:00,Executive Lounge,Jack Daniel's Bourbon,2306.2,0.0,561.6,1744.6
TXN-13999,2024-02-08 20:30:00,Executive Lounge,Jack Daniel's Bourbon,1744.6,6000.0,632.5,7112.1
TXN-14000,2024-02-09 23:15:00,Executive Lounge,Jack Daniel's Bourbon,7112.1,0.0,1003.3,6108.8
TXN-14001,2024-02-10 22:15:00,Executive Lounge,Jack Daniel's Bourbon,6108.8,0.0,1046.7,5062.1
TXN-14002,2024-02-11 23:00:00,Executive Lounge,Jack Daniel's Bourbon,5062.1,0.0,442.3,4619.8
TXN-14003,2024-02-12 22:30:00,Executive Lounge,Jack Daniel's Bourbon,4619.8,0.0,680.0,3939.8
TXN-14004,2024-02-13 18:00:00,Executive Lounge,Jack Daniel's Bourbon,3939.8,0.0,619.1,3320.7
TXN-14005,2024-02-14 20:15:00,Executive Lounge,Jack Daniel's Bourbon,3320.7,0.0,237.4,3083.3
TXN-14006,2024-02-15 21:30:00,Executive Lounge,Jack Daniel's Bourbon,3083.3,0.0,565.9,2517.4
TXN-14007,2024-02-16 22:30:00,Executive Lounge,Jack Daniel's Bourbon,2517.4,0.0,1031.1,1486.3
TXN-14008,2024-02-17 21:00:00,Executive Lounge,Jack Daniel's Bourbon,1486.3,18000.0,985.7,18500.6
TXN-14009,2024-02-18 18:15:00,Executive Lounge,Jack Daniel's Bourbon,18500.6,0.0,345.7,18154.9
TXN-14010,2024-02-19 19:45:00,Executive Lounge,Jack Daniel's Bourbon,18154.9,0.0,496.0,17658.9
TXN-14011,2024-02-20 21:15:00,Executive Lounge,Jack Daniel's Bourbon,17658.9,0.0,680.2,16978.7
TXN-14012,2024-02-21 21:00:00,Executive Lounge,Jack Daniel's Bourbon,16978.7,0.0,722.7,16256.0
TXN-14013,2024-02-22 22:30:00,Executive Lounge,Jack Daniel's Bourbon,16256.0,0.0,192.7,16063.3
TXN-14014,2024-02-23 20:15:00,Executive Lounge,Jack Daniel's Bourbon,16063.3,0.0,833.4,15229.9
TXN-14015,2024-02-24 18:15:00,Executive Lounge,Jack Daniel's Bourbon,15229.9,0.0,962.5,14267.4
TXN-14016,2024-02-25 22:45:00,Executive Lounge,Jack Daniel's Bourbon,14267.4,0.0,466.3,13801.1
TXN-14017,2024-02-26 20:15:00,Executive Lounge,Jack Daniel's Bourbon,13801.1,0.0,216.3,13584.8
TXN-14018,2024-02-27 23:30:00,Executive Lounge,Jack Daniel's Bourbon,13584.8,0.0,354.4,13230.4
TXN-14019,2024-02-28 20:15:00,Executive Lounge,Jack Daniel's Bourbon,13230.4,0.0,488.6,12741.8
TXN-14020,2024-02-29 20:15:00,Executive Lounge,Jack Daniel's Bourbon,12741.8,0.0,443.3,12298.5
TXN-14021,2024-03-01 21:15:00,Executive Lounge,Jack Daniel's Bourbon,12298.5,0.0,1040.9,11257.6
TXN-14022,2024-03-02 19:00:00,Executive Lounge,Jack Daniel's Bourbon,11257.6,0.0,906.4,10351.2
TXN-14023,2024-03-03 20:45:00,Executive Lounge,Jack Daniel's Bourbon,10351.2,0.0,542.0,9809.2
TXN-14024,2024-03-04 18:15:00,Executive Lounge,Jack Daniel's Bourbon,9809.2,0.0,441.5,9367.7
TXN-14025,2024-03-05 21:00:00,Executive Lounge,Jack Daniel's Bourbon,9367.7,0.0,443.7,8924.0
TXN-14026,2024-03-06 19:00:00,Executive Lounge,Jack Daniel's Bourbon,8924.0,0.0,716.1,8207.9
TXN-14027,2024-03-07 19:00:00,Executive Lounge,Jack Daniel's Bourbon,8207.9,0.0,264.6,7943.3
TXN-14028,2024-03-08 23:15:00,Executive Lounge,Jack Daniel's Bourbon,7943.3,0.0,1034.7,6908.6
TXN-14029,2024-03-09 20:45:00,Executive Lounge,Jack Daniel's Bourbon,6908.6,0.0,910.8,5997.8
TXN-14030,2024-03-10 22:30:00,Executive Lounge,Jack Daniel's Bourbon,5997.8,0.0,548.5,5449.3
TXN-14031,2024-03-11 22:45:00,Executive Lounge,Jack Daniel's Bourbon,5449.3,0.0,140.6,5308.7
TXN-14032,2024-03-12 20:00:00,Executive Lounge,Jack Daniel's Bourbon,5308.7,0.0,188.6,5120.1
TXN-14033,2024-03-13 22:00:00,Executive Lounge,Jack Daniel's Bourbon,5120.1,0.0,619.0,4501.1
TXN-14034,2024-03-14 23:45:00,Executive Lounge,Jack Daniel's Bourbon,4501.1,0.0,411.5,4089.6
TXN-14035,2024-03-15 19:30:00,Executive Lounge,Jack Daniel's Bourbon,4089.6,0.0,1023.4,3066.2
TXN-14036,2024-03-16 20:15:00,Executive Lounge,Jack Daniel's Bourbon,3066.2,0.0,734.1,2332.1
TXN-14037,2024-03-17 19:45:00,Executive Lounge,Jack Daniel's Bourbon,2332.1,0.0,614.0,1718.1
TXN-14038,2024-03-18 20:00:00,Executive Lounge,Jack Daniel's Bourbon,1718.1,6000.0,611.1,7107.0
TXN-14039,2024-03-19 18:00:00,Executive Lounge,Jack Daniel's Bourbon,7107.0,0.0,318.5,6788.5
TXN-14040,2024-03-20 19:45:00,Executive Lounge,Jack Daniel's Bourbon,6788.5,0.0,419.3,6369.2
TXN-14041,2024-03-21 18:30:00,Executive Lounge,Jack Daniel's Bourbon,6369.2,0.0,511.1,5858.1
TXN-14042,2024-03-22 23:15:00,Executive Lounge,Jack Daniel's Bourbon,5858.1,0.0,1033.6,4824.5
TXN-14043,2024-03-23 20:45:00,Executive Lounge,Jack Daniel's Bourbon,4824.5,0.0,944.8,3879.7
TXN-14044,2024-03-24 22:30:00,Executive Lounge,Jack Daniel's Bourbon,3879.7,0.0,472.2,3407.5
TXN-14045,2024-03-25 23:30:00,Executive Lounge,Jack Daniel's Bourbon,3407.5,0.0,269.3,3138.2
TXN-14046,2024-03-26 23:30:00,Executive Lounge,Jack Daniel's Bourbon,3138.2,0.0,660.8,2477.4
TXN-14047,2024-03-27 20:00:00,Executive Lounge,Jack Daniel's Bourbon,2477.4,0.0,99.7,2377.7
TXN-14048,2024-03-28 23:00:00,Executive Lounge,Jack Daniel's Bourbon,2377.7,0.0,275.1,2102.6
TXN-14049,2024-03-29 23:30:00,Executive Lounge,Jack Daniel's Bourbon,2102.6,0.0,1015.1,1087.5
TXN-14050,2024-03-30 20:00:00,Executive Lounge,Jack Daniel's Bourbon,1087.5,12000.0,868.6,12218.9
TXN-14051,2024-03-31 20:15:00,Executive Lounge,Jack Daniel's Bourbon,12218.9,0.0,355.2,11863.7
TXN-14052,2024-04-01 19:00:00,Executive Lounge,Jack Daniel's Bourbon,11863.7,0.0,510.0,11353.7
TXN-14053,2024-04-02 21:15:00,Executive Lounge,Jack Daniel's Bourbon,11353.7,0.0,299.7,11054.0
TXN-14054,2024-04-03 23:45:00,Executive Lounge,Jack Daniel's Bourbon,11054.0,0.0,244.8,10809.2
TXN-14055,2024-04-04 22:45:00,Executive Lounge,Jack Daniel's Bourbon,10809.2,0.0,758.7,10050.5
TXN-14056,2024-04-05 23:45:00,Executive Lounge,Jack Daniel's Bourbon,10050.5,0.0,942.7,9107.8
TXN-14057,2024-04-06 21:30:00,Executive Lounge,Jack Daniel's Bourbon,9107.8,0.0,849.4,8258.4
TXN-14058,2024-04-07 23:45:00,Executive Lounge,Jack Daniel's Bourbon,8258.4,0.0,511.6,7746.8
TXN-14059,2024-04-08 21:00:00,Executive Lounge,Jack Daniel's Bourbon,7746.8,0.0,527.6,7219.2
TXN-14060,2024-04-09 18:00:00,Executive Lounge,Jack Daniel's Bourbon,7219.2,0.0,416.8,6802.4
TXN-14061,2024-04-10 19:00:00,Executive Lounge,Jack Daniel's Bourbon,6802.4,0.0,604.9,6197.5
TXN-14062,2024-04-11 22:15:00,Executive Lounge,Jack Daniel's Bourbon,6197.5,0.0,441.7,5755.8
TXN-14063,2024-04-12 20:45:00,Executive Lounge,Jack Daniel's Bourbon,5755.8,0.0,924.5,4831.3
TXN-14064,2024-04-13 18:45:00,Executive Lounge,Jack Daniel's Bourbon,4831.3,0.0,1101.9,3729.4
TXN-14065,2024-04-14 19:30:00,Executive Lounge,Jack Daniel's Bourbon,3729.4,0.0,442.5,3286.9
TXN-14066,2024-04-15 19:30:00,Executive Lounge,Jack Daniel's Bourbon,3286.9,0.0,366.3,2920.6
TXN-14067,2024-04-16 22:45:00,Executive Lounge,Jack Daniel's Bourbon,2920.6,0.0,871.7,2048.9
TXN-14068,2024-04-17 20:30:00,Executive Lounge,Jack Daniel's Bourbon,2048.9,0.0,425.5,1623.4
TXN-14069,2024-04-18 19:15:00,Executive Lounge,Jack Daniel's Bourbon,1623.4,18000.0,445.3,19178.1
TXN-14070,2024-04-19 21:00:00,Executive Lounge,Jack Daniel's Bourbon,19178.1,0.0,1125.1,18053.0
TXN-14071,2024-04-20 19:45:00,Executive Lounge,Jack Daniel's Bourbon,18053.0,0.0,942.6,17110.4
TXN-14072,2024-04-21 22:45:00,Executive Lounge,Jack Daniel's Bourbon,17110.4,0.0,586.6,16523.8
TXN-14073,2024-04-22 19:00:00,Executive Lounge,Jack Daniel's Bourbon,16523.8,0.0,236.5,16287.3
TXN-14074,2024-04-23 23:45:00,Executive Lounge,Jack Daniel's Bourbon,16287.3,0.0,493.1,15794.2
TXN-14075,2024-04-24 22:00:00,Executive Lounge,Jack Daniel's Bourbon,15794.2,0.0,421.3,15372.9
TXN-14076,2024-04-25 19:15:00,Executive Lounge,Jack Daniel's Bourbon,15372.9,0.0,304.5,15068.4
TXN-14077,2024-04-26 23:00:00,Executive Lounge,Jack Daniel's Bourbon,15068.4,0.0,1005.5,14062.9
TXN-14078,2024-04-27 23:15:00,Executive Lounge,Jack Daniel's Bourbon,14062.9,0.0,1168.0,12894.9
TXN-14079,2024-04-28 22:00:00,Executive Lounge,Jack Daniel's Bourbon,12894.9,0.0,501.2,12393.7
TXN-14080,2024-04-29 22:45:00,Executive Lounge,Jack Daniel's Bourbon,12393.7,0.0,789.7,11604.0
TXN-14081,2024-04-30 18:15:00,Executive Lounge,Jack Daniel's Bourbon,11604.0,0.0,458.3,11145.7
TXN-14082,2024-05-01 23:45:00,Executive Lounge,Jack Daniel's Bourbon,11145.7,0.0,578.3,10567.4
TXN-14083,2024-05-02 21:30:00,Executive Lounge,Jack Daniel's Bourbon,10567.4,0.0,435.2,10132.2
TXN-14084,2024-05-03 23:15:00,Executive Lounge,Jack Daniel's Bourbon,10132.2,0.0,860.3,9271.9
TXN-14085,2024-05-04 20:00:00,Executive Lounge,Jack Daniel's Bourbon,9271.9,0.0,1102.7,8169.2
TXN-14086,2024-05-05 19:15:00,Executive Lounge,Jack Daniel's Bourbon,8169.2,0.0,758.1,7411.1
TXN-14087,2024-05-06 21:00:00,Executive Lounge,Jack Daniel's Bourbon,7411.1,0.0,576.0,6835.1
TXN-14088,2024-05-07 19:30:00,Executive Lounge,Jack Daniel's Bourbon,6835.1,0.0,400.0,6435.1
TXN-14089,2024-05-08 21:00:00,Executive Lounge,Jack Daniel's Bourbon,6435.1,0.0,541.5,5893.6
TXN-14090,2024-05-09 18:30:00,Executive Lounge,Jack Daniel's Bourbon,5893.6,0.0,485.0,5408.6
TXN-14091,2024-05-10 23:15:00,Executive Lounge,Jack Daniel's Bourbon,5408.6,0.0,1101.0,4307.6
TXN-14092,2024-05-11 20:45:00,Executive Lounge,Jack Daniel's Bourbon,4307.6,0.0,884.0,3423.6
TXN-14093,2024-05-12 20:15:00,Executive Lounge,Jack Daniel's Bourbon,3423.6,0.0,333.3,3090.3
TXN-14094,2024-05-13 22:45:00,Executive Lounge,Jack Daniel's Bourbon,3090.3,0.0,548.1,2542.2
TXN-14095,2024-05-14 21:30:00,Executive Lounge,Jack Daniel's Bourbon,2542.2,0.0,401.4,2140.8
TXN-14096,2024-05-15 18:15:00,Executive Lounge,Jack Daniel's Bourbon,2140.8,0.0,513.5,1627.3
TXN-14097,2024-05-16 18:00:00,Executive Lounge,Jack Daniel's Bourbon,1627.3,12000.0,302.1,13325.2
TXN-14098,2024-05-17 20:15:00,Executive Lounge,Jack Daniel's Bourbon,13325.2,0.0,720.8,12604.4
TXN-14099,2024-05-18 22:00:00,Executive Lounge,Jack Daniel's Bourbon,12604.4,0.0,1303.3,11301.1
TXN-14100,2024-05-19 23:00:00,Executive Lounge,Jack Daniel's Bourbon,11301.1,0.0,215.2,11085.9
TXN-14101,2024-05-20 20:15:00,Executive Lounge,Jack Daniel's Bourbon,11085.9,0.0,543.1,10542.8
TXN-14102,2024-05-21 19:15:00,Executive Lounge,Jack Daniel's Bourbon,10542.8,0.0,411.6,10131.2
TXN-14103,2024-05-22 22:45:00,Executive Lounge,Jack Daniel's Bourbon,10131.2,0.0,657.8,9473.4
TXN-14104,2024-05-23 19:30:00,Executive Lounge,Jack Daniel's Bourbon,9473.4,0.0,510.2,8963.2
TXN-14105,2024-05-24 22:15:00,Executive Lounge,Jack Daniel's Bourbon,8963.2,0.0,1105.6,7857.6
TXN-14106,2024-05-25 23:15:00,Executive Lounge,Jack Daniel's Bourbon,7857.6,0.0,1014.3,6843.3
TXN-14107,2024-05-26 19:00:00,Executive Lounge,Jack Daniel's Bourbon,6843.3,0.0,749.4,6093.9
TXN-14108,2024-05-27 21:45:00,Executive Lounge,Jack Daniel's Bourbon,6093.9,0.0,648.1,5445.8
TXN-14109,2024-05-28 22:15:00,Executive Lounge,Jack Daniel's Bourbon,5445.8,0.0,294.5,5151.3
TXN-14110,2024-05-29 20:00:00,Executive Lounge,Jack Daniel's Bourbon,5151.3,0.0,342.1,4809.2
TXN-14111,2024-05-30 18:45:00,Executive Lounge,Jack Daniel's Bourbon,4809.2,0.0,492.2,4317.0
TXN-14112,2024-05-31 23:00:00,Executive Lounge,Jack Daniel's Bourbon,4317.0,0.0,617.0,3700.0
TXN-14113,2024-06-01 18:00:00,Executive Lounge,Jack Daniel's Bourbon,3700.0,0.0,1155.9,2544.1
TXN-14114,2024-06-02 23:30:00,Executive Lounge,Jack Daniel's Bourbon,2544.1,0.0,483.3,2060.8
TXN-14115,2024-06-03 22:30:00,Executive Lounge,Jack Daniel's Bourbon,2060.8,0.0,419.3,1641.5
TXN-14116,2024-06-04 23:45:00,Executive Lounge,Jack Daniel's Bourbon,1641.5,18000.0,392.5,19249.0
TXN-14117,2024-06-05 23:00:00,Executive Lounge,Jack Daniel's Bourbon,19249.0,0.0,181.3,19067.7
TXN-14118,2024-06-06 23:00:00,Executive Lounge,Jack Daniel's Bourbon,19067.7,0.0,686.3,18381.4
TXN-14119,2024-06-07 18:30:00,Executive Lounge,Jack Daniel's Bourbon,18381.4,0.0,534.7,17846.7
TXN-14120,2024-06-08 20:15:00,Executive Lounge,Jack Daniel's Bourbon,17846.7,0.0,962.4,16884.3
TXN-14121,2024-06-09 23:00:00,Executive Lounge,Jack Daniel's Bourbon,16884.3,0.0,521.4,16362.9
TXN-14122,2024-06-10 20:00:00,Executive Lounge,Jack Daniel's Bourbon,16362.9,0.0,354.2,16008.7
TXN-14123,2024-06-11 21:30:00,Executive Lounge,Jack Daniel's Bourbon,16008.7,0.0,486.2,15522.5
TXN-14124,2024-06-12 18:30:00,Executive Lounge,Jack Daniel's Bourbon,15522.5,0.0,499.7,15022.8
TXN-14125,2024-06-13 19:30:00,Executive Lounge,Jack Daniel's Bourbon,15022.8,0.0,286.1,14736.7
TXN-14126,2024-06-14 20:45:00,Executive Lounge,Jack Daniel's Bourbon,14736.7,0.0,859.2,13877.5
TXN-14127,2024-06-15 22:00:00,Executive Lounge,Jack Daniel's Bourbon,13877.5,0.0,869.8,13007.7
TXN-14128,2024-06-16 21:15:00,Executive Lounge,Jack Daniel's Bourbon,13007.7,0.0,593.0,12414.7
TXN-14129,2024-06-17 20:30:00,Executive Lounge,Jack Daniel's Bourbon,12414.7,0.0,399.6,12015.1
TXN-14130,2024-06-18 21:45:00,Executive Lounge,Jack Daniel's Bourbon,12015.1,0.0,545.5,11469.6
TXN-14131,2024-06-19 20:45:00,Executive Lounge,Jack Daniel's Bourbon,11469.6,0.0,271.0,11198.6
TXN-14132,2024-06-20 23:00:00,Executive Lounge,Jack Daniel's Bourbon,11198.6,0.0,183.8,10999.8
TXN-14133,2024-06-21 21:15:00,Executive Lounge,Jack Daniel's Bourbon,11014.8,0.0,989.1,10025.7
TXN-14134,2024-06-22 22:00:00,Executive Lounge,Jack Daniel's Bourbon,10025.7,0.0,1223.3,8802.4
TXN-14135,2024-06-23 19:00:00,Executive Lounge,Jack Daniel's Bourbon,8802.4,0.0,485.9,8316.5
TXN-14136,2024-06-24 23:15:00,Executive Lounge,Jack Daniel's Bourbon,8316.5,0.0,432.4,7884.1
TXN-14137,2024-06-25 19:30:00,Executive Lounge,Jack Daniel's Bourbon,7884.1,0.0,658.0,7226.1
TXN-14138,2024-06-26 18:45:00,Executive Lounge,Jack Daniel's Bourbon,7226.1,0.0,404.6,6821.5
TXN-14139,2024-06-27 22:15:00,Executive Lounge,Jack Daniel's Bourbon,6821.5,0.0,333.1,6488.4
TXN-14140,2024-06-28 20:30:00,Executive Lounge,Jack Daniel's Bourbon,6488.4,0.0,1046.5,5441.9
TXN-14141,2024-01-01 20:00:00,Executive Lounge,Hendrick's Gin,5250.0,0.0,440.3,4809.7
TXN-14142,2024-01-02 23:30:00,Executive Lounge,Hendrick's Gin,4809.7,0.0,514.5,4295.2
TXN-14143,2024-01-03 18:00:00,Executive Lounge,Hendrick's Gin,4295.2,0.0,505.6,3789.6
TXN-14144,2024-01-04 20:45:00,Executive Lounge,Hendrick's Gin,3789.6,0.0,502.5,3287.1
TXN-14145,2024-01-05 22:00:00,Executive Lounge,Hendrick's Gin,3287.1,0.0,1053.8,2233.3
TXN-14146,2024-01-06 18:30:00,Executive Lounge,Hendrick's Gin,2233.3,0.0,718.0,1515.3
TXN-14147,2024-01-07 21:30:00,Executive Lounge,Hendrick's Gin,1515.3,0.0,304.0,1211.3
TXN-14148,2024-01-08 18:45:00,Executive Lounge,Hendrick's Gin,1211.3,4500.0,355.1,5356.2
TXN-14149,2024-01-09 21:45:00,Executive Lounge,Hendrick's Gin,5356.2,0.0,237.4,5118.8
TXN-14150,2024-01-10 18:00:00,Executive Lounge,Hendrick's Gin,5118.8,0.0,424.9,4693.9
TXN-14151,2024-01-11 21:00:00,Executive Lounge,Hendrick's Gin,4693.9,0.0,457.5,4236.4
TXN-14152,2024-01-12 21:30:00,Executive Lounge,Hendrick's Gin,4236.4,0.0,838.8,3397.6
TXN-14153,2024-01-13 18:15:00,Executive Lounge,Hendrick's Gin,3397.6,0.0,928.2,2469.4
TXN-14154,2024-01-14 20:15:00,Executive Lounge,Hendrick's Gin,2469.4,0.0,287.9,2181.5
TXN-14155,2024-01-15 19:15:00,Executive Lounge,Hendrick's Gin,2181.5,0.0,391.2,1790.3
TXN-14156,2024-01-16 21:00:00,Executive Lounge,Hendrick's Gin,1790.3,0.0,266.3,1524.0
TXN-14157,2024-01-17 19:15:00,Executive Lounge,Hendrick's Gin,1524.0,0.0,371.7,1152.3
TXN-14158,2024-01-18 23:45:00,Executive Lounge,Hendrick's Gin,1152.3,9000.0,452.4,9699.9
TXN-14159,2024-01-19 19:00:00,Executive Lounge,Hendrick's Gin,9699.9,0.0,460.8,9239.1
TXN-14160,2024-01-20 18:45:00,Executive Lounge,Hendrick's Gin,9239.1,0.0,976.4,8262.7
TXN-14161,2024-01-21 18:00:00,Executive Lounge,Hendrick's Gin,8262.7,0.0,315.7,7947.0
TXN-14162,2024-01-22 23:45:00,Executive Lounge,Hendrick's Gin,7947.0,0.0,510.4,7436.6
TXN-14163,2024-01-23 23:15:00,Executive Lounge,Hendrick's Gin,7436.6,0.0,615.9,6820.7
TXN-14164,2024-01-24 23:00:00,Executive Lounge,Hendrick's Gin,6820.7,0.0,266.6,6554.1
TXN-14165,2024-01-25 23:15:00,Executive Lounge,Hendrick's Gin,6554.1,0.0,384.9,6169.2
TXN-14166,2024-01-26 23:45:00,Executive Lounge,Hendrick's Gin,6169.2,0.0,770.8,5398.4
TXN-14167,2024-01-27 20:45:00,Executive Lounge,Hendrick's Gin,5398.4,0.0,813.8,4584.6
TXN-14168,2024-01-28 18:45:00,Executive Lounge,Hendrick's Gin,4584.6,0.0,388.7,4195.9
TXN-14169,2024-01-29 23:45:00,Executive Lounge,Hendrick's Gin,4195.9,0.0,601.1,3594.8
TXN-14170,2024-01-30 21:15:00,Executive Lounge,Hendrick's Gin,3594.8,0.0,183.3,3411.5
TXN-14171,2024-01-31 22:30:00,Executive Lounge,Hendrick's Gin,3411.5,0.0,133.8,3277.7
TXN-14172,2024-02-01 20:15:00,Executive Lounge,Hendrick's Gin,3277.7,0.0,527.9,2749.8
TXN-14173,2024-02-02 23:15:00,Executive Lounge,Hendrick's Gin,2749.8,0.0,813.2,1936.6
TXN-14174,2024-02-03 21:45:00,Executive Lounge,Hendrick's Gin,1936.6,0.0,1037.0,899.6
TXN-14175,2024-02-04 23:30:00,Executive Lounge,Hendrick's Gin,899.6,4500.0,402.3,4997.3
TXN-14176,2024-02-05 21:00:00,Executive Lounge,Hendrick's Gin,4997.3,0.0,450.2,4547.1
TXN-14177,2024-02-06 18:00:00,Executive Lounge,Hendrick's Gin,4547.1,0.0,506.1,4041.0
TXN-14178,2024-02-07 19:00:00,Executive Lounge,Hendrick's Gin,4041.0,0.0,292.6,3748.4
TXN-14179,2024-02-08 22:15:00,Executive Lounge,Hendrick's Gin,3748.4,0.0,560.3,3188.1
TXN-14180,2024-02-09 23:30:00,Executive Lounge,Hendrick's Gin,3188.1,0.0,787.3,2400.8
TXN-14181,2024-02-10 21:00:00,Executive Lounge,Hendrick's Gin,2400.8,0.0,728.5,1672.3
TXN-14182,2024-02-11 18:00:00,Executive Lounge,Hendrick's Gin,1672.3,0.0,360.6,1311.7
TXN-14183,2024-02-12 21:30:00,Executive Lounge,Hendrick's Gin,1311.7,4500.0,440.8,5370.9
TXN-14184,2024-02-13 23:30:00,Executive Lounge,Hendrick's Gin,5370.9,0.0,426.9,4944.0
TXN-14185,2024-02-14 19:15:00,Executive Lounge,Hendrick's Gin,4944.0,0.0,226.6,4717.4
TXN-14186,2024-02-15 22:45:00,Executive Lounge,Hendrick's Gin,4717.4,0.0,263.6,4453.8
TXN-14187,2024-02-16 20:30:00,Executive Lounge,Hendrick's Gin,4453.8,0.0,799.2,3654.6
TXN-14188,2024-02-17 18:00:00,Executive Lounge,Hendrick's Gin,3654.6,0.0,750.7,2903.9
TXN-14189,2024-02-18 18:30:00,Executive Lounge,Hendrick's Gin,2903.9,0.0,296.4,2607.5
TXN-14190,2024-02-19 20:00:00,Executive Lounge,Hendrick's Gin,2607.5,0.0,537.5,2070.0
TXN-14191,2024-02-20 18:00:00,Executive Lounge,Hendrick's Gin,2070.0,0.0,388.2,1681.8
TXN-14192,2024-02-21 19:15:00,Executive Lounge,Hendrick's Gin,1681.8,0.0,281.8,1400.0
TXN-14193,2024-02-22 18:30:00,Executive Lounge,Hendrick's Gin,1400.0,9000.0,581.3,9818.7
TXN-14194,2024-02-23 22:00:00,Executive Lounge,Hendrick's Gin,9818.7,0.0,945.2,8873.5
TXN-14195,2024-02-24 20:30:00,Executive Lounge,Hendrick's Gin,8873.5,0.0,675.1,8198.4
TXN-14196,2024-02-25 23:45:00,Executive Lounge,Hendrick's Gin,8198.4,0.0,514.8,7683.6
TXN-14197,2024-02-26 18:00:00,Executive Lounge,Hendrick's Gin,7683.6,0.0,542.9,7140.7
TXN-14198,2024-02-27 18:15:00,Executive Lounge,Hendrick's Gin,7140.7,0.0,522.7,6618.0
TXN-14199,2024-02-28 23:30:00,Executive Lounge,Hendrick's Gin,6618.0,0.0,98.7,6519.3
TXN-14200,2024-02-29 21:30:00,Executive Lounge,Hendrick's Gin,6519.3,0.0,264.0,6255.3
TXN-14201,2024-03-01 21:30:00,Executive Lounge,Hendrick's Gin,6255.3,0.0,871.5,5383.8
TXN-14202,2024-03-02 19:45:00,Executive Lounge,Hendrick's Gin,5383.8,0.0,758.7,4625.1
TXN-14203,2024-03-03 20:30:00,Executive Lounge,Hendrick's Gin,4625.1,0.0,407.2,4217.9
TXN-14204,2024-03-04 20:30:00,Executive Lounge,Hendrick's Gin,4217.9,0.0,355.4,3862.5
TXN-14205,2024-03-05 22:45:00,Executive Lounge,Hendrick's Gin,3862.5,0.0,209.4,3653.1
TXN-14206,2024-03-06 19:00:00,Executive Lounge,Hendrick's Gin,3653.1,0.0,437.4,3215.7
TXN-14207,2024-03-07 18:30:00,Executive Lounge,Hendrick's Gin,3215.7,0.0,322.1,2893.6
TXN-14208,2024-03-08 23:30:00,Executive Lounge,Hendrick's Gin,2893.6,0.0,798.6,2095.0
TXN-14209,2024-03-09 19:45:00,Executive Lounge,Hendrick's Gin,2095.0,0.0,850.0,1245.0
TXN-14210,2024-03-10 19:45:00,Executive Lounge,Hendrick's Gin,1245.0,9000.0,531.9,9713.1
TXN-14211,2024-03-11 23:30:00,Executive Lounge,Hendrick's Gin,9713.1,0.0,425.9,9287.2
TXN-14212,2024-03-12 20:15:00,Executive Lounge,Hendrick's Gin,9287.2,0.0,186.2,9101.0
TXN-14213,2024-03-13 23:00:00,Executive Lounge,Hendrick's Gin,9101.0,0.0,529.6,8571.4
TXN-14214,2024-03-14 22:45:00,Executive Lounge,Hendrick's Gin,8571.4,0.0,369.7,8201.7
TXN-14215,2024-03-15 23:30:00,Executive Lounge,Hendrick's Gin,8201.7,0.0,1162.5,7039.2
TXN-14216,2024-03-16 22:15:00,Executive Lounge,Hendrick's Gin,7039.2,0.0,889.5,6149.7
TXN-14217,2024-03-17 21:00:00,Executive Lounge,Hendrick's Gin,6149.7,0.0,346.5,5803.2
TXN-14218,2024-03-18 20:45:00,Executive Lounge,Hendrick's Gin,5803.2,0.0,453.0,5350.2
TXN-14219,2024-03-19 22:45:00,Executive Lounge,Hendrick's Gin,5350.2,0.0,329.6,5040.6
TXN-14220,2024-03-20 18:15:00,Executive Lounge,Hendrick's Gin,5020.6,0.0,531.8,4488.8
TXN-14221,2024-03-21 19:15:00,Executive Lounge,Hendrick's Gin,4488.8,0.0,370.2,4118.6
TXN-14222,2024-03-22 18:45:00,Executive Lounge,Hendrick's Gin,4118.6,0.0,821.6,3297.0
TXN-14223,2024-03-23 20:30:00,Executive Lounge,Hendrick's Gin,3297.0,0.0,718.6,2578.4
TXN-14224,2024-03-24 23:15:00,Executive Lounge,Hendrick's Gin,2578.4,0.0,350.1,2228.3
TXN-14225,2024-03-25 20:15:00,Executive Lounge,Hendrick's Gin,2228.3,0.0,513.4,1714.9
TXN-14226,2024-03-26 20:15:00,Executive Lounge,Hendrick's Gin,1714.9,0.0,565.0,1149.9
TXN-14227,2024-03-27 19:00:00,Executive Lounge,Hendrick's Gin,1149.9,9000.0,553.7,9596.2
TXN-14228,2024-03-28 22:45:00,Executive Lounge,Hendrick's Gin,9596.2,0.0,612.4,8983.8
TXN-14229,2024-03-29 19:15:00,Executive Lounge,Hendrick's Gin,8983.8,0.0,752.7,8231.1
TXN-14230,2024-03-30 18:00:00,Executive Lounge,Hendrick's Gin,8231.1,0.0,882.9,7348.2
TXN-14231,2024-03-31 21:00:00,Executive Lounge,Hendrick's Gin,7348.2,0.0,319.1,7029.1
TXN-14232,2024-04-01 22:00:00,Executive Lounge,Hendrick's Gin,7029.1,0.0,259.6,6769.5
TXN-14233,2024-04-02 23:45:00,Executive Lounge,Hendrick's Gin,6769.5,0.0,500.4,6269.1
TXN-14234,2024-04-03 20:00:00,Executive Lounge,Hendrick's Gin,6269.1,0.0,291.3,5977.8
TXN-14235,2024-04-04 20:45:00,Executive Lounge,Hendrick's Gin,5977.8,0.0,549.8,5428.0
TXN-14236,2024-04-05 21:45:00,Executive Lounge,Hendrick's Gin,5428.0,0.0,802.8,4625.2
TXN-14237,2024-04-06 19:30:00,Executive Lounge,Hendrick's Gin,4625.2,0.0,961.5,3663.7
TXN-14238,2024-04-07 21:45:00,Executive Lounge,Hendrick's Gin,3663.7,0.0,372.1,3291.6
TXN-14239,2024-04-08 22:45:00,Executive Lounge,Hendrick's Gin,3291.6,0.0,349.4,2942.2
TXN-14240,2024-04-09 22:15:00,Executive Lounge,Hendrick's Gin,2942.2,0.0,409.7,2552.5
TXN-14241,2024-04-10 20:30:00,Executive Lounge,Hendrick's Gin,2532.5,0.0,593.0,1939.5
TXN-14242,2024-04-11 22:00:00,Executive Lounge,Hendrick's Gin,1939.5,0.0,435.3,1504.2
TXN-14243,2024-04-12 23:45:00,Executive Lounge,Hendrick's Gin,1504.2,0.0,666.5,837.7
TXN-14244,2024-04-13 22:30:00,Executive Lounge,Hendrick's Gin,837.7,9000.0,1106.5,8731.2
TXN-14245,2024-04-14 18:00:00,Executive Lounge,Hendrick's Gin,8731.2,0.0,483.6,8247.6
TXN-14246,2024-04-15 21:30:00,Executive Lounge,Hendrick's Gin,8247.6,0.0,271.9,7975.7
TXN-14247,2024-04-16 19:00:00,Executive Lounge,Hendrick's Gin,7975.7,0.0,415.6,7560.1
TXN-14248,2024-04-17 21:15:00,Executive Lounge,Hendrick's Gin,7560.1,0.0,329.1,7231.0
TXN-14249,2024-04-18 22:45:00,Executive Lounge,Hendrick's Gin,7231.0,0.0,474.6,6756.4
TXN-14250,2024-04-19 20:30:00,Executive Lounge,Hendrick's Gin,6756.4,0.0,968.7,5787.7
TXN-14251,2024-04-20 22:45:00,Executive Lounge,Hendrick's Gin,5787.7,0.0,781.1,5006.6
TXN-14252,2024-04-21 19:00:00,Executive Lounge,Hendrick's Gin,5006.6,0.0,281.2,4725.4
TXN-14253,2024-04-22 22:00:00,Executive Lounge,Hendrick's Gin,4725.4,0.0,389.1,4336.3
TXN-14254,2024-04-23 23:30:00,Executive Lounge,Hendrick's Gin,4336.3,0.0,402.0,3934.3
TXN-14255,2024-04-24 21:00:00,Executive Lounge,Hendrick's Gin,3934.3,0.0,422.6,3511.7
TXN-14256,2024-04-25 20:15:00,Executive Lounge,Hendrick's Gin,3511.7,0.0,500.8,3010.9
TXN-14257,2024-04-26 22:00:00,Executive Lounge,Hendrick's Gin,3010.9,0.0,759.4,2251.5
TXN-14258,2024-04-27 20:15:00,Executive Lounge,Hendrick's Gin,2251.5,0.0,889.4,1362.1
TXN-14259,2024-04-28 21:30:00,Executive Lounge,Hendrick's Gin,1362.1,4500.0,411.7,5450.4
TXN-14260,2024-04-29 18:45:00,Executive Lounge,Hendrick's Gin,5450.4,0.0,671.6,4778.8
TXN-14261,2024-04-30 23:15:00,Executive Lounge,Hendrick's Gin,4778.8,0.0,398.2,4380.6
TXN-14262,2024-05-01 21:30:00,Executive Lounge,Hendrick's Gin,4380.6,0.0,502.2,3878.4
TXN-14263,2024-05-02 20:15:00,Executive Lounge,Hendrick's Gin,3878.4,0.0,482.5,3395.9
TXN-14264,2024-05-03 19:30:00,Executive Lounge,Hendrick's Gin,3395.9,0.0,931.6,2464.3
TXN-14265,2024-05-04 18:15:00,Executive Lounge,Hendrick's Gin,2464.3,0.0,753.0,1711.3
TXN-14266,2024-05-05 20:30:00,Executive Lounge,Hendrick's Gin,1711.3,0.0,506.5,1204.8
TXN-14267,2024-05-06 22:15:00,Executive Lounge,Hendrick's Gin,1204.8,4500.0,210.7,5494.1
TXN-14268,2024-05-07 18:45:00,Executive Lounge,Hendrick's Gin,5494.1,0.0,481.9,5012.2
TXN-14269,2024-05-08 23:15:00,Executive Lounge,Hendrick's Gin,5012.2,0.0,441.1,4571.1
TXN-14270,2024-05-09 21:45:00,Executive Lounge,Hendrick's Gin,4571.1,0.0,534.4,4036.7
TXN-14271,2024-05-10 23:00:00,Executive Lounge,Hendrick's Gin,4036.7,0.0,978.8,3057.9
TXN-14272,2024-05-11 21:00:00,Executive Lounge,Hendrick's Gin,3057.9,0.0,668.6,2389.3
TXN-14273,2024-05-12 22:00:00,Executive Lounge,Hendrick's Gin,2389.3,0.0,599.4,1789.9
TXN-14274,2024-05-13 19:45:00,Executive Lounge,Hendrick's Gin,1789.9,0.0,421.3,1368.6
TXN-14275,2024-05-14 22:00:00,Executive Lounge,Hendrick's Gin,1368.6,9000.0,248.0,10120.6
TXN-14276,2024-05-15 18:45:00,Executive Lounge,Hendrick's Gin,10120.6,0.0,293.6,9827.0
TXN-14277,2024-05-16 20:00:00,Executive Lounge,Hendrick's Gin,9827.0,0.0,462.6,9364.4
TXN-14278,2024-05-17 18:45:00,Executive Lounge,Hendrick's Gin,9364.4,0.0,934.9,8429.5
TXN-14279,2024-05-18 21:30:00,Executive Lounge,Hendrick's Gin,8429.5,0.0,741.6,7687.9
TXN-14280,2024-05-19 19:30:00,Executive Lounge,Hendrick's Gin,7687.9,0.0,404.6,7283.3
TXN-14281,2024-05-20 18:00:00,Executive Lounge,Hendrick's Gin,7283.3,0.0,352.7,6930.6
TXN-14282,2024-05-21 18:45:00,Executive Lounge,Hendrick's Gin,6930.6,0.0,150.4,6780.2
TXN-14283,2024-05-22 21:30:00,Executive Lounge,Hendrick's Gin,6780.2,0.0,351.5,6428.7
TXN-14284,2024-05-23 20:15:00,Executive Lounge,Hendrick's Gin,6428.7,0.0,299.4,6129.3
TXN-14285,2024-05-24 19:30:00,Executive Lounge,Hendrick's Gin,6129.3,0.0,1034.8,5094.5
TXN-14286,2024-05-25 23:00:00,Executive Lounge,Hendrick's Gin,5094.5,0.0,738.0,4356.5
TXN-14287,2024-05-26 23:15:00,Executive Lounge,Hendrick's Gin,4356.5,0.0,665.2,3691.3
TXN-14288,2024-05-27 18:15:00,Executive Lounge,Hendrick's Gin,3691.3,0.0,215.3,3476.0
TXN-14289,2024-05-28 21:00:00,Executive Lounge,Hendrick's Gin,3476.0,0.0,420.7,3055.3
TXN-14290,2024-05-29 18:15:00,Executive Lounge,Hendrick's Gin,3055.3,0.0,430.8,2624.5
TXN-14291,2024-05-30 22:15:00,Executive Lounge,Hendrick's Gin,2624.5,0.0,404.6,2219.9
TXN-14292,2024-05-31 23:30:00,Executive Lounge,Hendrick's Gin,2219.9,0.0,777.7,1442.2
TXN-14293,2024-06-01 18:00:00,Executive Lounge,Hendrick's Gin,1442.2,4500.0,889.9,5052.3
TXN-14294,2024-06-02 21:30:00,Executive Lounge,Hendrick's Gin,5052.3,0.0,461.5,4590.8
TXN-14295,2024-06-03 21:45:00,Executive Lounge,Hendrick's Gin,4590.8,0.0,495.4,4095.4
TXN-14296,2024-06-04 21:15:00,Executive Lounge,Hendrick's Gin,4095.4,0.0,421.2,3674.2
TXN-14297,2024-06-05 22:00:00,Executive Lounge,Hendrick's Gin,3674.2,0.0,460.2,3214.0
TXN-14298,2024-06-06 19:15:00,Executive Lounge,Hendrick's Gin,3214.0,0.0,435.6,2778.4
TXN-14299,2024-06-07 22:30:00,Executive Lounge,Hendrick's Gin,2778.4,0.0,801.7,1976.7
TXN-14300,2024-06-08 23:30:00,Executive Lounge,Hendrick's Gin,1976.7,0.0,986.6,990.1
TXN-14301,2024-06-09 19:30:00,Executive Lounge,Hendrick's Gin,990.1,13500.0,334.5,14155.6
TXN-14302,2024-06-10 19:30:00,Executive Lounge,Hendrick's Gin,14155.6,0.0,473.8,13681.8
TXN-14303,2024-06-11 20:45:00,Executive Lounge,Hendrick's Gin,13681.8,0.0,542.2,13139.6
TXN-14304,2024-06-12 19:00:00,Executive Lounge,Hendrick's Gin,13139.6,0.0,130.3,13009.3
TXN-14305,2024-06-13 23:45:00,Executive Lounge,Hendrick's Gin,13009.3,0.0,460.2,12549.1
TXN-14306,2024-06-14 23:00:00,Executive Lounge,Hendrick's Gin,12549.1,0.0,803.8,11745.3
TXN-14307,2024-06-15 19:15:00,Executive Lounge,Hendrick's Gin,11745.3,0.0,745.8,10999.5
TXN-14308,2024-06-16 21:45:00,Executive Lounge,Hendrick's Gin,10999.5,0.0,270.1,10729.4
TXN-14309,2024-06-17 21:45:00,Executive Lounge,Hendrick's Gin,10729.4,0.0,485.2,10244.2
TXN-14310,2024-06-18 22:00:00,Executive Lounge,Hendrick's Gin,10244.2,0.0,500.2,9744.0
TXN-14311,2024-06-19 18:45:00,Executive Lounge,Hendrick's Gin,9744.0,0.0,213.1,9530.9
TXN-14312,2024-06-20 21:00:00,Executive Lounge,Hendrick's Gin,9530.9,0.0,390.5,9140.4
TXN-14313,2024-06-21 18:15:00,Executive Lounge,Hendrick's Gin,9140.4,0.0,850.0,8290.4
TXN-14314,2024-06-22 19:30:00,Executive Lounge,Hendrick's Gin,8290.4,0.0,598.5,7691.9
TXN-14315,2024-06-23 19:45:00,Executive Lounge,Hendrick's Gin,7691.9,0.0,358.8,7333.1
TXN-14316,2024-06-24 19:00:00,Executive Lounge,Hendrick's Gin,7333.1,0.0,400.1,6933.0
TXN-14317,2024-06-25 19:00:00,Executive Lounge,Hendrick's Gin,6933.0,0.0,437.9,6495.1
TXN-14318,2024-06-26 21:30:00,Executive Lounge,Hendrick's Gin,6495.1,0.0,242.8,6252.3
TXN-14319,2024-06-27 22:45:00,Executive Lounge,Hendrick's Gin,6252.3,0.0,422.8,5829.5
TXN-14320,2024-06-28 22:45:00,Executive Lounge,Hendrick's Gin,5829.5,0.0,830.1,4999.4
TXN-14321,2024-01-01 23:45:00,Executive Lounge,Macallan 12 Scotch,6750.0,0.0,219.5,6530.5
TXN-14322,2024-01-02 21:15:00,Executive Lounge,Macallan 12 Scotch,6530.5,0.0,201.1,6329.4
TXN-14323,2024-01-03 20:00:00,Executive Lounge,Macallan 12 Scotch,6329.4,0.0,145.9,6183.5
TXN-14324,2024-01-04 18:30:00,Executive Lounge,Macallan 12 Scotch,6183.5,0.0,228.2,5955.3
TXN-14325,2024-01-05 19:45:00,Executive Lounge,Macallan 12 Scotch,5955.3,0.0,235.7,5719.6
TXN-14326,2024-01-06 20:30:00,Executive Lounge,Macallan 12 Scotch,5719.6,0.0,344.4,5375.2
TXN-14327,2024-01-07 18:30:00,Executive Lounge,Macallan 12 Scotch,5375.2,0.0,221.7,5153.5
TXN-14328,2024-01-08 22:30:00,Executive Lounge,Macallan 12 Scotch,5153.5,0.0,48.7,5104.8
TXN-14329,2024-01-09 22:30:00,Executive Lounge,Macallan 12 Scotch,5104.8,0.0,286.1,4818.7
TXN-14330,2024-01-10 20:15:00,Executive Lounge,Macallan 12 Scotch,4818.7,0.0,180.8,4637.9
TXN-14331,2024-01-11 18:00:00,Executive Lounge,Macallan 12 Scotch,4637.9,0.0,228.2,4409.7
TXN-14332,2024-01-12 20:00:00,Executive Lounge,Macallan 12 Scotch,4409.7,0.0,234.2,4175.5
TXN-14333,2024-01-13 18:30:00,Executive Lounge,Macallan 12 Scotch,4175.5,0.0,367.2,3808.3
TXN-14334,2024-01-14 23:45:00,Executive Lounge,Macallan 12 Scotch,3808.3,0.0,221.7,3586.6
TXN-14335,2024-01-15 18:30:00,Executive Lounge,Macallan 12 Scotch,3586.6,0.0,238.0,3348.6
TXN-14336,2024-01-16 22:15:00,Executive Lounge,Macallan 12 Scotch,3348.6,0.0,361.1,2977.5
TXN-14337,2024-01-17 18:45:00,Executive Lounge,Macallan 12 Scotch,2987.5,0.0,146.6,2840.9
TXN-14338,2024-01-18 21:15:00,Executive Lounge,Macallan 12 Scotch,2840.9,0.0,162.0,2678.9
TXN-14339,2024-01-19 21:45:00,Executive Lounge,Macallan 12 Scotch,2678.9,0.0,224.5,2454.4
TXN-14340,2024-01-20 23:45:00,Executive Lounge,Macallan 12 Scotch,2454.4,0.0,351.7,2102.7
TXN-14341,2024-01-21 23:45:00,Executive Lounge,Macallan 12 Scotch,2102.7,0.0,181.4,1921.3
TXN-14342,2024-01-22 20:00:00,Executive Lounge,Macallan 12 Scotch,1921.3,0.0,185.7,1735.6
TXN-14343,2024-01-23 18:15:00,Executive Lounge,Macallan 12 Scotch,1735.6,0.0,193.7,1541.9
TXN-14344,2024-01-24 20:30:00,Executive Lounge,Macallan 12 Scotch,1541.9,0.0,197.2,1344.7
TXN-14345,2024-01-25 21:45:00,Executive Lounge,Macallan 12 Scotch,1344.7,4500.0,297.1,5547.6
TXN-14346,2024-01-26 21:00:00,Executive Lounge,Macallan 12 Scotch,5547.6,0.0,189.8,5357.8
TXN-14347,2024-01-27 23:15:00,Executive Lounge,Macallan 12 Scotch,5357.8,0.0,301.2,5056.6
TXN-14348,2024-01-28 23:15:00,Executive Lounge,Macallan 12 Scotch,5056.6,0.0,157.7,4898.9
TXN-14349,2024-01-29 18:30:00,Executive Lounge,Macallan 12 Scotch,4898.9,0.0,244.1,4654.8
TXN-14350,2024-01-30 22:30:00,Executive Lounge,Macallan 12 Scotch,4654.8,0.0,188.7,4466.1
TXN-14351,2024-01-31 19:45:00,Executive Lounge,Macallan 12 Scotch,4466.1,0.0,116.8,4349.3
TXN-14352,2024-02-01 23:45:00,Executive Lounge,Macallan 12 Scotch,4349.3,0.0,118.4,4230.9
TXN-14353,2024-02-02 19:00:00,Executive Lounge,Macallan 12 Scotch,4230.9,0.0,488.2,3742.7
TXN-14354,2024-02-03 23:30:00,Executive Lounge,Macallan 12 Scotch,3742.7,0.0,228.8,3513.9
TXN-14355,2024-02-04 22:15:00,Executive Lounge,Macallan 12 Scotch,3513.9,0.0,168.4,3345.5
TXN-14356,2024-02-05 20:15:00,Executive Lounge,Macallan 12 Scotch,3345.5,0.0,136.9,3208.6
TXN-14357,2024-02-06 18:30:00,Executive Lounge,Macallan 12 Scotch,3208.6,0.0,183.2,3025.4
TXN-14358,2024-02-07 21:00:00,Executive Lounge,Macallan 12 Scotch,3025.4,0.0,145.2,2880.2
TXN-14359,2024-02-08 20:15:00,Executive Lounge,Macallan 12 Scotch,2880.2,0.0,222.8,2657.4
TXN-14360,2024-02-09 22:45:00,Executive Lounge,Macallan 12 Scotch,2657.4,0.0,417.3,2240.1
TXN-14361,2024-02-10 19:30:00,Executive Lounge,Macallan 12 Scotch,2240.1,0.0,307.9,1932.2
TXN-14362,2024-02-11 18:15:00,Executive Lounge,Macallan 12 Scotch,1932.2,0.0,174.2,1758.0
TXN-14363,2024-02-12 22:15:00,Executive Lounge,Macallan 12 Scotch,1758.0,0.0,355.5,1402.5
TXN-14364,2024-02-13 19:15:00,Executive Lounge,Macallan 12 Scotch,1402.5,13500.0,202.1,14700.4
TXN-14365,2024-02-14 19:45:00,Executive Lounge,Macallan 12 Scotch,14700.4,0.0,226.7,14473.7
TXN-14366,2024-02-15 22:45:00,Executive Lounge,Macallan 12 Scotch,14473.7,0.0,227.2,14246.5
TXN-14367,2024-02-16 20:15:00,Executive Lounge,Macallan 12 Scotch,14246.5,0.0,350.6,13895.9
TXN-14368,2024-02-17 22:30:00,Executive Lounge,Macallan 12 Scotch,13895.9,0.0,308.0,13587.9
TXN-14369,2024-02-18 23:30:00,Executive Lounge,Macallan 12 Scotch,13587.9,0.0,134.2,13453.7
TXN-14370,2024-02-19 19:00:00,Executive Lounge,Macallan 12 Scotch,13453.7,0.0,204.0,13249.7
TXN-14371,2024-02-20 21:45:00,Executive Lounge,Macallan 12 Scotch,13249.7,0.0,170.9,13078.8
TXN-14372,2024-02-21 18:30:00,Executive Lounge,Macallan 12 Scotch,13078.8,0.0,123.2,12955.6
TXN-14373,2024-02-22 18:15:00,Executive Lounge,Macallan 12 Scotch,12955.6,0.0,242.4,12713.2
TXN-14374,2024-02-23 18:00:00,Executive Lounge,Macallan 12 Scotch,12713.2,0.0,225.7,12487.5
TXN-14375,2024-02-24 20:15:00,Executive Lounge,Macallan 12 Scotch,12487.5,0.0,377.9,12109.6
TXN-14376,2024-02-25 23:45:00,Executive Lounge,Macallan 12 Scotch,12109.6,0.0,179.7,11929.9
TXN-14377,2024-02-26 18:45:00,Executive Lounge,Macallan 12 Scotch,11929.9,0.0,43.6,11886.3
TXN-14378,2024-02-27 18:15:00,Executive Lounge,Macallan 12 Scotch,11886.3,0.0,203.4,11682.9
TXN-14379,2024-02-28 19:30:00,Executive Lounge,Macallan 12 Scotch,11682.9,0.0,275.4,11407.5
TXN-14380,2024-02-29 18:00:00,Executive Lounge,Macallan 12 Scotch,11407.5,0.0,96.0,11311.5
TXN-14381,2024-03-01 20:45:00,Executive Lounge,Macallan 12 Scotch,11311.5,0.0,204.2,11107.3
TXN-14382,2024-03-02 20:30:00,Executive Lounge,Macallan 12 Scotch,11107.3,0.0,375.7,10731.6
TXN-14383,2024-03-03 23:45:00,Executive Lounge,Macallan 12 Scotch,10731.6,0.0,211.6,10540.0
TXN-14384,2024-03-04 18:45:00,Executive Lounge,Macallan 12 Scotch,10520.0,0.0,364.8,10155.2
TXN-14385,2024-03-05 18:00:00,Executive Lounge,Macallan 12 Scotch,10155.2,0.0,139.4,10015.8
TXN-14386,2024-03-06 20:45:00,Executive Lounge,Macallan 12 Scotch,10015.8,0.0,223.0,9792.8
TXN-14387,2024-03-07 19:30:00,Executive Lounge,Macallan 12 Scotch,9792.8,0.0,337.8,9455.0
TXN-14388,2024-03-08 20:15:00,Executive Lounge,Macallan 12 Scotch,9455.0,0.0,300.7,9154.3
TXN-14389,2024-03-09 19:30:00,Executive Lounge,Macallan 12 Scotch,9154.3,0.0,321.9,8832.4
TXN-14390,2024-03-10 23:30:00,Executive Lounge,Macallan 12 Scotch,8832.4,0.0,249.7,8582.7
TXN-14391,2024-03-11 20:30:00,Executive Lounge,Macallan 12 Scotch,8582.7,0.0,195.3,8387.4
TXN-14392,2024-03-12 18:15:00,Executive Lounge,Macallan 12 Scotch,8387.4,0.0,225.8,8161.6
TXN-14393,2024-03-13 19:15:00,Executive Lounge,Macallan 12 Scotch,8161.6,0.0,377.5,7784.1
TXN-14394,2024-03-14 18:15:00,Executive Lounge,Macallan 12 Scotch,7784.1,0.0,279.8,7504.3
TXN-14395,2024-03-15 18:30:00,Executive Lounge,Macallan 12 Scotch,7504.3,0.0,391.6,7112.7
TXN-14396,2024-03-16 21:15:00,Executive Lounge,Macallan 12 Scotch,7112.7,0.0,444.9,6667.8
TXN-14397,2024-03-17 23:45:00,Executive Lounge,Macallan 12 Scotch,6667.8,0.0,188.4,6479.4
TXN-14398,2024-03-18 22:15:00,Executive Lounge,Macallan 12 Scotch,6479.4,0.0,164.8,6314.6
TXN-14399,2024-03-19 19:00:00,Executive Lounge,Macallan 12 Scotch,6314.6,0.0,36.2,6278.4
TXN-14400,2024-03-20 23:30:00,Executive Lounge,Macallan 12 Scotch,6278.4,0.0,125.7,6152.7
TXN-14401,2024-03-21 22:00:00,Executive Lounge,Macallan 12 Scotch,6152.7,0.0,164.9,5987.8
TXN-14402,2024-03-22 18:45:00,Executive Lounge,Macallan 12 Scotch,5987.8,0.0,316.4,5671.4
TXN-14403,2024-03-23 23:00:00,Executive Lounge,Macallan 12 Scotch,5671.4,0.0,281.9,5389.5
TXN-14404,2024-03-24 20:15:00,Executive Lounge,Macallan 12 Scotch,5389.5,0.0,233.0,5156.5
TXN-14405,2024-03-25 23:00:00,Executive Lounge,Macallan 12 Scotch,5156.5,0.0,267.4,4889.1
TXN-14406,2024-03-26 23:15:00,Executive Lounge,Macallan 12 Scotch,4889.1,0.0,231.3,4657.8
TXN-14407,2024-03-27 20:45:00,Executive Lounge,Macallan 12 Scotch,4657.8,0.0,74.8,4583.0
TXN-14408,2024-03-28 19:30:00,Executive Lounge,Macallan 12 Scotch,4583.0,0.0,265.9,4317.1
TXN-14409,2024-03-29 18:30:00,Executive Lounge,Macallan 12 Scotch,4317.1,0.0,470.3,3846.8
TXN-14410,2024-03-30 21:45:00,Executive Lounge,Macallan 12 Scotch,3846.8,0.0,302.3,3544.5
TXN-14411,2024-03-31 23:45:00,Executive Lounge,Macallan 12 Scotch,3544.5,0.0,247.6,3296.9
TXN-14412,2024-04-01 18:30:00,Executive Lounge,Macallan 12 Scotch,3296.9,0.0,129.3,3167.6
TXN-14413,2024-04-02 21:00:00,Executive Lounge,Macallan 12 Scotch,3167.6,0.0,202.2,2965.4
TXN-14414,2024-04-03 18:30:00,Executive Lounge,Macallan 12 Scotch,2965.4,0.0,144.6,2820.8
TXN-14415,2024-04-04 18:45:00,Executive Lounge,Macallan 12 Scotch,2820.8,0.0,116.5,2704.3
TXN-14416,2024-04-05 20:15:00,Executive Lounge,Macallan 12 Scotch,2704.3,0.0,332.7,2371.6
TXN-14417,2024-04-06 20:00:00,Executive Lounge,Macallan 12 Scotch,2371.6,0.0,349.0,2022.6
TXN-14418,2024-04-07 23:15:00,Executive Lounge,Macallan 12 Scotch,2022.6,0.0,198.8,1823.8
TXN-14419,2024-04-08 19:30:00,Executive Lounge,Macallan 12 Scotch,1823.8,0.0,125.9,1697.9
TXN-14420,2024-04-09 21:45:00,Executive Lounge,Macallan 12 Scotch,1697.9,0.0,170.7,1527.2
TXN-14421,2024-04-10 23:30:00,Executive Lounge,Macallan 12 Scotch,1527.2,0.0,179.9,1347.3
TXN-14422,2024-04-11 23:00:00,Executive Lounge,Macallan 12 Scotch,1347.3,13500.0,222.2,14625.1
TXN-14423,2024-04-12 23:45:00,Executive Lounge,Macallan 12 Scotch,14625.1,0.0,330.9,14294.2
TXN-14424,2024-04-13 23:45:00,Executive Lounge,Macallan 12 Scotch,14294.2,0.0,263.6,14030.6
TXN-14425,2024-04-14 23:00:00,Executive Lounge,Macallan 12 Scotch,14030.6,0.0,210.1,13820.5
TXN-14426,2024-04-15 22:45:00,Executive Lounge,Macallan 12 Scotch,13820.5,0.0,214.2,13606.3
TXN-14427,2024-04-16 20:30:00,Executive Lounge,Macallan 12 Scotch,13606.3,0.0,187.1,13419.2
TXN-14428,2024-04-17 20:30:00,Executive Lounge,Macallan 12 Scotch,13419.2,0.0,99.3,13319.9
TXN-14429,2024-04-18 22:00:00,Executive Lounge,Macallan 12 Scotch,13319.9,0.0,287.3,13032.6
TXN-14430,2024-04-19 20:30:00,Executive Lounge,Macallan 12 Scotch,13032.6,0.0,243.7,12788.9
TXN-14431,2024-04-20 19:00:00,Executive Lounge,Macallan 12 Scotch,12788.9,0.0,219.6,12569.3
TXN-14432,2024-04-21 19:15:00,Executive Lounge,Macallan 12 Scotch,12569.3,0.0,187.1,12382.2
TXN-14433,2024-04-22 21:15:00,Executive Lounge,Macallan 12 Scotch,12382.2,0.0,119.0,12263.2
TXN-14434,2024-04-23 21:15:00,Executive Lounge,Macallan 12 Scotch,12263.2,0.0,254.2,12009.0
TXN-14435,2024-04-24 19:30:00,Executive Lounge,Macallan 12 Scotch,12009.0,0.0,167.8,11841.2
TXN-14436,2024-04-25 21:45:00,Executive Lounge,Macallan 12 Scotch,11841.2,0.0,202.9,11638.3
TXN-14437,2024-04-26 21:15:00,Executive Lounge,Macallan 12 Scotch,11638.3,0.0,336.0,11302.3
TXN-14438,2024-04-27 21:15:00,Executive Lounge,Macallan 12 Scotch,11302.3,0.0,230.0,11072.3
TXN-14439,2024-04-28 19:45:00,Executive Lounge,Macallan 12 Scotch,11072.3,0.0,118.3,10954.0
TXN-14440,2024-04-29 22:15:00,Executive Lounge,Macallan 12 Scotch,10954.0,0.0,60.8,10893.2
TXN-14441,2024-04-30 22:15:00,Executive Lounge,Macallan 12 Scotch,10893.2,0.0,202.1,10691.1
TXN-14442,2024-05-01 20:15:00,Executive Lounge,Macallan 12 Scotch,10691.1,0.0,212.0,10479.1
TXN-14443,2024-05-02 22:00:00,Executive Lounge,Macallan 12 Scotch,10479.1,0.0,47.4,10431.7
TXN-14444,2024-05-03 23:45:00,Executive Lounge,Macallan 12 Scotch,10431.7,0.0,270.8,10160.9
TXN-14445,2024-05-04 18:30:00,Executive Lounge,Macallan 12 Scotch,10160.9,0.0,212.7,9948.2
TXN-14446,2024-05-05 19:45:00,Executive Lounge,Macallan 12 Scotch,9948.2,0.0,121.6,9826.6
TXN-14447,2024-05-06 22:00:00,Executive Lounge,Macallan 12 Scotch,9826.6,0.0,148.7,9677.9
TXN-14448,2024-05-07 19:45:00,Executive Lounge,Macallan 12 Scotch,9677.9,0.0,105.3,9572.6
TXN-14449,2024-05-08 22:45:00,Executive Lounge,Macallan 12 Scotch,9572.6,0.0,247.1,9325.5
TXN-14450,2024-05-09 23:00:00,Executive Lounge,Macallan 12 Scotch,9325.5,0.0,265.8,9059.7
TXN-14451,2024-05-10 22:45:00,Executive Lounge,Macallan 12 Scotch,9059.7,0.0,195.2,8864.5
TXN-14452,2024-05-11 21:45:00,Executive Lounge,Macallan 12 Scotch,8864.5,0.0,343.4,8521.1
TXN-14453,2024-05-12 22:00:00,Executive Lounge,Macallan 12 Scotch,8521.1,0.0,216.7,8304.4
TXN-14454,2024-05-13 19:30:00,Executive Lounge,Macallan 12 Scotch,8304.4,0.0,197.8,8106.6
TXN-14455,2024-05-14 22:00:00,Executive Lounge,Macallan 12 Scotch,8106.6,0.0,195.3,7911.3
TXN-14456,2024-05-15 19:30:00,Executive Lounge,Macallan 12 Scotch,7911.3,0.0,194.7,7716.6
TXN-14457,2024-05-16 20:45:00,Executive Lounge,Macallan 12 Scotch,7716.6,0.0,220.8,7495.8
TXN-14458,2024-05-17 19:15:00,Executive Lounge,Macallan 12 Scotch,7495.8,0.0,266.5,7229.3
TXN-14459,2024-05-18 23:15:00,Executive Lounge,Macallan 12 Scotch,7229.3,0.0,297.5,6931.8
TXN-14460,2024-05-19 20:15:00,Executive Lounge,Macallan 12 Scotch,6931.8,0.0,170.0,6761.8
TXN-14461,2024-05-20 19:45:00,Executive Lounge,Macallan 12 Scotch,6761.8,0.0,150.6,6611.2
TXN-14462,2024-05-21 19:15:00,Executive Lounge,Macallan 12 Scotch,6611.2,0.0,151.1,6460.1
TXN-14463,2024-05-22 22:00:00,Executive Lounge,Macallan 12 Scotch,6460.1,0.0,204.2,6255.9
TXN-14464,2024-05-23 19:30:00,Executive Lounge,Macallan 12 Scotch,6255.9,0.0,306.1,5949.8
TXN-14465,2024-05-24 23:15:00,Executive Lounge,Macallan 12 Scotch,5949.8,0.0,297.5,5652.3
TXN-14466,2024-05-25 21:30:00,Executive Lounge,Macallan 12 Scotch,5652.3,0.0,193.7,5458.6
TXN-14467,2024-05-26 23:00:00,Executive Lounge,Macallan 12 Scotch,5458.6,0.0,294.2,5164.4
TXN-14468,2024-05-27 23:00:00,Executive Lounge,Macallan 12 Scotch,5164.4,0.0,173.8,4990.6
TXN-14469,2024-05-28 18:00:00,Executive Lounge,Macallan 12 Scotch,4990.6,0.0,227.2,4763.4
TXN-14470,2024-05-29 23:00:00,Executive Lounge,Macallan 12 Scotch,4763.4,0.0,227.1,4536.3
TXN-14471,2024-05-30 23:45:00,Executive Lounge,Macallan 12 Scotch,4536.3,0.0,353.0,4183.3
TXN-14472,2024-05-31 23:45:00,Executive Lounge,Macallan 12 Scotch,4183.3,0.0,213.0,3970.3
TXN-14473,2024-06-01 20:00:00,Executive Lounge,Macallan 12 Scotch,3970.3,0.0,429.0,3541.3
TXN-14474,2024-06-02 18:30:00,Executive Lounge,Macallan 12 Scotch,3541.3,0.0,268.2,3273.1
TXN-14475,2024-06-03 19:15:00,Executive Lounge,Macallan 12 Scotch,3273.1,0.0,260.4,3002.7
TXN-14476,2024-06-04 20:15:00,Executive Lounge,Macallan 12 Scotch,3012.7,0.0,96.3,2916.4
TXN-14477,2024-06-05 23:00:00,Executive Lounge,Macallan 12 Scotch,2916.4,0.0,211.1,2705.3
TXN-14478,2024-06-06 23:15:00,Executive Lounge,Macallan 12 Scotch,2705.3,0.0,312.3,2393.0
TXN-14479,2024-06-07 18:00:00,Executive Lounge,Macallan 12 Scotch,2393.0,0.0,390.0,2003.0
TXN-14480,2024-06-08 23:30:00,Executive Lounge,Macallan 12 Scotch,2003.0,0.0,348.3,1654.7
TXN-14481,2024-06-09 19:45:00,Executive Lounge,Macallan 12 Scotch,1654.7,0.0,277.2,1377.5
TXN-14482,2024-06-10 23:30:00,Executive Lounge,Macallan 12 Scotch,1377.5,9000.0,293.6,10083.9
TXN-14483,2024-06-11 22:45:00,Executive Lounge,Macallan 12 Scotch,10083.9,0.0,182.2,9901.7
TXN-14484,2024-06-12 21:45:00,Executive Lounge,Macallan 12 Scotch,9901.7,0.0,98.5,9803.2
TXN-14485,2024-06-13 19:45:00,Executive Lounge,Macallan 12 Scotch,9803.2,0.0,185.9,9617.3
TXN-14486,2024-06-14 19:30:00,Executive Lounge,Macallan 12 Scotch,9617.3,0.0,314.4,9302.9
TXN-14487,2024-06-15 21:15:00,Executive Lounge,Macallan 12 Scotch,9302.9,0.0,343.3,8959.6
TXN-14488,2024-06-16 21:15:00,Executive Lounge,Macallan 12 Scotch,8959.6,0.0,261.1,8698.5
TXN-14489,2024-06-17 23:00:00,Executive Lounge,Macallan 12 Scotch,8698.5,0.0,124.9,8573.6
TXN-14490,2024-06-18 20:00:00,Executive Lounge,Macallan 12 Scotch,8573.6,0.0,294.1,8279.5
TXN-14491,2024-06-19 18:30:00,Executive Lounge,Macallan 12 Scotch,8279.5,0.0,245.6,8033.9
TXN-14492,2024-06-20 18:45:00,Executive Lounge,Macallan 12 Scotch,8033.9,0.0,172.0,7861.9
TXN-14493,2024-06-21 19:15:00,Executive Lounge,Macallan 12 Scotch,7861.9,0.0,316.1,7545.8
TXN-14494,2024-06-22 23:30:00,Executive Lounge,Macallan 12 Scotch,7545.8,0.0,329.6,7216.2
TXN-14495,2024-06-23 23:30:00,Executive Lounge,Macallan 12 Scotch,7216.2,0.0,177.3,7038.9
TXN-14496,2024-06-24 19:30:00,Executive Lounge,Macallan 12 Scotch,7038.9,0.0,235.2,6803.7
TXN-14497,2024-06-25 20:45:00,Executive Lounge,Macallan 12 Scotch,6803.7,0.0,86.4,6717.3
TXN-14498,2024-06-26 19:45:00,Executive Lounge,Macallan 12 Scotch,6717.3,0.0,178.3,6539.0
TXN-14499,2024-06-27 19:30:00,Executive Lounge,Macallan 12 Scotch,6539.0,0.0,187.9,6351.1
TXN-14500,2024-06-28 22:15:00,Executive Lounge,Macallan 12 Scotch,6351.1,0.0,365.3,5985.8
TXN-14501,2024-01-01 21:15:00,Executive Lounge,Patron Silver Tequila,6750.0,0.0,321.9,6428.1
TXN-14502,2024-01-02 19:45:00,Executive Lounge,Patron Silver Tequila,6428.1,0.0,298.4,6129.7
TXN-14503,2024-01-03 18:00:00,Executive Lounge,Patron Silver Tequila,6129.7,0.0,295.2,5834.5
TXN-14504,2024-01-04 21:00:00,Executive Lounge,Patron Silver Tequila,5834.5,0.0,201.6,5632.9
TXN-14505,2024-01-05 18:00:00,Executive Lounge,Patron Silver Tequila,5632.9,0.0,587.7,5045.2
TXN-14506,2024-01-06 19:30:00,Executive Lounge,Patron Silver Tequila,5045.2,0.0,567.6,4477.6
TXN-14507,2024-01-07 20:45:00,Executive Lounge,Patron Silver Tequila,4477.6,0.0,380.3,4097.3
TXN-14508,2024-01-08 21:00:00,Executive Lounge,Patron Silver Tequila,4097.3,0.0,209.5,3887.8
TXN-14509,2024-01-09 23:45:00,Executive Lounge,Patron Silver Tequila,3887.8,0.0,284.0,3603.8
TXN-14510,2024-01-10 21:00:00,Executive Lounge,Patron Silver Tequila,3603.8,0.0,267.4,3336.4
TXN-14511,2024-01-11 23:30:00,Executive Lounge,Patron Silver Tequila,3336.4,0.0,288.0,3048.4
TXN-14512,2024-01-12 21:00:00,Executive Lounge,Patron Silver Tequila,3048.4,0.0,644.8,2403.6
TXN-14513,2024-01-13 22:15:00,Executive Lounge,Patron Silver Tequila,2403.6,0.0,408.0,1995.6
TXN-14514,2024-01-14 22:00:00,Executive Lounge,Patron Silver Tequila,1995.6,0.0,427.4,1568.2
TXN-14515,2024-01-15 20:30:00,Executive Lounge,Patron Silver Tequila,1568.2,0.0,238.7,1329.5
TXN-14516,2024-01-16 23:30:00,Executive Lounge,Patron Silver Tequila,1329.5,9000.0,166.9,10162.6
TXN-14517,2024-01-17 18:00:00,Executive Lounge,Patron Silver Tequila,10162.6,0.0,378.7,9783.9
TXN-14518,2024-01-18 18:00:00,Executive Lounge,Patron Silver Tequila,9783.9,0.0,183.7,9600.2
TXN-14519,2024-01-19 23:15:00,Executive Lounge,Patron Silver Tequila,9600.2,0.0,627.6,8972.6
TXN-14520,2024-01-20 19:45:00,Executive Lounge,Patron Silver Tequila,8972.6,0.0,637.2,8335.4
TXN-14521,2024-01-21 20:30:00,Executive Lounge,Patron Silver Tequila,8335.4,0.0,313.7,8021.7
TXN-14522,2024-01-22 18:15:00,Executive Lounge,Patron Silver Tequila,8021.7,0.0,236.6,7785.1
TXN-14523,2024-01-23 21:30:00,Executive Lounge,Patron Silver Tequila,7785.1,0.0,257.4,7527.7
TXN-14524,2024-01-24 19:45:00,Executive Lounge,Patron Silver Tequila,7527.7,0.0,155.0,7372.7
TXN-14525,2024-01-25 22:00:00,Executive Lounge,Patron Silver Tequila,7372.7,0.0,335.6,7037.1
TXN-14526,2024-01-26 21:15:00,Executive Lounge,Patron Silver Tequila,7037.1,0.0,550.6,6486.5
TXN-14527,2024-01-27 21:45:00,Executive Lounge,Patron Silver Tequila,6486.5,0.0,565.0,5921.5
TXN-14528,2024-01-28 21:15:00,Executive Lounge,Patron Silver Tequila,5921.5,0.0,162.8,5758.7
TXN-14529,2024-01-29 23:45:00,Executive Lounge,Patron Silver Tequila,5758.7,0.0,295.9,5462.8
TXN-14530,2024-01-30 19:30:00,Executive Lounge,Patron Silver Tequila,5462.8,0.0,315.1,5147.7
TXN-14531,2024-01-31 19:30:00,Executive Lounge,Patron Silver Tequila,5147.7,0.0,196.7,4951.0
TXN-14532,2024-02-01 20:00:00,Executive Lounge,Patron Silver Tequila,4951.0,0.0,293.1,4657.9
TXN-14533,2024-02-02 20:00:00,Executive Lounge,Patron Silver Tequila,4657.9,0.0,658.9,3999.0
TXN-14534,2024-02-03 21:00:00,Executive Lounge,Patron Silver Tequila,3999.0,0.0,595.5,3403.5
TXN-14535,2024-02-04 22:15:00,Executive Lounge,Patron Silver Tequila,3403.5,0.0,334.2,3069.3
TXN-14536,2024-02-05 22:45:00,Executive Lounge,Patron Silver Tequila,3069.3,0.0,370.8,2698.5
TXN-14537,2024-02-06 20:45:00,Executive Lounge,Patron Silver Tequila,2698.5,0.0,168.4,2530.1
TXN-14538,2024-02-07 18:30:00,Executive Lounge,Patron Silver Tequila,2530.1,0.0,183.8,2346.3
TXN-14539,2024-02-08 23:00:00,Executive Lounge,Patron Silver Tequila,2346.3,0.0,299.9,2046.4
TXN-14540,2024-02-09 18:15:00,Executive Lounge,Patron Silver Tequila,2046.4,0.0,651.3,1395.1
TXN-14541,2024-02-10 19:45:00,Executive Lounge,Patron Silver Tequila,1395.1,9000.0,439.2,9955.9
TXN-14542,2024-02-11 21:15:00,Executive Lounge,Patron Silver Tequila,9955.9,0.0,284.4,9671.5
TXN-14543,2024-02-12 21:30:00,Executive Lounge,Patron Silver Tequila,9671.5,0.0,315.2,9356.3
TXN-14544,2024-02-13 20:15:00,Executive Lounge,Patron Silver Tequila,9356.3,0.0,363.7,8992.6
TXN-14545,2024-02-14 18:00:00,Executive Lounge,Patron Silver Tequila,8992.6,0.0,406.7,8585.9
TXN-14546,2024-02-15 23:45:00,Executive Lounge,Patron Silver Tequila,8585.9,0.0,381.5,8204.4
TXN-14547,2024-02-16 20:00:00,Executive Lounge,Patron Silver Tequila,8204.4,0.0,694.0,7510.4
TXN-14548,2024-02-17 22:15:00,Executive Lounge,Patron Silver Tequila,7510.4,0.0,717.0,6793.4
TXN-14549,2024-02-18 19:00:00,Executive Lounge,Patron Silver Tequila,6793.4,0.0,118.0,6675.4
TXN-14550,2024-02-19 20:00:00,Executive Lounge,Patron Silver Tequila,6675.4,0.0,162.0,6513.4
TXN-14551,2024-02-20 21:30:00,Executive Lounge,Patron Silver Tequila,6513.4,0.0,165.5,6347.9
TXN-14552,2024-02-21 23:45:00,Executive Lounge,Patron Silver Tequila,6347.9,0.0,157.5,6190.4
TXN-14553,2024-02-22 22:15:00,Executive Lounge,Patron Silver Tequila,6190.4,0.0,312.3,5878.1
TXN-14554,2024-02-23 20:00:00,Executive Lounge,Patron Silver Tequila,5878.1,0.0,586.0,5292.1
TXN-14555,2024-02-24 23:15:00,Executive Lounge,Patron Silver Tequila,5292.1,0.0,731.1,4561.0
TXN-14556,2024-02-25 23:00:00,Executive Lounge,Patron Silver Tequila,4561.0,0.0,279.5,4281.5
TXN-14557,2024-02-26 21:30:00,Executive Lounge,Patron Silver Tequila,4281.5,0.0,194.7,4086.8
TXN-14558,2024-02-27 22:15:00,Executive Lounge,Patron Silver Tequila,4086.8,0.0,259.7,3827.1
TXN-14559,2024-02-28 19:30:00,Executive Lounge,Patron Silver Tequila,3827.1,0.0,405.4,3421.7
TXN-14560,2024-02-29 21:45:00,Executive Lounge,Patron Silver Tequila,3421.7,0.0,178.6,3243.1
TXN-14561,2024-03-01 18:45:00,Executive Lounge,Patron Silver Tequila,3243.1,0.0,575.6,2667.5
TXN-14562,2024-03-02 19:30:00,Executive Lounge,Patron Silver Tequila,2667.5,0.0,659.3,2008.2
TXN-14563,2024-03-03 19:00:00,Executive Lounge,Patron Silver Tequila,2008.2,0.0,257.7,1750.5
TXN-14564,2024-03-04 20:30:00,Executive Lounge,Patron Silver Tequila,1750.5,0.0,125.5,1625.0
TXN-14565,2024-03-05 19:00:00,Executive Lounge,Patron Silver Tequila,1625.0,0.0,168.6,1456.4
TXN-14566,2024-03-06 23:15:00,Executive Lounge,Patron Silver Tequila,1456.4,9000.0,313.0,10143.4
TXN-14567,2024-03-07 22:15:00,Executive Lounge,Patron Silver Tequila,10143.4,0.0,306.2,9837.2
TXN-14568,2024-03-08 21:15:00,Executive Lounge,Patron Silver Tequila,9837.2,0.0,545.9,9291.3
TXN-14569,2024-03-09 21:45:00,Executive Lounge,Patron Silver Tequila,9291.3,0.0,709.5,8581.8
TXN-14570,2024-03-10 20:45:00,Executive Lounge,Patron Silver Tequila,8581.8,0.0,298.1,8283.7
TXN-14571,2024-03-11 22:15:00,Executive Lounge,Patron Silver Tequila,8283.7,0.0,290.5,7993.2
TXN-14572,2024-03-12 23:45:00,Executive Lounge,Patron Silver Tequila,7993.2,0.0,348.1,7645.1
TXN-14573,2024-03-13 22:45:00,Executive Lounge,Patron Silver Tequila,7645.1,0.0,284.9,7360.2
TXN-14574,2024-03-14 23:15:00,Executive Lounge,Patron Silver Tequila,7360.2,0.0,361.1,6999.1
TXN-14575,2024-03-15 19:00:00,Executive Lounge,Patron Silver Tequila,6999.1,0.0,711.8,6287.3
TXN-14576,2024-03-16 19:00:00,Executive Lounge,Patron Silver Tequila,6287.3,0.0,636.3,5651.0
TXN-14577,2024-03-17 22:30:00,Executive Lounge,Patron Silver Tequila,5651.0,0.0,245.6,5405.4
TXN-14578,2024-03-18 21:15:00,Executive Lounge,Patron Silver Tequila,5405.4,0.0,276.8,5128.6
TXN-14579,2024-03-19 19:30:00,Executive Lounge,Patron Silver Tequila,5128.6,0.0,330.4,4798.2
TXN-14580,2024-03-20 21:00:00,Executive Lounge,Patron Silver Tequila,4798.2,0.0,236.0,4562.2
TXN-14581,2024-03-21 23:30:00,Executive Lounge,Patron Silver Tequila,4562.2,0.0,371.5,4190.7
TXN-14582,2024-03-22 23:30:00,Executive Lounge,Patron Silver Tequila,4190.7,0.0,785.1,3405.6
TXN-14583,2024-03-23 22:45:00,Executive Lounge,Patron Silver Tequila,3405.6,0.0,524.2,2881.4
TXN-14584,2024-03-24 19:00:00,Executive Lounge,Patron Silver Tequila,2881.4,0.0,227.3,2654.1
TXN-14585,2024-03-25 18:30:00,Executive Lounge,Patron Silver Tequila,2654.1,0.0,416.0,2238.1
TXN-14586,2024-03-26 19:15:00,Executive Lounge,Patron Silver Tequila,2238.1,0.0,538.3,1699.8
TXN-14587,2024-03-27 23:00:00,Executive Lounge,Patron Silver Tequila,1699.8,0.0,110.2,1589.6
TXN-14588,2024-03-28 21:30:00,Executive Lounge,Patron Silver Tequila,1589.6,0.0,377.5,1212.1
TXN-14589,2024-03-29 20:15:00,Executive Lounge,Patron Silver Tequila,1212.1,13500.0,637.0,14075.1
TXN-14590,2024-03-30 18:00:00,Executive Lounge,Patron Silver Tequila,14075.1,0.0,553.5,13521.6
TXN-14591,2024-03-31 23:45:00,Executive Lounge,Patron Silver Tequila,13521.6,0.0,171.9,13349.7
TXN-14592,2024-04-01 19:45:00,Executive Lounge,Patron Silver Tequila,13349.7,0.0,317.3,13032.4
TXN-14593,2024-04-02 21:15:00,Executive Lounge,Patron Silver Tequila,13032.4,0.0,271.4,12761.0
TXN-14594,2024-04-03 20:45:00,Executive Lounge,Patron Silver Tequila,12761.0,0.0,134.5,12626.5
TXN-14595,2024-04-04 23:45:00,Executive Lounge,Patron Silver Tequila,12626.5,0.0,63.2,12563.3
TXN-14596,2024-04-05 19:15:00,Executive Lounge,Patron Silver Tequila,12563.3,0.0,527.1,12036.2
TXN-14597,2024-04-06 22:00:00,Executive Lounge,Patron Silver Tequila,12036.2,0.0,659.9,11376.3
TXN-14598,2024-04-07 21:45:00,Executive Lounge,Patron Silver Tequila,11376.3,0.0,483.0,10893.3
TXN-14599,2024-04-08 23:00:00,Executive Lounge,Patron Silver Tequila,10893.3,0.0,283.0,10610.3
TXN-14600,2024-04-09 18:15:00,Executive Lounge,Patron Silver Tequila,10610.3,0.0,353.0,10257.3
TXN-14601,2024-04-10 20:00:00,Executive Lounge,Patron Silver Tequila,10257.3,0.0,182.5,10074.8
TXN-14602,2024-04-11 19:00:00,Executive Lounge,Patron Silver Tequila,10074.8,0.0,476.2,9598.6
TXN-14603,2024-04-12 22:45:00,Executive Lounge,Patron Silver Tequila,9598.6,0.0,516.2,9082.4
TXN-14604,2024-04-13 21:15:00,Executive Lounge,Patron Silver Tequila,9082.4,0.0,699.9,8382.5
TXN-14605,2024-04-14 22:45:00,Executive Lounge,Patron Silver Tequila,8382.5,0.0,280.2,8102.3
TXN-14606,2024-04-15 22:45:00,Executive Lounge,Patron Silver Tequila,8102.3,0.0,275.0,7827.3
TXN-14607,2024-04-16 21:45:00,Executive Lounge,Patron Silver Tequila,7827.3,0.0,200.7,7626.6
TXN-14608,2024-04-17 21:00:00,Executive Lounge,Patron Silver Tequila,7626.6,0.0,380.9,7245.7
TXN-14609,2024-04-18 19:00:00,Executive Lounge,Patron Silver Tequila,7245.7,0.0,247.1,6998.6
TXN-14610,2024-04-19 20:30:00,Executive Lounge,Patron Silver Tequila,6998.6,0.0,741.4,6257.2
TXN-14611,2024-04-20 20:45:00,Executive Lounge,Patron Silver Tequila,6257.2,0.0,707.6,5549.6
TXN-14612,2024-04-21 20:45:00,Executive Lounge,Patron Silver Tequila,5549.6,0.0,324.9,5224.7
TXN-14613,2024-04-22 21:30:00,Executive Lounge,Patron Silver Tequila,5224.7,0.0,191.5,5033.2
TXN-14614,2024-04-23 23:15:00,Executive Lounge,Patron Silver Tequila,5033.2,0.0,189.1,4844.1
TXN-14615,2024-04-24 19:30:00,Executive Lounge,Patron Silver Tequila,4844.1,0.0,350.1,4494.0
TXN-14616,2024-04-25 19:45:00,Executive Lounge,Patron Silver Tequila,4494.0,0.0,199.1,4294.9
TXN-14617,2024-04-26 20:45:00,Executive Lounge,Patron Silver Tequila,4294.9,0.0,460.3,3834.6
TXN-14618,2024-04-27 19:15:00,Executive Lounge,Patron Silver Tequila,3834.6,0.0,445.0,3389.6
TXN-14619,2024-04-28 21:45:00,Executive Lounge,Patron Silver Tequila,3389.6,0.0,166.3,3223.3
TXN-14620,2024-04-29 18:15:00,Executive Lounge,Patron Silver Tequila,3223.3,0.0,241.1,2982.2
TXN-14621,2024-04-30 20:00:00,Executive Lounge,Patron Silver Tequila,2982.2,0.0,166.9,2815.3
TXN-14622,2024-05-01 19:30:00,Executive Lounge,Patron Silver Tequila,2815.3,0.0,239.6,2575.7
TXN-14623,2024-05-02 21:00:00,Executive Lounge,Patron Silver Tequila,2575.7,0.0,209.5,2366.2
TXN-14624,2024-05-03 21:30:00,Executive Lounge,Patron Silver Tequila,2366.2,0.0,489.2,1877.0
TXN-14625,2024-05-04 21:15:00,Executive Lounge,Patron Silver Tequila,1877.0,0.0,592.5,1284.5
TXN-14626,2024-05-05 23:30:00,Executive Lounge,Patron Silver Tequila,1284.5,13500.0,469.2,14315.3
TXN-14627,2024-05-06 23:00:00,Executive Lounge,Patron Silver Tequila,14315.3,0.0,182.4,14132.9
TXN-14628,2024-05-07 21:30:00,Executive Lounge,Patron Silver Tequila,14132.9,0.0,325.8,13807.1
TXN-14629,2024-05-08 21:45:00,Executive Lounge,Patron Silver Tequila,13807.1,0.0,318.4,13488.7
TXN-14630,2024-05-09 21:00:00,Executive Lounge,Patron Silver Tequila,13488.7,0.0,208.5,13280.2
TXN-14631,2024-05-10 20:15:00,Executive Lounge,Patron Silver Tequila,13280.2,0.0,663.1,12617.1
TXN-14632,2024-05-11 19:30:00,Executive Lounge,Patron Silver Tequila,12617.1,0.0,658.7,11958.4
TXN-14633,2024-05-12 21:15:00,Executive Lounge,Patron Silver Tequila,11958.4,0.0,388.0,11570.4
TXN-14634,2024-05-13 21:15:00,Executive Lounge,Patron Silver Tequila,11570.4,0.0,131.4,11439.0
TXN-14635,2024-05-14 22:15:00,Executive Lounge,Patron Silver Tequila,11439.0,0.0,232.7,11206.3
TXN-14636,2024-05-15 18:30:00,Executive Lounge,Patron Silver Tequila,11206.3,0.0,273.7,10932.6
TXN-14637,2024-05-16 22:30:00,Executive Lounge,Patron Silver Tequila,10932.6,0.0,210.4,10722.2
TXN-14638,2024-05-17 18:30:00,Executive Lounge,Patron Silver Tequila,10722.2,0.0,618.0,10104.2
TXN-14639,2024-05-18 23:15:00,Executive Lounge,Patron Silver Tequila,10104.2,0.0,672.1,9432.1
TXN-14640,2024-05-19 23:15:00,Executive Lounge,Patron Silver Tequila,9432.1,0.0,281.3,9150.8
TXN-14641,2024-05-20 23:30:00,Executive Lounge,Patron Silver Tequila,9150.8,0.0,434.4,8716.4
TXN-14642,2024-05-21 20:15:00,Executive Lounge,Patron Silver Tequila,8716.4,0.0,230.3,8486.1
TXN-14643,2024-05-22 18:15:00,Executive Lounge,Patron Silver Tequila,8486.1,0.0,221.1,8265.0
TXN-14644,2024-05-23 19:00:00,Executive Lounge,Patron Silver Tequila,8265.0,0.0,457.5,7807.5
TXN-14645,2024-05-24 18:15:00,Executive Lounge,Patron Silver Tequila,7807.5,0.0,637.1,7170.4
TXN-14646,2024-05-25 23:30:00,Executive Lounge,Patron Silver Tequila,7170.4,0.0,609.4,6561.0
TXN-14647,2024-05-26 20:45:00,Executive Lounge,Patron Silver Tequila,6561.0,0.0,298.9,6262.1
TXN-14648,2024-05-27 20:45:00,Executive Lounge,Patron Silver Tequila,6262.1,0.0,327.6,5934.5
TXN-14649,2024-05-28 22:30:00,Executive Lounge,Patron Silver Tequila,5934.5,0.0,379.9,5554.6
TXN-14650,2024-05-29 23:45:00,Executive Lounge,Patron Silver Tequila,5554.6,0.0,175.8,5378.8
TXN-14651,2024-05-30 20:45:00,Executive Lounge,Patron Silver Tequila,5378.8,0.0,372.3,5006.5
TXN-14652,2024-05-31 21:30:00,Executive Lounge,Patron Silver Tequila,5006.5,0.0,686.6,4319.9
TXN-14653,2024-06-01 23:45:00,Executive Lounge,Patron Silver Tequila,4319.9,0.0,514.6,3805.3
TXN-14654,2024-06-02 23:15:00,Executive Lounge,Patron Silver Tequila,3805.3,0.0,126.2,3679.1
TXN-14655,2024-06-03 22:45:00,Executive Lounge,Patron Silver Tequila,3679.1,0.0,289.4,3389.7
TXN-14656,2024-06-04 22:00:00,Executive Lounge,Patron Silver Tequila,3389.7,0.0,243.0,3146.7
TXN-14657,2024-06-05 20:45:00,Executive Lounge,Patron Silver Tequila,3146.7,0.0,262.5,2884.2
TXN-14658,2024-06-06 18:15:00,Executive Lounge,Patron Silver Tequila,2884.2,0.0,380.0,2504.2
TXN-14659,2024-06-07 20:45:00,Executive Lounge,Patron Silver Tequila,2504.2,0.0,471.2,2033.0
TXN-14660,2024-06-08 20:00:00,Executive Lounge,Patron Silver Tequila,2033.0,0.0,662.4,1370.6
TXN-14661,2024-06-09 23:00:00,Executive Lounge,Patron Silver Tequila,1370.6,13500.0,175.1,14695.5
TXN-14662,2024-06-10 20:00:00,Executive Lounge,Patron Silver Tequila,14695.5,0.0,303.5,14392.0
TXN-14663,2024-06-11 21:00:00,Executive Lounge,Patron Silver Tequila,14392.0,0.0,242.4,14149.6
TXN-14664,2024-06-12 23:45:00,Executive Lounge,Patron Silver Tequila,14149.6,0.0,496.2,13653.4
TXN-14665,2024-06-13 22:00:00,Executive Lounge,Patron Silver Tequila,13653.4,0.0,231.7,13421.7
TXN-14666,2024-06-14 19:45:00,Executive Lounge,Patron Silver Tequila,13421.7,0.0,626.9,12794.8
TXN-14667,2024-06-15 19:00:00,Executive Lounge,Patron Silver Tequila,12794.8,0.0,606.8,12188.0
TXN-14668,2024-06-16 20:15:00,Executive Lounge,Patron Silver Tequila,12188.0,0.0,157.4,12030.6
TXN-14669,2024-06-17 23:45:00,Executive Lounge,Patron Silver Tequila,12030.6,0.0,337.3,11693.3
TXN-14670,2024-06-18 21:30:00,Executive Lounge,Patron Silver Tequila,11693.3,0.0,113.6,11579.7
TXN-14671,2024-06-19 23:15:00,Executive Lounge,Patron Silver Tequila,11579.7,0.0,349.5,11230.2
TXN-14672,2024-06-20 18:45:00,Executive Lounge,Patron Silver Tequila,11230.2,0.0,261.1,10969.1
TXN-14673,2024-06-21 21:30:00,Executive Lounge,Patron Silver Tequila,10969.1,0.0,627.8,10341.3
TXN-14674,2024-06-22 20:30:00,Executive Lounge,Patron Silver Tequila,10341.3,0.0,600.4,9740.9
TXN-14675,2024-06-23 23:45:00,Executive Lounge,Patron Silver Tequila,9740.9,0.0,328.4,9412.5
TXN-14676,2024-06-24 21:45:00,Executive Lounge,Patron Silver Tequila,9412.5,0.0,363.0,9049.5
TXN-14677,2024-06-25 20:15:00,Executive Lounge,Patron Silver Tequila,9049.5,0.0,450.6,8598.9
TXN-14678,2024-06-26 18:45:00,Executive Lounge,Patron Silver Tequila,8598.9,0.0,238.3,8360.6
TXN-14679,2024-06-27 20:00:00,Executive Lounge,Patron Silver Tequila,8360.6,0.0,339.9,8020.7
TXN-14680,2024-06-28 23:45:00,Executive Lounge,Patron Silver Tequila,8020.7,0.0,678.1,7342.6
TXN-14681,2024-01-01 22:30:00,Executive Lounge,Remy Martin XO Cognac,4200.0,0.0,14.8,4185.2
TXN-14682,2024-01-02 21:15:00,Executive Lounge,Remy Martin XO Cognac,4185.2,0.0,0.0,4185.2
TXN-14683,2024-01-03 18:45:00,Executive Lounge,Remy Martin XO Cognac,4185.2,0.0,54.9,4130.3
TXN-14684,2024-01-04 19:30:00,Executive Lounge,Remy Martin XO Cognac,4130.3,0.0,69.3,4061.0
TXN-14685,2024-01-05 22:15:00,Executive Lounge,Remy Martin XO Cognac,4061.0,0.0,125.1,3935.9
TXN-14686,2024-01-06 18:45:00,Executive Lounge,Remy Martin XO Cognac,3935.9,0.0,99.6,3836.3
TXN-14687,2024-01-07 22:00:00,Executive Lounge,Remy Martin XO Cognac,3836.3,0.0,145.9,3690.4
TXN-14688,2024-01-08 22:45:00,Executive Lounge,Remy Martin XO Cognac,3690.4,0.0,96.3,3594.1
TXN-14689,2024-01-09 19:30:00,Executive Lounge,Remy Martin XO Cognac,3594.1,0.0,103.7,3490.4
TXN-14690,2024-01-10 23:30:00,Executive Lounge,Remy Martin XO Cognac,3490.4,0.0,66.0,3424.4
TXN-14691,2024-01-11 20:15:00,Executive Lounge,Remy Martin XO Cognac,3424.4,0.0,38.6,3385.8
TXN-14692,2024-01-12 22:30:00,Executive Lounge,Remy Martin XO Cognac,3385.8,0.0,104.0,3281.8
TXN-14693,2024-01-13 23:45:00,Executive Lounge,Remy Martin XO Cognac,3281.8,0.0,94.3,3187.5
TXN-14694,2024-01-14 23:30:00,Executive Lounge,Remy Martin XO Cognac,3187.5,0.0,34.8,3152.7
TXN-14695,2024-01-15 22:15:00,Executive Lounge,Remy Martin XO Cognac,3152.7,0.0,97.3,3055.4
TXN-14696,2024-01-16 20:30:00,Executive Lounge,Remy Martin XO Cognac,3055.4,0.0,0.0,3055.4
TXN-14697,2024-01-17 20:15:00,Executive Lounge,Remy Martin XO Cognac,3055.4,0.0,0.0,3055.4
TXN-14698,2024-01-18 23:45:00,Executive Lounge,Remy Martin XO Cognac,3055.4,0.0,0.0,3055.4
TXN-14699,2024-01-19 20:30:00,Executive Lounge,Remy Martin XO Cognac,3055.4,0.0,55.0,3000.4
TXN-14700,2024-01-20 23:15:00,Executive Lounge,Remy Martin XO Cognac,3000.4,0.0,47.1,2953.3
TXN-14701,2024-01-21 23:30:00,Executive Lounge,Remy Martin XO Cognac,2953.3,0.0,79.6,2873.7
TXN-14702,2024-01-22 19:15:00,Executive Lounge,Remy Martin XO Cognac,2873.7,0.0,129.8,2743.9
TXN-14703,2024-01-23 19:45:00,Executive Lounge,Remy Martin XO Cognac,2743.9,0.0,0.0,2743.9
TXN-14704,2024-01-24 18:15:00,Executive Lounge,Remy Martin XO Cognac,2743.9,0.0,0.0,2743.9
TXN-14705,2024-01-25 18:45:00,Executive Lounge,Remy Martin XO Cognac,2743.9,0.0,65.4,2678.5
TXN-14706,2024-01-26 21:45:00,Executive Lounge,Remy Martin XO Cognac,2678.5,0.0,89.0,2589.5
TXN-14707,2024-01-27 20:45:00,Executive Lounge,Remy Martin XO Cognac,2589.5,0.0,86.3,2503.2
TXN-14708,2024-01-28 22:15:00,Executive Lounge,Remy Martin XO Cognac,2503.2,0.0,0.0,2503.2
TXN-14709,2024-01-29 18:15:00,Executive Lounge,Remy Martin XO Cognac,2503.2,0.0,102.3,2400.9
TXN-14710,2024-01-30 23:00:00,Executive Lounge,Remy Martin XO Cognac,2400.9,0.0,0.0,2400.9
TXN-14711,2024-01-31 21:45:00,Executive Lounge,Remy Martin XO Cognac,2400.9,0.0,0.0,2400.9
TXN-14712,2024-02-01 22:45:00,Executive Lounge,Remy Martin XO Cognac,2400.9,0.0,0.0,2400.9
TXN-14713,2024-02-02 19:45:00,Executive Lounge,Remy Martin XO Cognac,2400.9,0.0,14.6,2386.3
TXN-14714,2024-02-03 23:45:00,Executive Lounge,Remy Martin XO Cognac,2386.3,0.0,96.9,2289.4
TXN-14715,2024-02-04 21:00:00,Executive Lounge,Remy Martin XO Cognac,2289.4,0.0,0.0,2289.4
TXN-14716,2024-02-05 20:15:00,Executive Lounge,Remy Martin XO Cognac,2289.4,0.0,0.0,2289.4
TXN-14717,2024-02-06 19:45:00,Executive Lounge,Remy Martin XO Cognac,2289.4,0.0,0.0,2289.4
TXN-14718,2024-02-07 22:45:00,Executive Lounge,Remy Martin XO Cognac,2289.4,0.0,0.0,2289.4
TXN-14719,2024-02-08 18:15:00,Executive Lounge,Remy Martin XO Cognac,2289.4,0.0,0.0,2289.4
TXN-14720,2024-02-09 18:00:00,Executive Lounge,Remy Martin XO Cognac,2289.4,0.0,67.6,2221.8
TXN-14721,2024-02-10 18:15:00,Executive Lounge,Remy Martin XO Cognac,2221.8,0.0,143.3,2078.5
TXN-14722,2024-02-11 18:30:00,Executive Lounge,Remy Martin XO Cognac,2078.5,0.0,44.6,2033.9
TXN-14723,2024-02-12 18:15:00,Executive Lounge,Remy Martin XO Cognac,2033.9,0.0,0.0,2033.9
TXN-14724,2024-02-13 20:15:00,Executive Lounge,Remy Martin XO Cognac,2033.9,0.0,58.1,1975.8
TXN-14725,2024-02-14 20:30:00,Executive Lounge,Remy Martin XO Cognac,1975.8,0.0,0.0,1975.8
TXN-14726,2024-02-15 20:15:00,Executive Lounge,Remy Martin XO Cognac,1975.8,0.0,68.5,1907.3
TXN-14727,2024-02-16 19:30:00,Executive Lounge,Remy Martin XO Cognac,1907.3,0.0,159.7,1747.6
TXN-14728,2024-02-17 21:30:00,Executive Lounge,Remy Martin XO Cognac,1747.6,0.0,92.1,1655.5
TXN-14729,2024-02-18 22:45:00,Executive Lounge,Remy Martin XO Cognac,1655.5,0.0,79.8,1575.7
TXN-14730,2024-02-19 19:30:00,Executive Lounge,Remy Martin XO Cognac,1575.7,0.0,113.0,1462.7
TXN-14731,2024-02-20 21:45:00,Executive Lounge,Remy Martin XO Cognac,1462.7,0.0,0.0,1462.7
TXN-14732,2024-02-21 21:45:00,Executive Lounge,Remy Martin XO Cognac,1462.7,0.0,0.0,1462.7
TXN-14733,2024-02-22 21:00:00,Executive Lounge,Remy Martin XO Cognac,1462.7,0.0,53.3,1409.4
TXN-14734,2024-02-23 20:30:00,Executive Lounge,Remy Martin XO Cognac,1409.4,0.0,57.0,1352.4
TXN-14735,2024-02-24 22:45:00,Executive Lounge,Remy Martin XO Cognac,1352.4,12600.0,70.3,13882.1
TXN-14736,2024-02-25 20:45:00,Executive Lounge,Remy Martin XO Cognac,13882.1,0.0,0.0,13882.1
TXN-14737,2024-02-26 20:15:00,Executive Lounge,Remy Martin XO Cognac,13882.1,0.0,0.0,13882.1
TXN-14738,2024-02-27 20:15:00,Executive Lounge,Remy Martin XO Cognac,13882.1,0.0,0.3,13881.8
TXN-14739,2024-02-28 18:15:00,Executive Lounge,Remy Martin XO Cognac,13881.8,0.0,68.5,13813.3
TXN-14740,2024-02-29 19:30:00,Executive Lounge,Remy Martin XO Cognac,13813.3,0.0,66.4,13746.9
TXN-14741,2024-03-01 20:00:00,Executive Lounge,Remy Martin XO Cognac,13746.9,0.0,55.7,13691.2
TXN-14742,2024-03-02 23:30:00,Executive Lounge,Remy Martin XO Cognac,13691.2,0.0,60.3,13630.9
TXN-14743,2024-03-03 19:00:00,Executive Lounge,Remy Martin XO Cognac,13630.9,0.0,8.9,13622.0
TXN-14744,2024-03-04 23:45:00,Executive Lounge,Remy Martin XO Cognac,13622.0,0.0,11.4,13610.6
TXN-14745,2024-03-05 23:00:00,Executive Lounge,Remy Martin XO Cognac,13610.6,0.0,80.7,13529.9
TXN-14746,2024-03-06 19:30:00,Executive Lounge,Remy Martin XO Cognac,13529.9,0.0,107.0,13422.9
TXN-14747,2024-03-07 19:45:00,Executive Lounge,Remy Martin XO Cognac,13422.9,0.0,67.2,13355.7
TXN-14748,2024-03-08 23:15:00,Executive Lounge,Remy Martin XO Cognac,13355.7,0.0,141.7,13214.0
TXN-14749,2024-03-09 20:00:00,Executive Lounge,Remy Martin XO Cognac,13214.0,0.0,77.8,13136.2
TXN-14750,2024-03-10 21:45:00,Executive Lounge,Remy Martin XO Cognac,13136.2,0.0,0.0,13136.2
TXN-14751,2024-03-11 20:30:00,Executive Lounge,Remy Martin XO Cognac,13136.2,0.0,0.0,13136.2
TXN-14752,2024-03-12 19:45:00,Executive Lounge,Remy Martin XO Cognac,13136.2,0.0,0.0,13136.2
TXN-14753,2024-03-13 18:00:00,Executive Lounge,Remy Martin XO Cognac,13136.2,0.0,30.9,13105.3
TXN-14754,2024-03-14 21:45:00,Executive Lounge,Remy Martin XO Cognac,13105.3,0.0,13.9,13091.4
TXN-14755,2024-03-15 19:00:00,Executive Lounge,Remy Martin XO Cognac,13091.4,0.0,39.0,13052.4
TXN-14756,2024-03-16 23:30:00,Executive Lounge,Remy Martin XO Cognac,13052.4,0.0,119.1,12933.3
TXN-14757,2024-03-17 22:30:00,Executive Lounge,Remy Martin XO Cognac,12933.3,0.0,0.0,12933.3
TXN-14758,2024-03-18 22:00:00,Executive Lounge,Remy Martin XO Cognac,12933.3,0.0,76.5,12856.8
TXN-14759,2024-03-19 19:30:00,Executive Lounge,Remy Martin XO Cognac,12856.8,0.0,0.0,12856.8
TXN-14760,2024-03-20 20:15:00,Executive Lounge,Remy Martin XO Cognac,12856.8,0.0,0.0,12856.8
TXN-14761,2024-03-21 19:00:00,Executive Lounge,Remy Martin XO Cognac,12856.8,0.0,62.8,12794.0
TXN-14762,2024-03-22 20:00:00,Executive Lounge,Remy Martin XO Cognac,12794.0,0.0,70.2,12723.8
TXN-14763,2024-03-23 23:15:00,Executive Lounge,Remy Martin XO Cognac,12723.8,0.0,47.4,12676.4
TXN-14764,2024-03-24 21:45:00,Executive Lounge,Remy Martin XO Cognac,12676.4,0.0,54.3,12622.1
TXN-14765,2024-03-25 21:15:00,Executive Lounge,Remy Martin XO Cognac,12622.1,0.0,115.4,12506.7
TXN-14766,2024-03-26 22:00:00,Executive Lounge,Remy Martin XO Cognac,12506.7,0.0,20.2,12486.5
TXN-14767,2024-03-27 21:15:00,Executive Lounge,Remy Martin XO Cognac,12486.5,0.0,15.7,12470.8
TXN-14768,2024-03-28 18:15:00,Executive Lounge,Remy Martin XO Cognac,12470.8,0.0,0.0,12470.8
TXN-14769,2024-03-29 20:45:00,Executive Lounge,Remy Martin XO Cognac,12470.8,0.0,118.9,12351.9
TXN-14770,2024-03-30 22:30:00,Executive Lounge,Remy Martin XO Cognac,12351.9,0.0,100.0,12251.9
TXN-14771,2024-03-31 23:45:00,Executive Lounge,Remy Martin XO Cognac,12251.9,0.0,0.0,12251.9
TXN-14772,2024-04-01 18:15:00,Executive Lounge,Remy Martin XO Cognac,12251.9,0.0,72.6,12179.3
TXN-14773,2024-04-02 19:00:00,Executive Lounge,Remy Martin XO Cognac,12179.3,0.0,0.0,12179.3
TXN-14774,2024-04-03 21:00:00,Executive Lounge,Remy Martin XO Cognac,12179.3,0.0,0.0,12179.3
TXN-14775,2024-04-04 19:45:00,Executive Lounge,Remy Martin XO Cognac,12179.3,0.0,124.8,12054.5
TXN-14776,2024-04-05 22:45:00,Executive Lounge,Remy Martin XO Cognac,12054.5,0.0,14.5,12040.0
TXN-14777,2024-04-06 19:30:00,Executive Lounge,Remy Martin XO Cognac,12040.0,0.0,28.6,12011.4
TXN-14778,2024-04-07 18:00:00,Executive Lounge,Remy Martin XO Cognac,12011.4,0.0,0.0,12011.4
TXN-14779,2024-04-08 22:15:00,Executive Lounge,Remy Martin XO Cognac,12011.4,0.0,0.0,12011.4
TXN-14780,2024-04-09 23:00:00,Executive Lounge,Remy Martin XO Cognac,12011.4,0.0,0.0,12011.4
TXN-14781,2024-04-10 21:00:00,Executive Lounge,Remy Martin XO Cognac,12011.4,0.0,130.6,11880.8
TXN-14782,2024-04-11 23:00:00,Executive Lounge,Remy Martin XO Cognac,11880.8,0.0,0.0,11880.8
TXN-14783,2024-04-12 19:00:00,Executive Lounge,Remy Martin XO Cognac,11880.8,0.0,91.4,11789.4
TXN-14784,2024-04-13 21:15:00,Executive Lounge,Remy Martin XO Cognac,11789.4,0.0,109.3,11680.1
TXN-14785,2024-04-14 18:30:00,Executive Lounge,Remy Martin XO Cognac,11680.1,0.0,100.9,11579.2
TXN-14786,2024-04-15 18:30:00,Executive Lounge,Remy Martin XO Cognac,11579.2,0.0,0.9,11578.3
TXN-14787,2024-04-16 20:15:00,Executive Lounge,Remy Martin XO Cognac,11578.3,0.0,38.7,11539.6
TXN-14788,2024-04-17 21:15:00,Executive Lounge,Remy Martin XO Cognac,11539.6,0.0,45.3,11494.3
TXN-14789,2024-04-18 19:15:00,Executive Lounge,Remy Martin XO Cognac,11494.3,0.0,35.1,11459.2
TXN-14790,2024-04-19 20:45:00,Executive Lounge,Remy Martin XO Cognac,11459.2,0.0,0.0,11459.2
TXN-14791,2024-04-20 23:30:00,Executive Lounge,Remy Martin XO Cognac,11459.2,0.0,74.6,11384.6
TXN-14792,2024-04-21 22:00:00,Executive Lounge,Remy Martin XO Cognac,11384.6,0.0,0.0,11374.6
TXN-14793,2024-04-22 23:15:00,Executive Lounge,Remy Martin XO Cognac,11384.6,0.0,0.0,11384.6
TXN-14794,2024-04-23 22:45:00,Executive Lounge,Remy Martin XO Cognac,11384.6,0.0,19.3,11365.3
TXN-14795,2024-04-24 22:00:00,Executive Lounge,Remy Martin XO Cognac,11365.3,0.0,0.0,11365.3
TXN-14796,2024-04-25 19:00:00,Executive Lounge,Remy Martin XO Cognac,11365.3,0.0,17.2,11348.1
TXN-14797,2024-04-26 20:00:00,Executive Lounge,Remy Martin XO Cognac,11348.1,0.0,103.7,11244.4
TXN-14798,2024-04-27 22:15:00,Executive Lounge,Remy Martin XO Cognac,11244.4,0.0,74.5,11169.9
TXN-14799,2024-04-28 20:30:00,Executive Lounge,Remy Martin XO Cognac,11169.9,0.0,0.0,11169.9
TXN-14800,2024-04-29 20:45:00,Executive Lounge,Remy Martin XO Cognac,11169.9,0.0,0.0,11169.9
TXN-14801,2024-04-30 21:30:00,Executive Lounge,Remy Martin XO Cognac,11169.9,0.0,0.0,11169.9
TXN-14802,2024-05-01 22:45:00,Executive Lounge,Remy Martin XO Cognac,11169.9,0.0,0.0,11169.9
TXN-14803,2024-05-02 23:00:00,Executive Lounge,Remy Martin XO Cognac,11169.9,0.0,0.0,11169.9
TXN-14804,2024-05-03 20:30:00,Executive Lounge,Remy Martin XO Cognac,11169.9,0.0,67.7,11102.2
TXN-14805,2024-05-04 20:15:00,Executive Lounge,Remy Martin XO Cognac,11102.2,0.0,67.0,11035.2
TXN-14806,2024-05-05 23:00:00,Executive Lounge,Remy Martin XO Cognac,11035.2,0.0,0.0,11055.2
TXN-14807,2024-05-06 18:45:00,Executive Lounge,Remy Martin XO Cognac,11035.2,0.0,76.8,10958.4
TXN-14808,2024-05-07 23:45:00,Executive Lounge,Remy Martin XO Cognac,10958.4,0.0,101.1,10857.3
TXN-14809,2024-05-08 20:45:00,Executive Lounge,Remy Martin XO Cognac,10857.3,0.0,0.0,10847.3
TXN-14810,2024-05-09 20:30:00,Executive Lounge,Remy Martin XO Cognac,10857.3,0.0,0.0,10857.3
TXN-14811,2024-05-10 21:30:00,Executive Lounge,Remy Martin XO Cognac,10857.3,0.0,51.2,10806.1
TXN-14812,2024-05-11 22:45:00,Executive Lounge,Remy Martin XO Cognac,10806.1,0.0,76.4,10729.7
TXN-14813,2024-05-12 19:00:00,Executive Lounge,Remy Martin XO Cognac,10729.7,0.0,0.0,10729.7
TXN-14814,2024-05-13 21:45:00,Executive Lounge,Remy Martin XO Cognac,10729.7,0.0,118.5,10611.2
TXN-14815,2024-05-14 23:00:00,Executive Lounge,Remy Martin XO Cognac,10611.2,0.0,0.0,10611.2
TXN-14816,2024-05-15 19:00:00,Executive Lounge,Remy Martin XO Cognac,10611.2,0.0,77.4,10533.8
TXN-14817,2024-05-16 20:30:00,Executive Lounge,Remy Martin XO Cognac,10533.8,0.0,72.1,10461.7
TXN-14818,2024-05-17 19:30:00,Executive Lounge,Remy Martin XO Cognac,10461.7,0.0,42.7,10419.0
TXN-14819,2024-05-18 21:45:00,Executive Lounge,Remy Martin XO Cognac,10419.0,0.0,89.0,10330.0
TXN-14820,2024-05-19 19:45:00,Executive Lounge,Remy Martin XO Cognac,10330.0,0.0,95.0,10235.0
TXN-14821,2024-05-20 19:00:00,Executive Lounge,Remy Martin XO Cognac,10235.0,0.0,67.1,10167.9
TXN-14822,2024-05-21 22:30:00,Executive Lounge,Remy Martin XO Cognac,10167.9,0.0,0.0,10167.9
TXN-14823,2024-05-22 20:00:00,Executive Lounge,Remy Martin XO Cognac,10167.9,0.0,22.2,10145.7
TXN-14824,2024-05-23 20:15:00,Executive Lounge,Remy Martin XO Cognac,10145.7,0.0,0.0,10145.7
TXN-14825,2024-05-24 19:30:00,Executive Lounge,Remy Martin XO Cognac,10145.7,0.0,10.5,10135.2
TXN-14826,2024-05-25 20:30:00,Executive Lounge,Remy Martin XO Cognac,10135.2,0.0,90.8,10044.4
TXN-14827,2024-05-26 23:15:00,Executive Lounge,Remy Martin XO Cognac,10044.4,0.0,72.7,9971.7
TXN-14828,2024-05-27 18:45:00,Executive Lounge,Remy Martin XO Cognac,9971.7,0.0,17.2,9954.5
TXN-14829,2024-05-28 21:45:00,Executive Lounge,Remy Martin XO Cognac,9954.5,0.0,47.4,9907.1
TXN-14830,2024-05-29 22:30:00,Executive Lounge,Remy Martin XO Cognac,9907.1,0.0,0.0,9907.1
TXN-14831,2024-05-30 20:45:00,Executive Lounge,Remy Martin XO Cognac,9907.1,0.0,53.4,9853.7
TXN-14832,2024-05-31 19:15:00,Executive Lounge,Remy Martin XO Cognac,9853.7,0.0,59.7,9794.0
TXN-14833,2024-06-01 22:00:00,Executive Lounge,Remy Martin XO Cognac,9794.0,0.0,59.2,9734.8
TXN-14834,2024-06-02 18:45:00,Executive Lounge,Remy Martin XO Cognac,9734.8,0.0,0.0,9734.8
TXN-14835,2024-06-03 21:15:00,Executive Lounge,Remy Martin XO Cognac,9734.8,0.0,0.0,9734.8
TXN-14836,2024-06-04 23:45:00,Executive Lounge,Remy Martin XO Cognac,9734.8,0.0,8.1,9726.7
TXN-14837,2024-06-05 22:45:00,Executive Lounge,Remy Martin XO Cognac,9726.7,0.0,39.2,9687.5
TXN-14838,2024-06-06 19:00:00,Executive Lounge,Remy Martin XO Cognac,9687.5,0.0,85.2,9602.3
TXN-14839,2024-06-07 21:30:00,Executive Lounge,Remy Martin XO Cognac,9602.3,0.0,66.6,9535.7
TXN-14840,2024-06-08 21:15:00,Executive Lounge,Remy Martin XO Cognac,9535.7,0.0,45.9,9489.8
TXN-14841,2024-06-09 23:45:00,Executive Lounge,Remy Martin XO Cognac,9489.8,0.0,0.0,9489.8
TXN-14842,2024-06-10 23:45:00,Executive Lounge,Remy Martin XO Cognac,9489.8,0.0,0.0,9489.8
TXN-14843,2024-06-11 18:15:00,Executive Lounge,Remy Martin XO Cognac,9489.8,0.0,66.1,9423.7
TXN-14844,2024-06-12 20:15:00,Executive Lounge,Remy Martin XO Cognac,9423.7,0.0,77.9,9345.8
TXN-14845,2024-06-13 23:00:00,Executive Lounge,Remy Martin XO Cognac,9345.8,0.0,47.6,9298.2
TXN-14846,2024-06-14 20:15:00,Executive Lounge,Remy Martin XO Cognac,9298.2,0.0,81.0,9217.2
TXN-14847,2024-06-15 22:45:00,Executive Lounge,Remy Martin XO Cognac,9217.2,0.0,29.6,9187.6
TXN-14848,2024-06-16 23:30:00,Executive Lounge,Remy Martin XO Cognac,9187.6,0.0,0.0,9187.6
TXN-14849,2024-06-17 18:30:00,Executive Lounge,Remy Martin XO Cognac,9187.6,0.0,0.0,9187.6
TXN-14850,2024-06-18 23:00:00,Executive Lounge,Remy Martin XO Cognac,9187.6,0.0,58.6,9129.0
TXN-14851,2024-06-19 22:15:00,Executive Lounge,Remy Martin XO Cognac,9129.0,0.0,0.0,9129.0
TXN-14852,2024-06-20 20:00:00,Executive Lounge,Remy Martin XO Cognac,9129.0,0.0,0.0,9129.0
TXN-14853,2024-06-21 19:00:00,Executive Lounge,Remy Martin XO Cognac,9129.0,0.0,156.5,8972.5
TXN-14854,2024-06-22 20:00:00,Executive Lounge,Remy Martin XO Cognac,8972.5,0.0,74.3,8898.2
TXN-14855,2024-06-23 20:00:00,Executive Lounge,Remy Martin XO Cognac,8898.2,0.0,63.5,8834.7
TXN-14856,2024-06-24 18:15:00,Executive Lounge,Remy Martin XO Cognac,8834.7,0.0,0.0,8834.7
TXN-14857,2024-06-25 20:45:00,Executive Lounge,Remy Martin XO Cognac,8834.7,0.0,0.0,8834.7
TXN-14858,2024-06-26 21:15:00,Executive Lounge,Remy Martin XO Cognac,8834.7,0.0,0.0,8834.7
TXN-14859,2024-06-27 19:00:00,Executive Lounge,Remy Martin XO Cognac,8834.7,0.0,64.1,8770.6
TXN-14860,2024-06-28 23:45:00,Executive Lounge,Remy Martin XO Cognac,8770.6,0.0,93.2,8677.4
TXN-14861,2024-01-01 21:30:00,Executive Lounge,Chartreuse Herbal Liqueur,6300.0,0.0,53.5,6246.5
TXN-14862,2024-01-02 18:30:00,Executive Lounge,Chartreuse Herbal Liqueur,6246.5,0.0,30.1,6216.4
TXN-14863,2024-01-03 18:30:00,Executive Lounge,Chartreuse Herbal Liqueur,6216.4,0.0,0.0,6216.4
TXN-14864,2024-01-04 19:00:00,Executive Lounge,Chartreuse Herbal Liqueur,6216.4,0.0,0.0,6216.4
TXN-14865,2024-01-05 18:15:00,Executive Lounge,Chartreuse Herbal Liqueur,6216.4,0.0,9.3,6207.1
TXN-14866,2024-01-06 21:15:00,Executive Lounge,Chartreuse Herbal Liqueur,6207.1,0.0,35.6,6171.5
TXN-14867,2024-01-07 20:45:00,Executive Lounge,Chartreuse Herbal Liqueur,6171.5,0.0,29.0,6142.5
TXN-14868,2024-01-08 23:30:00,Executive Lounge,Chartreuse Herbal Liqueur,6142.5,0.0,39.2,6103.3
TXN-14869,2024-01-09 20:15:00,Executive Lounge,Chartreuse Herbal Liqueur,6103.3,0.0,69.3,6034.0
TXN-14870,2024-01-10 21:15:00,Executive Lounge,Chartreuse Herbal Liqueur,6034.0,0.0,0.0,6034.0
TXN-14871,2024-01-11 22:45:00,Executive Lounge,Chartreuse Herbal Liqueur,6034.0,0.0,0.0,6034.0
TXN-14872,2024-01-12 21:15:00,Executive Lounge,Chartreuse Herbal Liqueur,6034.0,0.0,5.1,6028.9
TXN-14873,2024-01-13 18:15:00,Executive Lounge,Chartreuse Herbal Liqueur,6028.9,0.0,23.4,6005.5
TXN-14874,2024-01-14 18:00:00,Executive Lounge,Chartreuse Herbal Liqueur,6005.5,0.0,0.0,6005.5
TXN-14875,2024-01-15 19:00:00,Executive Lounge,Chartreuse Herbal Liqueur,6005.5,0.0,10.2,5995.3
TXN-14876,2024-01-16 23:30:00,Executive Lounge,Chartreuse Herbal Liqueur,5995.3,0.0,0.0,5995.3
TXN-14877,2024-01-17 19:45:00,Executive Lounge,Chartreuse Herbal Liqueur,5995.3,0.0,18.9,5976.4
TXN-14878,2024-01-18 19:45:00,Executive Lounge,Chartreuse Herbal Liqueur,5976.4,0.0,0.0,5976.4
TXN-14879,2024-01-19 18:45:00,Executive Lounge,Chartreuse Herbal Liqueur,5976.4,0.0,36.9,5939.5
TXN-14880,2024-01-20 22:45:00,Executive Lounge,Chartreuse Herbal Liqueur,5939.5,0.0,10.3,5929.2
TXN-14881,2024-01-21 22:00:00,Executive Lounge,Chartreuse Herbal Liqueur,5929.2,0.0,23.4,5905.8
TXN-14882,2024-01-22 23:15:00,Executive Lounge,Chartreuse Herbal Liqueur,5905.8,0.0,0.0,5905.8
TXN-14883,2024-01-23 18:45:00,Executive Lounge,Chartreuse Herbal Liqueur,5905.8,0.0,0.0,5905.8
TXN-14884,2024-01-24 20:00:00,Executive Lounge,Chartreuse Herbal Liqueur,5905.8,0.0,0.0,5905.8
TXN-14885,2024-01-25 23:00:00,Executive Lounge,Chartreuse Herbal Liqueur,5905.8,0.0,0.0,5905.8
TXN-14886,2024-01-26 23:45:00,Executive Lounge,Chartreuse Herbal Liqueur,5905.8,0.0,21.4,5884.4
TXN-14887,2024-01-27 20:15:00,Executive Lounge,Chartreuse Herbal Liqueur,5884.4,0.0,0.2,5884.2
TXN-14888,2024-01-28 22:15:00,Executive Lounge,Chartreuse Herbal Liqueur,5884.2,0.0,4.6,5879.6
TXN-14889,2024-01-29 18:00:00,Executive Lounge,Chartreuse Herbal Liqueur,5879.6,0.0,37.3,5842.3
TXN-14890,2024-01-30 23:00:00,Executive Lounge,Chartreuse Herbal Liqueur,5842.3,0.0,0.0,5842.3
TXN-14891,2024-01-31 21:15:00,Executive Lounge,Chartreuse Herbal Liqueur,5842.3,0.0,44.3,5798.0
TXN-14892,2024-02-01 23:45:00,Executive Lounge,Chartreuse Herbal Liqueur,5798.0,0.0,0.0,5798.0
TXN-14893,2024-02-02 19:30:00,Executive Lounge,Chartreuse Herbal Liqueur,5798.0,0.0,38.5,5759.5
TXN-14894,2024-02-03 23:00:00,Executive Lounge,Chartreuse Herbal Liqueur,5759.5,0.0,0.0,5759.5
TXN-14895,2024-02-04 19:45:00,Executive Lounge,Chartreuse Herbal Liqueur,5759.5,0.0,0.0,5759.5
TXN-14896,2024-02-05 23:15:00,Executive Lounge,Chartreuse Herbal Liqueur,5759.5,0.0,0.0,5759.5
TXN-14897,2024-02-06 23:45:00,Executive Lounge,Chartreuse Herbal Liqueur,5759.5,0.0,9.8,5749.7
TXN-14898,2024-02-07 22:45:00,Executive Lounge,Chartreuse Herbal Liqueur,5749.7,0.0,42.0,5707.7
TXN-14899,2024-02-08 21:15:00,Executive Lounge,Chartreuse Herbal Liqueur,5707.7,0.0,46.8,5660.9
TXN-14900,2024-02-09 23:45:00,Executive Lounge,Chartreuse Herbal Liqueur,5660.9,0.0,37.6,5623.3
TXN-14901,2024-02-10 18:30:00,Executive Lounge,Chartreuse Herbal Liqueur,5623.3,0.0,27.4,5595.9
TXN-14902,2024-02-11 19:00:00,Executive Lounge,Chartreuse Herbal Liqueur,5595.9,0.0,39.2,5556.7
TXN-14903,2024-02-12 21:00:00,Executive Lounge,Chartreuse Herbal Liqueur,5556.7,0.0,14.1,5542.6
TXN-14904,2024-02-13 20:00:00,Executive Lounge,Chartreuse Herbal Liqueur,5542.6,0.0,0.0,5542.6
TXN-14905,2024-02-14 21:00:00,Executive Lounge,Chartreuse Herbal Liqueur,5542.6,0.0,0.0,5542.6
TXN-14906,2024-02-15 22:15:00,Executive Lounge,Chartreuse Herbal Liqueur,5542.6,0.0,0.0,5542.6
TXN-14907,2024-02-16 18:30:00,Executive Lounge,Chartreuse Herbal Liqueur,5542.6,0.0,56.6,5486.0
TXN-14908,2024-02-17 19:30:00,Executive Lounge,Chartreuse Herbal Liqueur,5486.0,0.0,51.1,5434.9
TXN-14909,2024-02-18 19:00:00,Executive Lounge,Chartreuse Herbal Liqueur,5434.9,0.0,0.0,5434.9
TXN-14910,2024-02-19 19:45:00,Executive Lounge,Chartreuse Herbal Liqueur,5434.9,0.0,0.0,5434.9
TXN-14911,2024-02-20 22:15:00,Executive Lounge,Chartreuse Herbal Liqueur,5434.9,0.0,32.6,5402.3
TXN-14912,2024-02-21 21:00:00,Executive Lounge,Chartreuse Herbal Liqueur,5402.3,0.0,0.0,5402.3
TXN-14913,2024-02-22 21:30:00,Executive Lounge,Chartreuse Herbal Liqueur,5402.3,0.0,38.4,5363.9
TXN-14914,2024-02-23 19:15:00,Executive Lounge,Chartreuse Herbal Liqueur,5363.9,0.0,14.6,5349.3
TXN-14915,2024-02-24 19:45:00,Executive Lounge,Chartreuse Herbal Liqueur,5349.3,0.0,42.2,5307.1
TXN-14916,2024-02-25 22:30:00,Executive Lounge,Chartreuse Herbal Liqueur,5307.1,0.0,0.0,5307.1
TXN-14917,2024-02-26 21:30:00,Executive Lounge,Chartreuse Herbal Liqueur,5307.1,0.0,0.0,5307.1
TXN-14918,2024-02-27 23:45:00,Executive Lounge,Chartreuse Herbal Liqueur,5307.1,0.0,38.9,5268.2
TXN-14919,2024-02-28 22:15:00,Executive Lounge,Chartreuse Herbal Liqueur,5268.2,0.0,0.0,5268.2
TXN-14920,2024-02-29 21:45:00,Executive Lounge,Chartreuse Herbal Liqueur,5268.2,0.0,0.0,5268.2
TXN-14921,2024-03-01 23:15:00,Executive Lounge,Chartreuse Herbal Liqueur,5268.2,0.0,33.8,5234.4
TXN-14922,2024-03-02 18:45:00,Executive Lounge,Chartreuse Herbal Liqueur,5234.4,0.0,34.2,5200.2
TXN-14923,2024-03-03 19:00:00,Executive Lounge,Chartreuse Herbal Liqueur,5200.2,0.0,0.0,5200.2
TXN-14924,2024-03-04 21:30:00,Executive Lounge,Chartreuse Herbal Liqueur,5200.2,0.0,0.0,5200.2
TXN-14925,2024-03-05 22:15:00,Executive Lounge,Chartreuse Herbal Liqueur,5200.2,0.0,27.0,5173.2
TXN-14926,2024-03-06 23:15:00,Executive Lounge,Chartreuse Herbal Liqueur,5173.2,0.0,20.3,5152.9
TXN-14927,2024-03-07 22:15:00,Executive Lounge,Chartreuse Herbal Liqueur,5152.9,0.0,32.1,5120.8
TXN-14928,2024-03-08 18:45:00,Executive Lounge,Chartreuse Herbal Liqueur,5120.8,0.0,27.0,5093.8
TXN-14929,2024-03-09 22:15:00,Executive Lounge,Chartreuse Herbal Liqueur,5093.8,0.0,37.2,5056.6
TXN-14930,2024-03-10 22:30:00,Executive Lounge,Chartreuse Herbal Liqueur,5056.6,0.0,32.5,5024.1
TXN-14931,2024-03-11 19:15:00,Executive Lounge,Chartreuse Herbal Liqueur,5024.1,0.0,0.0,5024.1
TXN-14932,2024-03-12 20:15:00,Executive Lounge,Chartreuse Herbal Liqueur,5024.1,0.0,0.0,5024.1
TXN-14933,2024-03-13 19:45:00,Executive Lounge,Chartreuse Herbal Liqueur,5024.1,0.0,19.7,5004.4
TXN-14934,2024-03-14 20:45:00,Executive Lounge,Chartreuse Herbal Liqueur,5004.4,0.0,0.0,5004.4
TXN-14935,2024-03-15 20:00:00,Executive Lounge,Chartreuse Herbal Liqueur,5004.4,0.0,20.8,4983.6
TXN-14936,2024-03-16 18:00:00,Executive Lounge,Chartreuse Herbal Liqueur,4983.6,0.0,58.1,4925.5
TXN-14937,2024-03-17 23:15:00,Executive Lounge,Chartreuse Herbal Liqueur,4925.5,0.0,8.4,4917.1
TXN-14938,2024-03-18 22:45:00,Executive Lounge,Chartreuse Herbal Liqueur,4917.1,0.0,24.0,4893.1
TXN-14939,2024-03-19 18:45:00,Executive Lounge,Chartreuse Herbal Liqueur,4893.1,0.0,36.6,4856.5
TXN-14940,2024-03-20 21:45:00,Executive Lounge,Chartreuse Herbal Liqueur,4856.5,0.0,60.5,4796.0
TXN-14941,2024-03-21 20:30:00,Executive Lounge,Chartreuse Herbal Liqueur,4796.0,0.0,0.0,4796.0
TXN-14942,2024-03-22 20:00:00,Executive Lounge,Chartreuse Herbal Liqueur,4796.0,0.0,40.2,4755.8
TXN-14943,2024-03-23 19:45:00,Executive Lounge,Chartreuse Herbal Liqueur,4755.8,0.0,35.3,4720.5
TXN-14944,2024-03-24 21:45:00,Executive Lounge,Chartreuse Herbal Liqueur,4720.5,0.0,42.7,4677.8
TXN-14945,2024-03-25 18:15:00,Executive Lounge,Chartreuse Herbal Liqueur,4677.8,0.0,0.0,4677.8
TXN-14946,2024-03-26 21:15:00,Executive Lounge,Chartreuse Herbal Liqueur,4677.8,0.0,30.9,4646.9
TXN-14947,2024-03-27 21:15:00,Executive Lounge,Chartreuse Herbal Liqueur,4646.9,0.0,35.9,4611.0
TXN-14948,2024-03-28 22:30:00,Executive Lounge,Chartreuse Herbal Liqueur,4611.0,0.0,0.0,4611.0
TXN-14949,2024-03-29 20:45:00,Executive Lounge,Chartreuse Herbal Liqueur,4611.0,0.0,28.6,4582.4
TXN-14950,2024-03-30 19:30:00,Executive Lounge,Chartreuse Herbal Liqueur,4582.4,0.0,76.5,4505.9
TXN-14951,2024-03-31 20:15:00,Executive Lounge,Chartreuse Herbal Liqueur,4505.9,0.0,62.6,4443.3
TXN-14952,2024-04-01 20:45:00,Executive Lounge,Chartreuse Herbal Liqueur,4443.3,0.0,0.0,4443.3
TXN-14953,2024-04-02 18:45:00,Executive Lounge,Chartreuse Herbal Liqueur,4443.3,0.0,17.5,4425.8
TXN-14954,2024-04-03 22:30:00,Executive Lounge,Chartreuse Herbal Liqueur,4425.8,0.0,0.0,4425.8
TXN-14955,2024-04-04 21:00:00,Executive Lounge,Chartreuse Herbal Liqueur,4425.8,0.0,38.8,4387.0
TXN-14956,2024-04-05 18:30:00,Executive Lounge,Chartreuse Herbal Liqueur,4387.0,0.0,57.9,4329.1
TXN-14957,2024-04-06 21:15:00,Executive Lounge,Chartreuse Herbal Liqueur,4329.1,0.0,23.4,4305.7
TXN-14958,2024-04-07 21:45:00,Executive Lounge,Chartreuse Herbal Liqueur,4305.7,0.0,62.6,4243.1
TXN-14959,2024-04-08 20:00:00,Executive Lounge,Chartreuse Herbal Liqueur,4243.1,0.0,45.2,4197.9
TXN-14960,2024-04-09 23:45:00,Executive Lounge,Chartreuse Herbal Liqueur,4197.9,0.0,52.3,4145.6
TXN-14961,2024-04-10 22:00:00,Executive Lounge,Chartreuse Herbal Liqueur,4145.6,0.0,37.1,4108.5
TXN-14962,2024-04-11 22:00:00,Executive Lounge,Chartreuse Herbal Liqueur,4108.5,0.0,0.0,4108.5
TXN-14963,2024-04-12 23:00:00,Executive Lounge,Chartreuse Herbal Liqueur,4108.5,0.0,0.0,4108.5
TXN-14964,2024-04-13 19:45:00,Executive Lounge,Chartreuse Herbal Liqueur,4108.5,0.0,61.1,4047.4
TXN-14965,2024-04-14 23:45:00,Executive Lounge,Chartreuse Herbal Liqueur,4047.4,0.0,0.0,4047.4
TXN-14966,2024-04-15 20:00:00,Executive Lounge,Chartreuse Herbal Liqueur,4047.4,0.0,41.3,4006.1
TXN-14967,2024-04-16 22:00:00,Executive Lounge,Chartreuse Herbal Liqueur,4006.1,0.0,17.9,3988.2
TXN-14968,2024-04-17 18:30:00,Executive Lounge,Chartreuse Herbal Liqueur,3988.2,0.0,48.6,3939.6
TXN-14969,2024-04-18 20:00:00,Executive Lounge,Chartreuse Herbal Liqueur,3939.6,0.0,0.0,3939.6
TXN-14970,2024-04-19 20:45:00,Executive Lounge,Chartreuse Herbal Liqueur,3939.6,0.0,64.4,3875.2
TXN-14971,2024-04-20 23:15:00,Executive Lounge,Chartreuse Herbal Liqueur,3875.2,0.0,41.6,3833.6
TXN-14972,2024-04-21 18:30:00,Executive Lounge,Chartreuse Herbal Liqueur,3833.6,0.0,63.9,3769.7
TXN-14973,2024-04-22 19:30:00,Executive Lounge,Chartreuse Herbal Liqueur,3769.7,0.0,13.7,3756.0
TXN-14974,2024-04-23 19:45:00,Executive Lounge,Chartreuse Herbal Liqueur,3756.0,0.0,10.4,3745.6
TXN-14975,2024-04-24 19:15:00,Executive Lounge,Chartreuse Herbal Liqueur,3745.6,0.0,0.0,3745.6
TXN-14976,2024-04-25 18:45:00,Executive Lounge,Chartreuse Herbal Liqueur,3745.6,0.0,13.2,3732.4
TXN-14977,2024-04-26 22:00:00,Executive Lounge,Chartreuse Herbal Liqueur,3732.4,0.0,34.4,3698.0
TXN-14978,2024-04-27 23:45:00,Executive Lounge,Chartreuse Herbal Liqueur,3698.0,0.0,44.3,3653.7
TXN-14979,2024-04-28 21:15:00,Executive Lounge,Chartreuse Herbal Liqueur,3653.7,0.0,32.3,3621.4
TXN-14980,2024-04-29 20:15:00,Executive Lounge,Chartreuse Herbal Liqueur,3621.4,0.0,0.0,3621.4
TXN-14981,2024-04-30 21:00:00,Executive Lounge,Chartreuse Herbal Liqueur,3621.4,0.0,0.0,3621.4
TXN-14982,2024-05-01 21:45:00,Executive Lounge,Chartreuse Herbal Liqueur,3621.4,0.0,0.0,3621.4
TXN-14983,2024-05-02 20:15:00,Executive Lounge,Chartreuse Herbal Liqueur,3621.4,0.0,0.0,3621.4
TXN-14984,2024-05-03 22:45:00,Executive Lounge,Chartreuse Herbal Liqueur,3621.4,0.0,41.9,3579.5
TXN-14985,2024-05-04 19:15:00,Executive Lounge,Chartreuse Herbal Liqueur,3579.5,0.0,4.6,3574.9
TXN-14986,2024-05-05 18:45:00,Executive Lounge,Chartreuse Herbal Liqueur,3574.9,0.0,25.7,3549.2
TXN-14987,2024-05-06 19:15:00,Executive Lounge,Chartreuse Herbal Liqueur,3549.2,0.0,0.0,3549.2
TXN-14988,2024-05-07 23:15:00,Executive Lounge,Chartreuse Herbal Liqueur,3549.2,0.0,28.5,3520.7
TXN-14989,2024-05-08 19:30:00,Executive Lounge,Chartreuse Herbal Liqueur,3520.7,0.0,32.4,3488.3
TXN-14990,2024-05-09 22:00:00,Executive Lounge,Chartreuse Herbal Liqueur,3488.3,0.0,42.8,3445.5
TXN-14991,2024-05-10 19:00:00,Executive Lounge,Chartreuse Herbal Liqueur,3445.5,0.0,15.1,3430.4
TXN-14992,2024-05-11 19:15:00,Executive Lounge,Chartreuse Herbal Liqueur,3430.4,0.0,14.1,3416.3
TXN-14993,2024-05-12 23:15:00,Executive Lounge,Chartreuse Herbal Liqueur,3416.3,0.0,0.0,3416.3
TXN-14994,2024-05-13 20:00:00,Executive Lounge,Chartreuse Herbal Liqueur,3416.3,0.0,66.6,3349.7
TXN-14995,2024-05-14 20:15:00,Executive Lounge,Chartreuse Herbal Liqueur,3349.7,0.0,46.6,3303.1
TXN-14996,2024-05-15 21:30:00,Executive Lounge,Chartreuse Herbal Liqueur,3303.1,0.0,45.0,3258.1
TXN-14997,2024-05-16 19:00:00,Executive Lounge,Chartreuse Herbal Liqueur,3258.1,0.0,15.0,3243.1
TXN-14998,2024-05-17 23:00:00,Executive Lounge,Chartreuse Herbal Liqueur,3243.1,0.0,63.7,3179.4
TXN-14999,2024-05-18 23:45:00,Executive Lounge,Chartreuse Herbal Liqueur,3179.4,0.0,37.1,3142.3
TXN-15000,2024-05-19 20:15:00,Executive Lounge,Chartreuse Herbal Liqueur,3142.3,0.0,0.0,3142.3
TXN-15001,2024-05-20 23:00:00,Executive Lounge,Chartreuse Herbal Liqueur,3142.3,0.0,54.4,3087.9
TXN-15002,2024-05-21 22:00:00,Executive Lounge,Chartreuse Herbal Liqueur,3087.9,0.0,4.6,3083.3
TXN-15003,2024-05-22 21:45:00,Executive Lounge,Chartreuse Herbal Liqueur,3083.3,0.0,0.0,3083.3
TXN-15004,2024-05-23 20:45:00,Executive Lounge,Chartreuse Herbal Liqueur,3083.3,0.0,83.8,2999.5
TXN-15005,2024-05-24 18:30:00,Executive Lounge,Chartreuse Herbal Liqueur,2999.5,0.0,19.4,2980.1
TXN-15006,2024-05-25 18:00:00,Executive Lounge,Chartreuse Herbal Liqueur,2980.1,0.0,55.4,2924.7
TXN-15007,2024-05-26 22:15:00,Executive Lounge,Chartreuse Herbal Liqueur,2924.7,0.0,0.0,2924.7
TXN-15008,2024-05-27 23:00:00,Executive Lounge,Chartreuse Herbal Liqueur,2924.7,0.0,55.2,2869.5
TXN-15009,2024-05-28 19:00:00,Executive Lounge,Chartreuse Herbal Liqueur,2869.5,0.0,0.0,2869.5
TXN-15010,2024-05-29 20:30:00,Executive Lounge,Chartreuse Herbal Liqueur,2869.5,0.0,0.0,2869.5
TXN-15011,2024-05-30 22:30:00,Executive Lounge,Chartreuse Herbal Liqueur,2869.5,0.0,46.5,2823.0
TXN-15012,2024-05-31 21:00:00,Executive Lounge,Chartreuse Herbal Liqueur,2823.0,0.0,63.7,2759.3
TXN-15013,2024-06-01 22:30:00,Executive Lounge,Chartreuse Herbal Liqueur,2759.3,0.0,44.9,2714.4
TXN-15014,2024-06-02 21:45:00,Executive Lounge,Chartreuse Herbal Liqueur,2714.4,0.0,22.3,2692.1
TXN-15015,2024-06-03 21:15:00,Executive Lounge,Chartreuse Herbal Liqueur,2692.1,0.0,0.0,2692.1
TXN-15016,2024-06-04 21:30:00,Executive Lounge,Chartreuse Herbal Liqueur,2692.1,0.0,0.0,2692.1
TXN-15017,2024-06-05 20:30:00,Executive Lounge,Chartreuse Herbal Liqueur,2692.1,0.0,0.0,2692.1
TXN-15018,2024-06-06 20:00:00,Executive Lounge,Chartreuse Herbal Liqueur,2692.1,0.0,0.0,2692.1
TXN-15019,2024-06-07 18:00:00,Executive Lounge,Chartreuse Herbal Liqueur,2692.1,0.0,19.7,2672.4
TXN-15020,2024-06-08 19:45:00,Executive Lounge,Chartreuse Herbal Liqueur,2672.4,0.0,19.9,2652.5
TXN-15021,2024-06-09 21:30:00,Executive Lounge,Chartreuse Herbal Liqueur,2652.5,0.0,42.7,2609.8
TXN-15022,2024-06-10 20:00:00,Executive Lounge,Chartreuse Herbal Liqueur,2609.8,0.0,0.0,2609.8
TXN-15023,2024-06-11 18:00:00,Executive Lounge,Chartreuse Herbal Liqueur,2609.8,0.0,68.6,2541.2
TXN-15024,2024-06-12 19:45:00,Executive Lounge,Chartreuse Herbal Liqueur,2541.2,0.0,37.7,2503.5
TXN-15025,2024-06-13 18:45:00,Executive Lounge,Chartreuse Herbal Liqueur,2503.5,0.0,14.3,2489.2
TXN-15026,2024-06-14 22:15:00,Executive Lounge,Chartreuse Herbal Liqueur,2489.2,0.0,0.0,2489.2
TXN-15027,2024-06-15 20:15:00,Executive Lounge,Chartreuse Herbal Liqueur,2489.2,0.0,29.4,2459.8
TXN-15028,2024-06-16 21:15:00,Executive Lounge,Chartreuse Herbal Liqueur,2459.8,0.0,6.7,2453.1
TXN-15029,2024-06-17 21:00:00,Executive Lounge,Chartreuse Herbal Liqueur,2453.1,0.0,52.4,2400.7
TXN-15030,2024-06-18 20:15:00,Executive Lounge,Chartreuse Herbal Liqueur,2400.7,0.0,31.5,2369.2
TXN-15031,2024-06-19 19:15:00,Executive Lounge,Chartreuse Herbal Liqueur,2369.2,0.0,45.5,2323.7
TXN-15032,2024-06-20 21:45:00,Executive Lounge,Chartreuse Herbal Liqueur,2323.7,0.0,37.6,2286.1
TXN-15033,2024-06-21 21:45:00,Executive Lounge,Chartreuse Herbal Liqueur,2286.1,0.0,69.0,2217.1
TXN-15034,2024-06-22 23:30:00,Executive Lounge,Chartreuse Herbal Liqueur,2217.1,0.0,56.7,2160.4
TXN-15035,2024-06-23 19:15:00,Executive Lounge,Chartreuse Herbal Liqueur,2160.4,0.0,48.9,2111.5
TXN-15036,2024-06-24 23:15:00,Executive Lounge,Chartreuse Herbal Liqueur,2111.5,0.0,57.6,2053.9
TXN-15037,2024-06-25 21:45:00,Executive Lounge,Chartreuse Herbal Liqueur,2053.9,0.0,37.5,2016.4
TXN-15038,2024-06-26 22:30:00,Executive Lounge,Chartreuse Herbal Liqueur,2016.4,0.0,0.0,2016.4
TXN-15039,2024-06-27 18:15:00,Executive Lounge,Chartreuse Herbal Liqueur,2016.4,0.0,21.5,1994.9
TXN-15040,2024-06-28 20:45:00,Executive Lounge,Chartreuse Herbal Liqueur,1994.9,0.0,69.9,1925.0
